aoi_name,start_date,end_date,ndvi,ndwi,s1_moisture,s1_vv_db,s1_vh_db,soil_moisture_pct,soil_moisture_7d_delta,precip_mm_7d,precip_mm_30d,forecast_precip_24h_mm,temp_max_c,river_level_m,flood_extent_km2,drought_index,data_timestamp,source,week_of_year,season,threshold_flood_score,threshold_drought_score,flood_risk_level,drought_risk_level,flood_risk_label,drought_risk_label,flood_watch_count,flood_warning_count,drought_watch_count,drought_warning_count,alert_confidence
pleven_small,2023-04-27,2023-05-27,0.548,-0.5157,0.8051,-4.8725,-12.2,31.7,4.7,9.7,34.7,0.0,25.5,,0.0,0.093,2023-05-27T23:59:59Z,Sentinel Hub Statistical API + OpenMeteo,21,spring,0.0,0.0,0,0,SAFE,SAFE,0,0,0,0,0.9
pleven_small,2023-05-27,2023-06-26,0.5428,-0.5204,0.7531,-6.1721,-12.5784,29.7,0.9,15.0,109.6,0.0,32.8,,0.0,0.053,2023-06-26T23:59:59Z,Sentinel Hub Statistical API + OpenMeteo,26,summer,0.0,0.0,0,0,SAFE,SAFE,0,0,0,0,0.9
pleven_small,2023-06-26,2023-07-26,0.4813,-0.4782,0.7518,-6.2058,-12.6376,15.9,1.9,9.2,17.4,0.0,40.0,,0.0,0.445,2023-07-26T23:59:59Z,Sentinel Hub Statistical API + OpenMeteo,30,summer,0.0,4.0,0,3,SAFE,HIGH_RISK,0,0,2,1,0.9
pleven_small,2023-07-26,2023-08-25,0.4422,-0.4562,0.7377,-6.5574,-12.7682,17.0,1.8,1.4,44.6,0.0,35.9,,0.0,0.183,2023-08-25T23:59:59Z,Sentinel Hub Statistical API + OpenMeteo,34,summer,0.0,2.0,0,2,SAFE,MODERATE_RISK,0,0,2,0,0.9
pleven_small,2023-08-25,2023-09-24,0.4266,-0.4482,0.7362,-6.5945,-12.9049,18.6,-5.7,0.5,25.8,0.0,33.9,,0.0,0.334,2023-09-24T23:59:59Z,Sentinel Hub Statistical API + OpenMeteo,38,autumn,0.0,2.0,0,2,SAFE,MODERATE_RISK,0,0,2,0,0.9
pleven_small,2023-09-24,2023-10-24,0.3848,-0.4353,0.7462,-6.3452,-12.8297,15.1,-0.1,0.0,0.2,0.0,32.2,,0.0,0.676,2023-10-24T23:59:59Z,Sentinel Hub Statistical API + OpenMeteo,43,autumn,0.0,4.0,0,3,SAFE,HIGH_RISK,0,0,2,1,0.9
pleven_small,2023-10-24,2023-11-23,0.3507,-0.4522,0.748,-6.3007,-12.9517,27.7,2.5,12.9,47.1,0.0,15.9,,0.0,0.117,2023-11-23T23:59:59Z,Sentinel Hub Statistical API + OpenMeteo,47,autumn,0.0,0.0,0,0,SAFE,SAFE,0,0,0,0,0.9
pleven_small,2023-11-23,2023-12-23,0.327,-0.4304,0.7627,-5.9323,-12.4635,35.8,-3.5,0.7,99.9,0.0,11.7,,0.0,0.055,2023-12-23T23:59:59Z,Sentinel Hub Statistical API + OpenMeteo,51,winter,0.0,0.0,0,0,SAFE,SAFE,0,0,0,0,0.9
pleven_small,2024-01-01,2024-01-31,0.2573,-0.1566,0.7661,-5.8483,-12.7268,33.5,-0.5,3.7,36.7,0.0,10.0,,0.0,0.138,2024-01-31T23:59:59Z,Sentinel Hub Statistical API + OpenMeteo,5,winter,0.0,0.0,0,0,SAFE,SAFE,0,0,0,0,0.9
pleven_small,2024-01-31,2024-03-01,0.3129,-0.4189,0.7462,-6.3441,-12.8571,32.0,5.7,12.1,30.7,0.0,20.5,,0.0,0.196,2024-03-01T23:59:59Z,Sentinel Hub Statistical API + OpenMeteo,9,spring,0.0,0.0,0,0,SAFE,SAFE,0,0,0,0,0.9
pleven_small,2024-03-01,2024-03-31,0.3402,-0.3775,0.7502,-6.2443,-12.6808,23.5,-11.5,15.0,49.3,0.0,28.0,,0.0,0.164,2024-03-31T23:59:59Z,Sentinel Hub Statistical API + OpenMeteo,13,spring,0.0,0.0,0,0,SAFE,SAFE,0,0,0,0,0.9
pleven_small,2024-03-31,2024-04-30,0.5201,-0.4942,0.7432,-6.4202,-13.0939,30.7,-6.9,10.1,52.4,0.0,21.1,,0.0,0.043,2024-04-30T23:59:59Z,Sentinel Hub Statistical API + OpenMeteo,18,spring,0.0,0.0,0,0,SAFE,SAFE,0,0,0,0,0.9
pleven_small,2024-04-30,2024-05-30,0.558,-0.5285,0.7815,-5.4623,-12.417,34.2,-4.3,2.7,90.9,0.0,23.6,,0.0,0.008,2024-05-30T23:59:59Z,Sentinel Hub Statistical API + OpenMeteo,22,spring,0.0,0.0,0,0,SAFE,SAFE,0,0,0,0,0.9
pleven_small,2024-05-30,2024-06-29,0.5141,-0.5144,0.7618,-5.9549,-12.4391,26.0,11.0,9.7,15.5,0.0,35.1,,0.0,0.366,2024-06-29T23:59:59Z,Sentinel Hub Statistical API + OpenMeteo,26,summer,0.0,1.0,0,1,SAFE,LOW_RISK,0,0,1,0,0.9
pleven_small,2024-06-29,2024-07-29,0.4187,-0.4425,0.7559,-6.1024,-12.5172,13.6,-6.0,2.5,18.3,0.0,35.2,,0.0,0.472,2024-07-29T23:59:59Z,Sentinel Hub Statistical API + OpenMeteo,31,summer,0.0,2.0,0,2,SAFE,MODERATE_RISK,0,0,2,0,0.9
pleven_small,2024-07-29,2024-08-28,0.3689,-0.4087,0.7412,-6.4692,-12.8701,16.4,-0.1,1.1,5.1,0.0,35.0,,0.0,0.615,2024-08-28T23:59:59Z,Sentinel Hub Statistical API + OpenMeteo,35,summer,0.0,3.0,0,2,SAFE,MODERATE_RISK,0,0,3,0,0.9
pleven_small,2024-08-28,2024-09-27,0.3279,-0.3784,0.7363,-6.5922,-13.343,14.6,-7.3,0.0,37.0,0.0,31.6,,0.0,0.292,2024-09-27T23:59:59Z,Sentinel Hub Statistical API + OpenMeteo,39,autumn,0.0,1.0,0,1,SAFE,LOW_RISK,0,0,1,0,0.9
pleven_small,2024-09-27,2024-10-27,0.3898,-0.4344,0.7325,-6.6885,-13.3988,16.4,-4.3,0.0,31.5,0.0,19.8,,0.0,0.308,2024-10-27T23:59:59Z,Sentinel Hub Statistical API + OpenMeteo,43,autumn,0.0,1.0,0,1,SAFE,LOW_RISK,0,0,1,0,0.9
pleven_small,2024-10-27,2024-11-26,0.3761,-0.4629,0.738,-6.5503,-13.2344,23.1,1.0,7.9,21.5,0.0,19.5,,0.0,0.36,2024-11-26T23:59:59Z,Sentinel Hub Statistical API + OpenMeteo,48,autumn,0.0,0.0,0,0,SAFE,SAFE,0,0,0,0,0.9
pleven_small,2024-11-26,2024-12-26,0.3063,-0.3867,0.8314,-4.1982,-11.5371,40.6,10.8,100.7,161.5,0.0,12.6,,0.0,0.064,2024-12-26T23:59:59Z,Sentinel Hub Statistical API + OpenMeteo,52,winter,3.0,0.0,2,0,MODERATE_RISK,SAFE,1,1,0,0,0.9
pleven_small,2025-01-01,2025-01-31,0.3324,-0.4291,0.7274,-6.814,-13.3029,36.3,1.5,0.0,5.7,0.0,18.0,,0.0,0.438,2025-01-31T23:59:59Z,Sentinel Hub Statistical API + OpenMeteo,5,winter,0.0,0.0,0,0,SAFE,SAFE,0,0,0,0,0.9
pleven_small,2025-01-31,2025-03-02,0.3014,-0.2925,0.732,-6.6999,-13.8726,38.0,3.9,7.5,25.6,0.0,10.5,,0.0,0.228,2025-03-02T23:59:59Z,Sentinel Hub Statistical API + OpenMeteo,9,spring,0.0,0.0,0,0,SAFE,SAFE,0,0,0,0,0.9
pleven_small,2025-03-02,2025-04-01,0.3135,-0.3853,0.7523,-6.1925,-12.6841,42.8,12.8,53.6,68.1,0.0,17.0,,0.0,0.061,2025-04-01T23:59:59Z,Sentinel Hub Statistical API + OpenMeteo,14,spring,1.0,0.0,1,0,LOW_RISK,SAFE,1,0,0,0,0.9
pleven_small,2025-04-01,2025-05-01,0.4662,-0.4578,0.722,-6.9503,-13.6692,23.6,-9.9,1.1,44.4,0.0,23.1,,0.0,0.114,2025-05-01T23:59:59Z,Sentinel Hub Statistical API + OpenMeteo,18,spring,0.0,0.0,0,0,SAFE,SAFE,0,0,0,0,0.9
pleven_small,2025-05-01,2025-05-31,0.5237,-0.5,0.7778,-5.5555,-12.3648,35.7,6.1,64.8,98.3,0.0,21.6,,0.0,0.0,2025-05-31T23:59:59Z,Sentinel Hub Statistical API + OpenMeteo,22,spring,1.0,0.0,1,0,LOW_RISK,SAFE,1,0,0,0,0.9
pleven_small,2025-05-31,2025-06-30,0.5128,-0.5068,0.7664,-5.8394,-13.0667,14.4,2.4,2.1,4.7,0.0,35.2,,0.0,0.603,2025-06-30T23:59:59Z,Sentinel Hub Statistical API + OpenMeteo,27,summer,0.0,3.0,0,2,SAFE,MODERATE_RISK,0,0,3,0,0.9
pleven_small,2025-06-30,2025-07-30,0.4369,-0.4538,0.7629,-5.9277,-12.7668,16.1,5.6,2.0,12.5,0.0,38.0,,0.0,0.504,2025-07-30T23:59:59Z,Sentinel Hub Statistical API + OpenMeteo,31,summer,0.0,3.0,0,2,SAFE,MODERATE_RISK,0,0,3,0,0.9
pleven_small,2025-07-30,2025-08-29,0.4012,-0.4327,0.754,-6.15,-13.4525,13.3,-6.6,2.9,12.9,0.0,30.6,,0.0,0.544,2025-08-29T23:59:59Z,Sentinel Hub Statistical API + OpenMeteo,35,summer,0.0,2.0,0,2,SAFE,MODERATE_RISK,0,0,2,0,0.9
pleven_small,2025-08-29,2025-09-28,0.3852,-0.4303,0.7441,-6.3179,-13.3033,15.1,7.1,6.8,24.1,0.0,28.2,,0.0,0.407,2025-09-28T23:59:59Z,Sentinel Hub Statistical API + OpenMeteo,39,autumn,0.0,1.0,0,1,SAFE,LOW_RISK,0,0,1,0,0.9
pleven_small,2025-09-28,2025-10-28,0.4118,-0.4597,0.7898,-5.0942,-12.8966,39.0,5.1,20.2,173.4,0.0,22.1,,0.0,0.017,2025-10-28T23:59:59Z,Sentinel Hub Statistical API + OpenMeteo,44,autumn,0.0,0.0,0,0,SAFE,SAFE,0,0,0,0,0.9
pleven_small,2025-10-28,2025-11-27,0.3751,-0.417,0.7675,-5.6543,-12.6192,41.5,0.6,11.7,56.2,0.0,18.0,,0.0,0.033,2025-11-27T23:59:59Z,Sentinel Hub Statistical API + OpenMeteo,48,autumn,0.0,0.0,0,0,SAFE,SAFE,0,0,0,0,0.9
pleven_small,2025-11-27,2025-12-27,0.4103,-0.4712,0.7886,-5.2859,-12.8899,39.8,3.5,30.2,51.4,0.0,6.8,,0.0,0.018,2025-12-27T23:59:59Z,Sentinel Hub Statistical API + OpenMeteo,52,winter,0.0,0.0,0,0,SAFE,SAFE,0,0,0,0,0.9
pleven_small,2026-01-01,2026-01-31,0.1438,-0.0879,0.7749,-5.4908,-12.5775,39.5,2.0,20.9,55.7,0.0,12.4,,0.0,0.136,2026-01-31T23:59:59Z,Sentinel Hub Statistical API + OpenMeteo,5,winter,0.0,0.0,0,0,SAFE,SAFE,0,0,0,0,0.9
pleven_small,2026-01-31,2026-03-02,0.1036,-0.2034,0.8157,-4.3636,-11.8894,36.8,-3.1,2.2,77.0,0.0,11.4,,0.0,0.154,2026-03-02T23:59:59Z,Sentinel Hub Statistical API + OpenMeteo,10,spring,0.0,0.0,0,0,SAFE,SAFE,0,0,0,0,0.9
pleven_small,2026-03-02,2026-04-01,0.3368,-0.384,0.7602,-5.9943,-12.6785,35.0,9.7,41.1,50.2,0.0,18.5,,0.0,0.05,2026-04-01T23:59:59Z,Sentinel Hub Statistical API + OpenMeteo,14,spring,1.0,0.0,1,0,LOW_RISK,SAFE,1,0,0,0,0.9
pleven_levski,2023-04-27,2023-05-27,0.5675,-0.5497,0.6287,-9.2816,-16.4269,34.0,5.9,17.6,43.6,0.0,25.6,,0.0,0.01,2023-05-27T23:59:59Z,Sentinel Hub Statistical API + OpenMeteo,21,spring,0.0,0.0,0,0,SAFE,SAFE,0,0,0,0,0.9
pleven_levski,2023-05-27,2023-06-26,0.6168,-0.5915,0.6389,-9.0271,-15.6411,31.9,4.6,21.5,84.6,0.0,33.8,,0.0,0.031,2023-06-26T23:59:59Z,Sentinel Hub Statistical API + OpenMeteo,26,summer,0.0,1.0,0,1,SAFE,LOW_RISK,0,0,1,0,0.9
pleven_levski,2023-06-26,2023-07-26,0.5679,-0.5613,0.6111,-9.7218,-16.0401,20.9,6.8,17.0,37.1,0.0,38.3,,0.0,0.174,2023-07-26T23:59:59Z,Sentinel Hub Statistical API + OpenMeteo,30,summer,0.0,3.0,0,2,SAFE,MODERATE_RISK,0,0,1,1,0.9
pleven_levski,2023-07-26,2023-08-25,0.4255,-0.4725,0.5575,-11.0629,-17.5043,16.6,2.1,0.6,26.3,0.0,35.8,,0.0,0.349,2023-08-25T23:59:59Z,Sentinel Hub Statistical API + OpenMeteo,34,summer,0.0,2.0,0,2,SAFE,MODERATE_RISK,0,0,2,0,0.9
pleven_levski,2023-08-25,2023-09-24,0.3411,-0.4236,0.5507,-11.2326,-18.741,16.5,-6.6,0.7,24.7,0.0,33.2,,0.0,0.406,2023-09-24T23:59:59Z,Sentinel Hub Statistical API + OpenMeteo,38,autumn,0.0,2.0,0,2,SAFE,MODERATE_RISK,0,0,2,0,0.9
pleven_levski,2023-09-24,2023-10-24,0.3044,-0.4071,0.5269,-11.8279,-19.3865,15.3,-1.0,0.0,0.9,0.0,32.7,,0.0,0.702,2023-10-24T23:59:59Z,Sentinel Hub Statistical API + OpenMeteo,43,autumn,0.0,4.0,0,3,SAFE,HIGH_RISK,0,0,2,1,0.9
pleven_levski,2023-10-24,2023-11-23,0.2775,-0.4031,0.5802,-10.4953,-18.6306,30.4,4.2,14.5,42.9,0.0,15.5,,0.0,0.123,2023-11-23T23:59:59Z,Sentinel Hub Statistical API + OpenMeteo,47,autumn,0.0,0.0,0,0,SAFE,SAFE,0,0,0,0,0.9
pleven_levski,2023-11-23,2023-12-23,0.3125,-0.4421,0.6325,-9.1866,-16.9383,33.8,-5.2,0.6,104.8,0.0,11.6,,0.0,0.073,2023-12-23T23:59:59Z,Sentinel Hub Statistical API + OpenMeteo,51,winter,0.0,0.0,0,0,SAFE,SAFE,0,0,0,0,0.9
pleven_levski,2024-01-01,2024-01-31,0.3167,-0.1895,0.6275,-9.312,-16.9248,34.6,-0.8,3.3,42.5,0.0,9.4,,0.0,0.063,2024-01-31T23:59:59Z,Sentinel Hub Statistical API + OpenMeteo,5,winter,0.0,0.0,0,0,SAFE,SAFE,0,0,0,0,0.9
pleven_levski,2024-01-31,2024-03-01,0.374,-0.4652,0.5366,-11.5848,-19.1009,27.6,2.9,7.2,20.1,0.0,20.5,,0.0,0.332,2024-03-01T23:59:59Z,Sentinel Hub Statistical API + OpenMeteo,9,spring,0.0,0.0,0,0,SAFE,SAFE,0,0,0,0,0.9
pleven_levski,2024-03-01,2024-03-31,0.4797,-0.4996,0.5393,-11.5168,-18.2336,25.3,-4.6,15.3,57.0,0.0,27.5,,0.0,0.097,2024-03-31T23:59:59Z,Sentinel Hub Statistical API + OpenMeteo,13,spring,0.0,0.0,0,0,SAFE,SAFE,0,0,0,0,0.9
pleven_levski,2024-03-31,2024-04-30,0.5847,-0.5721,0.5312,-11.7203,-18.4802,37.5,-2.1,12.0,70.9,0.0,20.8,,0.0,0.0,2024-04-30T23:59:59Z,Sentinel Hub Statistical API + OpenMeteo,18,spring,0.0,0.0,0,0,SAFE,SAFE,0,0,0,0,0.9
pleven_levski,2024-04-30,2024-05-30,0.6455,-0.6107,0.6383,-9.0413,-15.6549,30.5,-6.9,6.5,95.0,0.0,23.9,,0.0,0.045,2024-05-30T23:59:59Z,Sentinel Hub Statistical API + OpenMeteo,22,spring,0.0,0.0,0,0,SAFE,SAFE,0,0,0,0,0.9
pleven_levski,2024-05-30,2024-06-29,0.5367,-0.554,0.6012,-9.9699,-16.7626,16.0,0.3,4.2,24.1,0.0,34.2,,0.0,0.369,2024-06-29T23:59:59Z,Sentinel Hub Statistical API + OpenMeteo,26,summer,0.0,2.0,0,2,SAFE,MODERATE_RISK,0,0,2,0,0.9
pleven_levski,2024-06-29,2024-07-29,0.3663,-0.4409,0.5528,-11.1791,-17.6749,16.8,-9.9,13.4,24.7,0.0,34.3,,0.0,0.391,2024-07-29T23:59:59Z,Sentinel Hub Statistical API + OpenMeteo,31,summer,0.0,2.0,0,2,SAFE,MODERATE_RISK,0,0,2,0,0.9
pleven_levski,2024-07-29,2024-08-28,0.2965,-0.4033,0.5209,-11.9763,-19.1762,19.8,4.2,6.2,13.7,0.0,33.6,,0.0,0.516,2024-08-28T23:59:59Z,Sentinel Hub Statistical API + OpenMeteo,35,summer,0.0,2.0,0,2,SAFE,MODERATE_RISK,0,0,2,0,0.9
pleven_levski,2024-08-28,2024-09-27,0.2615,-0.3619,0.5147,-12.1336,-19.907,16.4,-11.1,0.0,32.6,0.0,30.5,,0.0,0.353,2024-09-27T23:59:59Z,Sentinel Hub Statistical API + OpenMeteo,39,autumn,0.0,1.0,0,1,SAFE,LOW_RISK,0,0,1,0,0.9
pleven_levski,2024-09-27,2024-10-27,0.3152,-0.4085,0.5024,-12.4393,-20.3033,16.1,-3.2,0.0,63.8,0.0,19.6,,0.0,0.249,2024-10-27T23:59:59Z,Sentinel Hub Statistical API + OpenMeteo,43,autumn,0.0,1.0,0,1,SAFE,LOW_RISK,0,0,1,0,0.9
pleven_levski,2024-10-27,2024-11-26,0.3052,-0.4163,0.5406,-11.4844,-19.3119,25.6,0.4,5.8,24.9,0.0,16.5,,0.0,0.328,2024-11-26T23:59:59Z,Sentinel Hub Statistical API + OpenMeteo,48,autumn,0.0,0.0,0,0,SAFE,SAFE,0,0,0,0,0.9
pleven_levski,2024-11-26,2024-12-26,0.3258,-0.4348,0.7128,-7.179,-14.1154,41.0,6.7,100.6,156.7,0.0,11.6,,0.0,0.055,2024-12-26T23:59:59Z,Sentinel Hub Statistical API + OpenMeteo,52,winter,3.0,0.0,2,0,MODERATE_RISK,SAFE,1,1,0,0,0.9
pleven_levski,2025-01-01,2025-01-31,0.3229,-0.4033,0.5266,-11.8357,-19.6592,27.8,-2.7,0.0,7.9,0.0,17.2,,0.0,0.49,2025-01-31T23:59:59Z,Sentinel Hub Statistical API + OpenMeteo,5,winter,0.0,0.0,0,0,SAFE,SAFE,0,0,0,0,0.9
pleven_levski,2025-01-31,2025-03-02,0.3146,-0.2711,0.5512,-11.2212,-19.2684,33.7,6.0,5.4,24.6,0.0,9.6,,0.0,0.246,2025-03-02T23:59:59Z,Sentinel Hub Statistical API + OpenMeteo,9,spring,0.0,0.0,0,0,SAFE,SAFE,0,0,0,0,0.9
pleven_levski,2025-03-02,2025-04-01,0.3727,-0.4304,0.6178,-9.5532,-16.125,40.8,19.1,26.5,42.0,0.0,18.1,,0.0,0.034,2025-04-01T23:59:59Z,Sentinel Hub Statistical API + OpenMeteo,14,spring,0.0,0.0,0,0,SAFE,SAFE,0,0,0,0,0.9
pleven_levski,2025-04-01,2025-05-01,0.564,-0.5489,0.4796,-13.0103,-19.8313,9.7,-10.3,1.7,48.5,0.0,23.9,,0.0,0.253,2025-05-01T23:59:59Z,Sentinel Hub Statistical API + OpenMeteo,18,spring,0.0,0.0,0,0,SAFE,SAFE,0,0,0,0,0.9
pleven_levski,2025-05-01,2025-05-31,0.6029,-0.5823,0.6233,-9.4167,-15.929,33.3,4.6,67.1,114.0,0.0,21.5,,0.0,0.017,2025-05-31T23:59:59Z,Sentinel Hub Statistical API + OpenMeteo,22,spring,1.0,0.0,1,0,LOW_RISK,SAFE,1,0,0,0,0.9
pleven_levski,2025-05-31,2025-06-30,0.5883,-0.5848,0.6342,-9.1449,-16.3331,15.9,6.1,3.7,11.3,0.0,35.7,,0.0,0.514,2025-06-30T23:59:59Z,Sentinel Hub Statistical API + OpenMeteo,27,summer,0.0,3.0,0,2,SAFE,MODERATE_RISK,0,0,3,0,0.9
pleven_levski,2025-06-30,2025-07-30,0.4438,-0.4903,0.6624,-8.4405,-15.0131,24.2,9.3,9.7,25.9,0.0,38.3,,0.0,0.269,2025-07-30T23:59:59Z,Sentinel Hub Statistical API + OpenMeteo,31,summer,0.0,3.0,0,2,SAFE,MODERATE_RISK,0,0,1,1,0.9
pleven_levski,2025-07-30,2025-08-29,0.361,-0.4304,0.5486,-11.2846,-18.6437,11.0,-7.7,6.7,30.0,0.0,30.4,,0.0,0.392,2025-08-29T23:59:59Z,Sentinel Hub Statistical API + OpenMeteo,35,summer,0.0,1.0,0,1,SAFE,LOW_RISK,0,0,1,0,0.9
pleven_levski,2025-08-29,2025-09-28,0.3253,-0.4205,0.5158,-12.1049,-19.6407,16.0,7.4,4.1,15.6,0.0,27.7,,0.0,0.52,2025-09-28T23:59:59Z,Sentinel Hub Statistical API + OpenMeteo,39,autumn,0.0,1.0,0,1,SAFE,LOW_RISK,0,0,1,0,0.9
pleven_levski,2025-09-28,2025-10-28,0.3389,-0.4107,0.6194,-9.5121,-17.2542,38.0,4.4,18.4,184.9,0.0,22.0,,0.0,0.049,2025-10-28T23:59:59Z,Sentinel Hub Statistical API + OpenMeteo,44,autumn,0.0,0.0,0,0,SAFE,SAFE,0,0,0,0,0.9
pleven_levski,2025-10-28,2025-11-27,0.3642,-0.4267,0.6337,-9.1584,-16.5831,40.7,-0.2,6.1,48.9,0.0,17.1,,0.0,0.038,2025-11-27T23:59:59Z,Sentinel Hub Statistical API + OpenMeteo,48,autumn,0.0,0.0,0,0,SAFE,SAFE,0,0,0,0,0.9
pleven_levski,2025-11-27,2025-12-27,0.4784,-0.5009,0.6432,-8.92,-16.2919,39.1,3.3,31.3,57.0,0.0,6.3,,0.0,0.0,2025-12-27T23:59:59Z,Sentinel Hub Statistical API + OpenMeteo,52,winter,0.0,0.0,0,0,SAFE,SAFE,0,0,0,0,0.9
pleven_levski,2026-01-01,2026-01-31,0.229,-0.0829,0.6627,-8.4321,-15.992,39.9,1.5,23.1,67.0,0.0,11.5,,0.0,0.098,2026-01-31T23:59:59Z,Sentinel Hub Statistical API + OpenMeteo,5,winter,0.0,0.0,0,0,SAFE,SAFE,0,0,0,0,0.9
pleven_levski,2026-01-31,2026-03-02,0.3743,-0.3929,0.6941,-7.6438,-15.5031,35.9,-5.0,4.7,81.6,0.0,11.3,,0.0,0.034,2026-03-02T23:59:59Z,Sentinel Hub Statistical API + OpenMeteo,10,spring,0.0,0.0,0,0,SAFE,SAFE,0,0,0,0,0.9
pleven_levski,2026-03-02,2026-04-01,0.4113,-0.4549,0.6339,-9.151,-16.259,29.5,7.1,36.1,43.4,0.0,18.2,,0.0,0.072,2026-04-01T23:59:59Z,Sentinel Hub Statistical API + OpenMeteo,14,spring,0.0,0.0,0,0,SAFE,SAFE,0,0,0,0,0.9
danube_belene_svishtov,2023-04-27,2023-05-27,0.6161,-0.5165,0.6005,-9.9852,-16.9258,34.2,2.4,8.2,40.8,0.0,25.9,,0.0,0.008,2023-05-27T23:59:59Z,Sentinel Hub Statistical API + OpenMeteo,21,spring,0.0,0.0,0,0,SAFE,SAFE,0,0,0,0,0.9
danube_belene_svishtov,2023-05-27,2023-06-26,0.5929,-0.5226,0.6192,-9.5196,-16.2447,34.8,5.2,4.9,50.0,0.0,34.0,,0.0,0.002,2023-06-26T23:59:59Z,Sentinel Hub Statistical API + OpenMeteo,26,summer,0.0,1.0,0,1,SAFE,LOW_RISK,0,0,1,0,0.9
danube_belene_svishtov,2023-06-26,2023-07-26,0.5096,-0.4812,0.607,-9.8238,-16.926,18.3,1.0,8.7,31.4,0.0,37.8,,0.0,0.264,2023-07-26T23:59:59Z,Sentinel Hub Statistical API + OpenMeteo,30,summer,0.0,2.0,0,2,SAFE,MODERATE_RISK,0,0,2,0,0.9
danube_belene_svishtov,2023-07-26,2023-08-25,0.4034,-0.4087,0.597,-10.0761,-16.956,14.9,-2.7,0.1,38.0,0.0,35.7,,0.0,0.244,2023-08-25T23:59:59Z,Sentinel Hub Statistical API + OpenMeteo,34,summer,0.0,2.0,0,2,SAFE,MODERATE_RISK,0,0,2,0,0.9
danube_belene_svishtov,2023-08-25,2023-09-24,0.3521,-0.3808,0.565,-10.873,-18.9127,17.3,-2.0,1.0,22.1,0.0,34.0,,0.0,0.422,2023-09-24T23:59:59Z,Sentinel Hub Statistical API + OpenMeteo,38,autumn,0.0,2.0,0,2,SAFE,MODERATE_RISK,0,0,2,0,0.9
danube_belene_svishtov,2023-09-24,2023-10-24,0.3143,-0.3634,0.5353,-11.6176,-19.6961,15.5,-3.5,0.0,1.0,0.0,30.6,,0.0,0.694,2023-10-24T23:59:59Z,Sentinel Hub Statistical API + OpenMeteo,43,autumn,0.0,4.0,0,3,SAFE,HIGH_RISK,0,0,2,1,0.9
danube_belene_svishtov,2023-10-24,2023-11-23,0.2961,-0.367,0.5912,-10.2203,-18.9231,29.3,6.1,21.3,50.1,0.0,16.0,,0.0,0.125,2023-11-23T23:59:59Z,Sentinel Hub Statistical API + OpenMeteo,47,autumn,0.0,0.0,0,0,SAFE,SAFE,0,0,0,0,0.9
danube_belene_svishtov,2023-11-23,2023-12-23,0.3181,-0.3853,0.6257,-9.3566,-17.6243,33.5,-3.6,1.1,104.5,0.0,10.9,,0.0,0.074,2023-12-23T23:59:59Z,Sentinel Hub Statistical API + OpenMeteo,51,winter,0.0,0.0,0,0,SAFE,SAFE,0,0,0,0,0.9
danube_belene_svishtov,2024-01-01,2024-01-31,0.28,-0.2026,0.5887,-10.2829,-18.479,33.0,1.6,6.0,41.1,0.0,9.6,,0.0,0.096,2024-01-31T23:59:59Z,Sentinel Hub Statistical API + OpenMeteo,5,winter,0.0,0.0,0,0,SAFE,SAFE,0,0,0,0,0.9
danube_belene_svishtov,2024-01-31,2024-03-01,0.3744,-0.3895,0.5254,-11.8662,-20.0779,27.9,3.9,4.0,11.3,0.0,21.0,,0.0,0.427,2024-03-01T23:59:59Z,Sentinel Hub Statistical API + OpenMeteo,9,spring,0.0,0.0,0,0,SAFE,SAFE,0,0,0,0,0.9
danube_belene_svishtov,2024-03-01,2024-03-31,0.4958,-0.4466,0.5266,-11.8349,-19.3177,26.3,-0.9,13.0,45.9,0.0,28.1,,0.0,0.087,2024-03-31T23:59:59Z,Sentinel Hub Statistical API + OpenMeteo,13,spring,0.0,0.0,0,0,SAFE,SAFE,0,0,0,0,0.9
danube_belene_svishtov,2024-03-31,2024-04-30,0.5812,-0.5075,0.538,-11.5499,-18.9359,37.6,-0.2,16.3,72.2,0.0,22.2,,0.0,0.0,2024-04-30T23:59:59Z,Sentinel Hub Statistical API + OpenMeteo,18,spring,0.0,0.0,0,0,SAFE,SAFE,0,0,0,0,0.9
danube_belene_svishtov,2024-04-30,2024-05-30,0.6583,-0.5665,0.6198,-9.504,-16.3432,28.8,-7.0,8.0,66.5,0.0,25.2,,0.0,0.062,2024-05-30T23:59:59Z,Sentinel Hub Statistical API + OpenMeteo,22,spring,0.0,0.0,0,0,SAFE,SAFE,0,0,0,0,0.9
danube_belene_svishtov,2024-05-30,2024-06-29,0.5232,-0.4975,0.5771,-10.5719,-17.6556,14.6,0.2,0.7,10.4,0.0,35.7,,0.0,0.537,2024-06-29T23:59:59Z,Sentinel Hub Statistical API + OpenMeteo,26,summer,0.0,3.0,0,2,SAFE,MODERATE_RISK,0,0,3,0,0.9
danube_belene_svishtov,2024-06-29,2024-07-29,0.3672,-0.4007,0.5496,-11.2611,-18.4683,22.6,-6.1,26.1,33.6,0.0,34.5,,0.0,0.233,2024-07-29T23:59:59Z,Sentinel Hub Statistical API + OpenMeteo,31,summer,0.0,1.0,0,1,SAFE,LOW_RISK,0,0,1,0,0.9
danube_belene_svishtov,2024-07-29,2024-08-28,0.3102,-0.3677,0.5305,-11.7391,-19.5605,18.2,3.8,0.6,12.1,0.0,35.2,,0.0,0.544,2024-08-28T23:59:59Z,Sentinel Hub Statistical API + OpenMeteo,35,summer,0.0,3.0,0,2,SAFE,MODERATE_RISK,0,0,3,0,0.9
danube_belene_svishtov,2024-08-28,2024-09-27,0.2845,-0.3389,0.5218,-11.9545,-20.5386,17.3,-9.4,0.0,27.4,0.0,30.5,,0.0,0.392,2024-09-27T23:59:59Z,Sentinel Hub Statistical API + OpenMeteo,39,autumn,0.0,1.0,0,1,SAFE,LOW_RISK,0,0,1,0,0.9
danube_belene_svishtov,2024-09-27,2024-10-27,0.3372,-0.3707,0.5045,-12.3912,-21.0186,18.3,-2.4,0.0,45.9,0.0,19.0,,0.0,0.217,2024-10-27T23:59:59Z,Sentinel Hub Statistical API + OpenMeteo,43,autumn,0.0,1.0,0,1,SAFE,LOW_RISK,0,0,1,0,0.9
danube_belene_svishtov,2024-10-27,2024-11-26,0.3264,-0.3689,0.5764,-10.5889,-18.9819,26.6,-1.8,6.7,36.7,0.0,16.4,,0.0,0.176,2024-11-26T23:59:59Z,Sentinel Hub Statistical API + OpenMeteo,48,autumn,0.0,0.0,0,0,SAFE,SAFE,0,0,0,0,0.9
danube_belene_svishtov,2024-11-26,2024-12-26,0.3712,-0.3838,0.7102,-7.2369,-14.6351,40.2,11.4,76.5,140.7,0.0,9.4,,0.0,0.035,2024-12-26T23:59:59Z,Sentinel Hub Statistical API + OpenMeteo,52,winter,1.0,0.0,1,0,LOW_RISK,SAFE,1,0,0,0,0.9
danube_belene_svishtov,2025-01-01,2025-01-31,0.3825,-0.4018,0.5217,-11.9578,-20.3964,30.2,-0.3,0.0,4.9,0.0,15.2,,0.0,0.473,2025-01-31T23:59:59Z,Sentinel Hub Statistical API + OpenMeteo,5,winter,0.0,0.0,0,0,SAFE,SAFE,0,0,0,0,0.9
danube_belene_svishtov,2025-01-31,2025-03-02,0.338,-0.1798,0.5084,-12.2915,-21.2776,38.9,8.3,5.0,29.3,0.0,8.9,,0.0,0.17,2025-03-02T23:59:59Z,Sentinel Hub Statistical API + OpenMeteo,9,spring,0.0,0.0,0,0,SAFE,SAFE,0,0,0,0,0.9
danube_belene_svishtov,2025-03-02,2025-04-01,0.4402,-0.4187,0.5919,-10.202,-16.9524,41.9,12.6,28.5,36.1,0.0,17.5,,0.0,0.048,2025-04-01T23:59:59Z,Sentinel Hub Statistical API + OpenMeteo,14,spring,0.0,0.0,0,0,SAFE,SAFE,0,0,0,0,0.9
danube_belene_svishtov,2025-04-01,2025-05-01,0.6387,-0.5465,0.4743,-13.1442,-19.8124,20.7,-10.9,5.7,33.1,0.0,23.8,,0.0,0.221,2025-05-01T23:59:59Z,Sentinel Hub Statistical API + OpenMeteo,18,spring,0.0,0.0,0,0,SAFE,SAFE,0,0,0,0,0.9
danube_belene_svishtov,2025-05-01,2025-05-31,0.6721,-0.5756,0.6225,-9.4371,-15.8862,36.5,13.0,47.8,83.9,0.0,22.3,,0.0,0.0,2025-05-31T23:59:59Z,Sentinel Hub Statistical API + OpenMeteo,22,spring,1.0,0.0,1,0,LOW_RISK,SAFE,1,0,0,0,0.9
danube_belene_svishtov,2025-05-31,2025-06-30,0.5753,-0.5241,0.5917,-10.2079,-17.1174,25.1,10.1,13.4,20.5,0.0,34.8,,0.0,0.318,2025-06-30T23:59:59Z,Sentinel Hub Statistical API + OpenMeteo,27,summer,0.0,1.0,0,1,SAFE,LOW_RISK,0,0,1,0,0.9
danube_belene_svishtov,2025-06-30,2025-07-30,0.4032,-0.4282,0.6468,-8.8295,-15.861,23.3,8.7,7.3,25.0,0.0,37.5,,0.0,0.307,2025-07-30T23:59:59Z,Sentinel Hub Statistical API + OpenMeteo,31,summer,0.0,1.0,0,1,SAFE,LOW_RISK,0,0,1,0,0.9
danube_belene_svishtov,2025-07-30,2025-08-29,0.3503,-0.3801,0.5363,-11.5914,-19.1713,11.9,-1.6,0.0,13.0,0.0,30.1,,0.0,0.579,2025-08-29T23:59:59Z,Sentinel Hub Statistical API + OpenMeteo,35,summer,0.0,2.0,0,2,SAFE,MODERATE_RISK,0,0,2,0,0.9
danube_belene_svishtov,2025-08-29,2025-09-28,0.3477,-0.3884,0.5238,-11.9056,-20.173,11.5,-1.9,0.6,14.4,0.0,26.9,,0.0,0.568,2025-09-28T23:59:59Z,Sentinel Hub Statistical API + OpenMeteo,39,autumn,0.0,1.0,0,1,SAFE,LOW_RISK,0,0,1,0,0.9
danube_belene_svishtov,2025-09-28,2025-10-28,0.3527,-0.3726,0.5963,-10.0921,-17.928,38.7,3.4,16.5,192.4,0.0,21.7,,0.0,0.043,2025-10-28T23:59:59Z,Sentinel Hub Statistical API + OpenMeteo,44,autumn,0.0,0.0,0,0,SAFE,SAFE,0,0,0,0,0.9
danube_belene_svishtov,2025-10-28,2025-11-27,0.3838,-0.3907,0.6416,-8.9603,-16.6855,41.7,0.4,4.7,40.9,0.0,18.4,,0.0,0.029,2025-11-27T23:59:59Z,Sentinel Hub Statistical API + OpenMeteo,48,autumn,0.0,0.0,0,0,SAFE,SAFE,0,0,0,0,0.9
danube_belene_svishtov,2026-01-01,2026-01-31,0.2667,-0.0602,0.6451,-8.8679,-17.0942,40.7,0.5,16.6,81.6,0.0,11.3,,0.0,0.081,2026-01-31T23:59:59Z,Sentinel Hub Statistical API + OpenMeteo,5,winter,0.0,0.0,0,0,SAFE,SAFE,0,0,0,0,0.9
danube_belene_svishtov,2026-03-02,2026-04-01,0.4071,-0.3977,0.6306,-9.2313,-17.1005,39.3,5.6,46.2,52.8,0.0,19.0,,0.0,0.019,2026-04-01T23:59:59Z,Sentinel Hub Statistical API + OpenMeteo,14,spring,1.0,0.0,1,0,LOW_RISK,SAFE,1,0,0,0,0.9
danube_ruse_slivo_pole,2023-04-27,2023-05-27,0.5681,-0.4977,0.5979,-10.0464,-17.312,32.5,0.7,10.5,39.6,0.0,25.0,,0.0,0.029,2023-05-27T23:59:59Z,Sentinel Hub Statistical API + OpenMeteo,21,spring,0.0,0.0,0,0,SAFE,SAFE,0,0,0,0,0.9
danube_ruse_slivo_pole,2023-05-27,2023-06-26,0.601,-0.5289,0.6495,-8.7593,-15.9192,30.7,9.7,10.8,40.9,0.0,35.5,,0.0,0.043,2023-06-26T23:59:59Z,Sentinel Hub Statistical API + OpenMeteo,26,summer,0.0,1.0,0,1,SAFE,LOW_RISK,0,0,1,0,0.9
danube_ruse_slivo_pole,2023-06-26,2023-07-26,0.5406,-0.5099,0.6112,-9.7174,-16.4309,14.0,-2.1,5.9,47.5,0.0,39.7,,0.0,0.21,2023-07-26T23:59:59Z,Sentinel Hub Statistical API + OpenMeteo,30,summer,0.0,4.0,0,3,SAFE,HIGH_RISK,0,0,2,1,0.9
danube_ruse_slivo_pole,2023-07-26,2023-08-25,0.4309,-0.4335,0.5896,-10.2582,-17.4054,14.1,-1.3,0.7,43.4,0.0,36.3,,0.0,0.217,2023-08-25T23:59:59Z,Sentinel Hub Statistical API + OpenMeteo,34,summer,0.0,2.0,0,2,SAFE,MODERATE_RISK,0,0,2,0,0.9
danube_ruse_slivo_pole,2023-08-25,2023-09-24,0.3431,-0.3847,0.5635,-10.9077,-18.7921,14.1,-3.5,0.0,34.3,0.0,34.2,,0.0,0.321,2023-09-24T23:59:59Z,Sentinel Hub Statistical API + OpenMeteo,38,autumn,0.0,2.0,0,2,SAFE,MODERATE_RISK,0,0,2,0,0.9
danube_ruse_slivo_pole,2023-09-24,2023-10-24,0.3122,-0.3781,0.5507,-11.2272,-19.4724,15.9,-5.2,0.0,8.2,0.0,30.2,,0.0,0.61,2023-10-24T23:59:59Z,Sentinel Hub Statistical API + OpenMeteo,43,autumn,0.0,2.0,0,2,SAFE,MODERATE_RISK,0,0,2,0,0.9
danube_ruse_slivo_pole,2023-10-24,2023-11-23,0.286,-0.3657,0.6219,-9.4476,-18.0944,29.8,8.6,27.2,47.1,0.0,15.2,,0.0,0.125,2023-11-23T23:59:59Z,Sentinel Hub Statistical API + OpenMeteo,47,autumn,0.0,0.0,0,0,SAFE,SAFE,0,0,0,0,0.9
danube_ruse_slivo_pole,2024-01-01,2024-01-31,0.31,-0.3702,0.5868,-10.3287,-18.913,32.8,0.2,5.3,42.4,0.0,8.5,,0.0,0.084,2024-01-31T23:59:59Z,Sentinel Hub Statistical API + OpenMeteo,5,winter,0.0,0.0,0,0,SAFE,SAFE,0,0,0,0,0.9
danube_ruse_slivo_pole,2024-03-31,2024-04-30,0.5856,-0.5246,0.6245,-9.3858,-17.3621,38.7,-1.4,24.2,84.2,0.0,22.1,,0.0,0.0,2024-04-30T23:59:59Z,Sentinel Hub Statistical API + OpenMeteo,18,spring,0.0,0.0,0,0,SAFE,SAFE,0,0,0,0,0.9
danube_ruse_slivo_pole,2024-05-30,2024-06-29,0.5222,-0.508,0.6047,-9.8769,-16.601,15.7,-0.4,0.0,19.2,0.0,33.3,,0.0,0.427,2024-06-29T23:59:59Z,Sentinel Hub Statistical API + OpenMeteo,26,summer,0.0,2.0,0,2,SAFE,MODERATE_RISK,0,0,2,0,0.9
danube_ruse_slivo_pole,2024-06-29,2024-07-29,0.4255,-0.4333,0.5985,-10.0369,-16.8065,17.0,1.0,11.9,21.2,0.0,33.2,,0.0,0.402,2024-07-29T23:59:59Z,Sentinel Hub Statistical API + OpenMeteo,31,summer,0.0,2.0,0,2,SAFE,MODERATE_RISK,0,0,2,0,0.9
danube_ruse_slivo_pole,2024-07-29,2024-08-28,0.3701,-0.4015,0.5629,-10.9259,-18.1382,27.7,13.9,10.5,28.1,0.0,34.8,,0.0,0.242,2024-08-28T23:59:59Z,Sentinel Hub Statistical API + OpenMeteo,35,summer,0.0,1.0,0,1,SAFE,LOW_RISK,0,0,1,0,0.9
danube_ruse_slivo_pole,2024-08-28,2024-09-27,0.3267,-0.3684,0.5571,-11.0695,-18.9135,24.3,-9.7,0.0,61.0,0.0,31.5,,0.0,0.162,2024-09-27T23:59:59Z,Sentinel Hub Statistical API + OpenMeteo,39,autumn,0.0,0.0,0,0,SAFE,SAFE,0,0,0,0,0.9
danube_ruse_slivo_pole,2024-09-27,2024-10-27,0.381,-0.3997,0.5585,-11.0361,-19.3833,20.7,-4.4,0.0,39.5,0.0,19.2,,0.0,0.179,2024-10-27T23:59:59Z,Sentinel Hub Statistical API + OpenMeteo,43,autumn,0.0,0.0,0,0,SAFE,SAFE,0,0,0,0,0.9
danube_ruse_slivo_pole,2024-10-27,2024-11-26,0.3726,-0.4012,0.7217,-6.9416,-14.4873,31.9,-3.6,7.0,69.5,0.0,17.3,,0.0,0.065,2024-11-26T23:59:59Z,Sentinel Hub Statistical API + OpenMeteo,48,autumn,0.0,0.0,0,0,SAFE,SAFE,0,0,0,0,0.9
danube_ruse_slivo_pole,2025-01-01,2025-01-31,0.3799,-0.4025,0.6657,-8.3517,-17.1051,29.3,1.8,0.0,9.0,0.0,17.5,,0.0,0.437,2025-01-31T23:59:59Z,Sentinel Hub Statistical API + OpenMeteo,5,winter,0.0,0.0,0,0,SAFE,SAFE,0,0,0,0,0.9
danube_ruse_slivo_pole,2025-01-31,2025-03-02,0.3522,-0.0773,0.6004,-9.9895,-18.8405,42.1,12.0,10.3,51.1,0.0,7.8,,0.0,0.043,2025-03-02T23:59:59Z,Sentinel Hub Statistical API + OpenMeteo,9,spring,0.0,0.0,0,0,SAFE,SAFE,0,0,0,0,0.9
danube_ruse_slivo_pole,2025-03-02,2025-04-01,0.4332,-0.4186,0.569,-10.7684,-18.1122,37.9,5.2,24.9,31.9,0.0,18.4,,0.0,0.099,2025-04-01T23:59:59Z,Sentinel Hub Statistical API + OpenMeteo,14,spring,0.0,0.0,0,0,SAFE,SAFE,0,0,0,0,0.9
danube_ruse_slivo_pole,2025-04-01,2025-05-01,0.5961,-0.5281,0.4865,-12.8342,-20.139,20.1,-7.0,12.2,39.7,0.0,24.6,,0.0,0.152,2025-05-01T23:59:59Z,Sentinel Hub Statistical API + OpenMeteo,18,spring,0.0,0.0,0,0,SAFE,SAFE,0,0,0,0,0.9
danube_ruse_slivo_pole,2025-05-01,2025-05-31,0.6219,-0.5469,0.6869,-7.8177,-15.1492,36.9,-3.0,51.9,105.5,0.0,22.5,,0.0,0.0,2025-05-31T23:59:59Z,Sentinel Hub Statistical API + OpenMeteo,22,spring,1.0,0.0,1,0,LOW_RISK,SAFE,1,0,0,0,0.9
danube_ruse_slivo_pole,2025-05-31,2025-06-30,0.6179,-0.5448,0.6246,-9.3769,-16.389,17.2,6.7,1.9,3.2,0.0,35.5,,0.0,0.592,2025-06-30T23:59:59Z,Sentinel Hub Statistical API + OpenMeteo,27,summer,0.0,5.0,0,3,SAFE,HIGH_RISK,0,0,3,1,0.9
danube_ruse_slivo_pole,2025-06-30,2025-07-30,0.4562,-0.4612,0.6001,-9.9895,-16.6726,30.6,3.9,22.7,44.5,0.0,38.8,,0.0,0.044,2025-07-30T23:59:59Z,Sentinel Hub Statistical API + OpenMeteo,31,summer,0.0,3.0,0,2,SAFE,MODERATE_RISK,0,0,1,1,0.9
danube_ruse_slivo_pole,2025-07-30,2025-08-29,0.3651,-0.396,0.5606,-10.9787,-18.5098,12.2,-4.4,0.5,6.1,0.0,30.8,,0.0,0.647,2025-08-29T23:59:59Z,Sentinel Hub Statistical API + OpenMeteo,35,summer,0.0,2.0,0,2,SAFE,MODERATE_RISK,0,0,2,0,0.9
danube_ruse_slivo_pole,2025-08-29,2025-09-28,0.3255,-0.3799,0.5501,-11.2428,-19.1698,12.5,-3.1,0.0,10.8,0.0,27.0,,0.0,0.609,2025-09-28T23:59:59Z,Sentinel Hub Statistical API + OpenMeteo,39,autumn,0.0,2.0,0,2,SAFE,MODERATE_RISK,0,0,2,0,0.9
danube_ruse_slivo_pole,2025-09-28,2025-10-28,0.2894,-0.3239,0.5758,-10.6029,-19.0926,38.3,2.1,12.5,167.8,0.0,22.4,,0.0,0.071,2025-10-28T23:59:59Z,Sentinel Hub Statistical API + OpenMeteo,44,autumn,0.0,0.0,0,0,SAFE,SAFE,0,0,0,0,0.9
danube_ruse_slivo_pole,2025-10-28,2025-11-27,0.3647,-0.3679,0.7082,-7.2811,-14.9004,41.6,0.5,8.6,72.7,0.0,20.6,,0.0,0.038,2025-11-27T23:59:59Z,Sentinel Hub Statistical API + OpenMeteo,48,autumn,0.0,0.0,0,0,SAFE,SAFE,0,0,0,0,0.9
danube_ruse_slivo_pole,2026-01-01,2026-01-31,0.4274,-0.282,0.673,-8.169,-16.2936,41.1,1.5,17.2,65.5,0.0,12.4,,0.0,0.01,2026-01-31T23:59:59Z,Sentinel Hub Statistical API + OpenMeteo,5,winter,0.0,0.0,0,0,SAFE,SAFE,0,0,0,0,0.9
danube_ruse_slivo_pole,2026-01-31,2026-03-02,-0.0806,-0.0073,0.7073,-7.3106,-15.919,38.8,-3.3,39.9,159.8,0.0,10.1,,0.0,0.2,2026-03-02T23:59:59Z,Sentinel Hub Statistical API + OpenMeteo,10,spring,0.0,0.0,0,0,SAFE,SAFE,0,0,0,0,0.9
danube_ruse_slivo_pole,2026-03-02,2026-04-01,0.3871,-0.3862,0.5732,-10.6702,-18.4079,39.3,5.4,51.1,56.7,0.0,18.9,,0.0,0.028,2026-04-01T23:59:59Z,Sentinel Hub Statistical API + OpenMeteo,14,spring,1.0,0.0,1,0,LOW_RISK,SAFE,1,0,0,0,0.9
dobrich_dobrudzha,2023-04-27,2023-05-27,0.5533,-0.548,0.5629,-10.9243,-18.4421,35.5,17.9,36.4,66.3,0.0,24.2,,0.0,0.0,2023-05-27T23:59:59Z,Sentinel Hub Statistical API + OpenMeteo,21,spring,0.0,0.0,0,0,SAFE,SAFE,0,0,0,0,0.9
dobrich_dobrudzha,2023-05-27,2023-06-26,0.6006,-0.5816,0.6281,-9.2942,-16.2271,15.6,-10.3,9.1,43.1,0.0,32.6,,0.0,0.194,2023-06-26T23:59:59Z,Sentinel Hub Statistical API + OpenMeteo,26,summer,0.0,1.0,0,1,SAFE,LOW_RISK,0,0,1,0,0.9
dobrich_dobrudzha,2023-06-26,2023-07-26,0.5771,-0.5795,0.5817,-10.4556,-16.8094,15.8,0.6,8.4,38.1,0.0,36.7,,0.0,0.213,2023-07-26T23:59:59Z,Sentinel Hub Statistical API + OpenMeteo,30,summer,0.0,2.0,0,2,SAFE,MODERATE_RISK,0,0,2,0,0.9
dobrich_dobrudzha,2023-07-26,2023-08-25,0.4803,-0.4998,0.5926,-10.1815,-17.3046,14.2,-0.3,1.8,25.2,0.0,35.8,,0.0,0.374,2023-08-25T23:59:59Z,Sentinel Hub Statistical API + OpenMeteo,34,summer,0.0,2.0,0,2,SAFE,MODERATE_RISK,0,0,2,0,0.9
dobrich_dobrudzha,2023-08-25,2023-09-24,0.3347,-0.4229,0.5336,-11.6594,-19.2583,14.5,-2.6,0.8,5.5,0.0,30.6,,0.0,0.644,2023-09-24T23:59:59Z,Sentinel Hub Statistical API + OpenMeteo,38,autumn,0.0,2.0,0,2,SAFE,MODERATE_RISK,0,0,2,0,0.9
dobrich_dobrudzha,2023-09-24,2023-10-24,0.2928,-0.4045,0.5516,-11.2088,-19.3598,15.8,-7.6,0.1,5.9,0.0,33.2,,0.0,0.645,2023-10-24T23:59:59Z,Sentinel Hub Statistical API + OpenMeteo,43,autumn,0.0,3.0,0,2,SAFE,MODERATE_RISK,0,0,3,0,0.9
dobrich_dobrudzha,2023-10-24,2023-11-23,0.2626,-0.4092,0.5744,-10.6357,-18.7563,32.5,12.1,42.9,68.8,0.0,14.4,,0.0,0.108,2023-11-23T23:59:59Z,Sentinel Hub Statistical API + OpenMeteo,47,autumn,1.0,0.0,1,0,LOW_RISK,SAFE,1,0,0,0,0.9
dobrich_dobrudzha,2023-11-23,2023-12-23,0.2624,-0.3488,0.6538,-8.6531,-17.4506,36.5,-1.3,4.9,132.7,0.0,12.4,,0.0,0.083,2023-12-23T23:59:59Z,Sentinel Hub Statistical API + OpenMeteo,51,winter,0.0,0.0,0,0,SAFE,SAFE,0,0,0,0,0.9
dobrich_dobrudzha,2024-01-01,2024-01-31,0.3128,-0.388,0.7153,-7.1127,-16.1105,29.1,0.2,6.5,35.2,0.0,7.7,,0.0,0.174,2024-01-31T23:59:59Z,Sentinel Hub Statistical API + OpenMeteo,5,winter,0.0,0.0,0,0,SAFE,SAFE,0,0,0,0,0.9
dobrich_dobrudzha,2024-01-31,2024-03-01,0.3322,-0.4362,0.5245,-11.8863,-19.6881,23.4,-0.8,0.0,5.9,0.0,18.8,,0.0,0.552,2024-03-01T23:59:59Z,Sentinel Hub Statistical API + OpenMeteo,9,spring,0.0,0.0,0,0,SAFE,SAFE,0,0,0,0,0.9
dobrich_dobrudzha,2024-03-01,2024-03-31,0.4245,-0.4618,0.5387,-11.5301,-19.0461,23.8,-3.1,10.1,28.5,0.0,26.4,,0.0,0.253,2024-03-31T23:59:59Z,Sentinel Hub Statistical API + OpenMeteo,13,spring,0.0,0.0,0,0,SAFE,SAFE,0,0,0,0,0.9
dobrich_dobrudzha,2024-03-31,2024-04-30,0.5466,-0.5433,0.5475,-11.3111,-18.2999,38.4,1.8,33.5,82.3,0.0,20.8,,0.0,0.0,2024-04-30T23:59:59Z,Sentinel Hub Statistical API + OpenMeteo,18,spring,0.0,0.0,0,0,SAFE,SAFE,0,0,0,0,0.9
dobrich_dobrudzha,2024-04-30,2024-05-30,0.6137,-0.5933,0.5697,-10.7564,-18.1694,26.8,5.3,17.5,84.5,0.0,24.0,,0.0,0.082,2024-05-30T23:59:59Z,Sentinel Hub Statistical API + OpenMeteo,22,spring,0.0,0.0,0,0,SAFE,SAFE,0,0,0,0,0.9
dobrich_dobrudzha,2024-05-30,2024-06-29,0.6066,-0.5958,0.6095,-9.761,-16.586,15.1,0.2,0.0,49.0,0.0,31.7,,0.0,0.199,2024-06-29T23:59:59Z,Sentinel Hub Statistical API + OpenMeteo,26,summer,0.0,1.0,0,1,SAFE,LOW_RISK,0,0,1,0,0.9
dobrich_dobrudzha,2024-06-29,2024-07-29,0.4716,-0.5046,0.6333,-9.1655,-15.7326,16.5,3.7,5.5,19.6,0.0,33.5,,0.0,0.414,2024-07-29T23:59:59Z,Sentinel Hub Statistical API + OpenMeteo,31,summer,0.0,2.0,0,2,SAFE,MODERATE_RISK,0,0,2,0,0.9
dobrich_dobrudzha,2024-07-29,2024-08-28,0.3601,-0.4346,0.538,-11.5511,-18.3659,20.6,7.1,9.4,46.3,0.0,34.3,,0.0,0.184,2024-08-28T23:59:59Z,Sentinel Hub Statistical API + OpenMeteo,35,summer,0.0,1.0,0,1,SAFE,LOW_RISK,0,0,1,0,0.9
dobrich_dobrudzha,2024-08-28,2024-09-27,0.3842,-0.4167,0.6122,-9.6928,-17.7165,18.1,-11.5,0.0,83.3,0.0,26.8,,0.0,0.198,2024-09-27T23:59:59Z,Sentinel Hub Statistical API + OpenMeteo,39,autumn,0.0,1.0,0,1,SAFE,LOW_RISK,0,0,1,0,0.9
dobrich_dobrudzha,2024-09-27,2024-10-27,0.4758,-0.4982,0.5676,-10.8082,-18.8418,22.3,-5.0,0.0,61.1,0.0,18.5,,0.0,0.127,2024-10-27T23:59:59Z,Sentinel Hub Statistical API + OpenMeteo,43,autumn,0.0,0.0,0,0,SAFE,SAFE,0,0,0,0,0.9
dobrich_dobrudzha,2024-10-27,2024-11-26,0.4256,-0.4931,0.6968,-7.571,-16.3246,34.2,-1.1,9.0,55.9,0.0,15.1,,0.0,0.019,2024-11-26T23:59:59Z,Sentinel Hub Statistical API + OpenMeteo,48,autumn,0.0,0.0,0,0,SAFE,SAFE,0,0,0,0,0.9
dobrich_dobrudzha,2024-11-26,2024-12-26,0.4395,-0.5397,0.6067,-9.8314,-17.9366,40.7,6.9,45.8,90.2,0.0,11.1,,0.0,0.005,2024-12-26T23:59:59Z,Sentinel Hub Statistical API + OpenMeteo,52,winter,1.0,0.0,1,0,LOW_RISK,SAFE,1,0,0,0,0.9
dobrich_dobrudzha,2025-01-01,2025-01-31,0.4321,-0.5112,0.704,-7.3959,-15.1045,28.6,-2.3,3.0,19.9,0.0,17.5,,0.0,0.298,2025-01-31T23:59:59Z,Sentinel Hub Statistical API + OpenMeteo,5,winter,0.0,0.0,0,0,SAFE,SAFE,0,0,0,0,0.9
dobrich_dobrudzha,2025-01-31,2025-03-02,0.398,-0.2626,0.5893,-10.264,-18.6835,38.6,8.8,3.0,31.8,0.0,9.1,,0.0,0.115,2025-03-02T23:59:59Z,Sentinel Hub Statistical API + OpenMeteo,9,spring,0.0,0.0,0,0,SAFE,SAFE,0,0,0,0,0.9
dobrich_dobrudzha,2025-03-02,2025-04-01,0.4443,-0.4836,0.5253,-11.8657,-19.5413,38.0,5.4,23.2,33.9,0.0,17.5,,0.0,0.071,2025-04-01T23:59:59Z,Sentinel Hub Statistical API + OpenMeteo,14,spring,0.0,0.0,0,0,SAFE,SAFE,0,0,0,0,0.9
dobrich_dobrudzha,2025-04-01,2025-05-01,0.567,-0.5487,0.6126,-9.6787,-17.0446,19.6,-2.6,2.7,26.1,0.0,22.2,,0.0,0.31,2025-05-01T23:59:59Z,Sentinel Hub Statistical API + OpenMeteo,18,spring,0.0,0.0,0,0,SAFE,SAFE,0,0,0,0,0.9
dobrich_dobrudzha,2025-05-01,2025-05-31,0.5984,-0.5787,0.6494,-8.7574,-16.8722,24.5,2.2,13.7,55.7,0.0,22.0,,0.0,0.105,2025-05-31T23:59:59Z,Sentinel Hub Statistical API + OpenMeteo,22,spring,0.0,0.0,0,0,SAFE,SAFE,0,0,0,0,0.9
dobrich_dobrudzha,2025-05-31,2025-06-30,0.6237,-0.6011,0.609,-9.7745,-16.8705,16.4,2.8,7.2,10.3,0.0,35.5,,0.0,0.52,2025-06-30T23:59:59Z,Sentinel Hub Statistical API + OpenMeteo,27,summer,0.0,3.0,0,2,SAFE,MODERATE_RISK,0,0,3,0,0.9
dobrich_dobrudzha,2025-06-30,2025-07-30,0.4658,-0.5139,0.5805,-10.482,-17.8579,17.8,4.8,1.4,19.2,0.0,36.5,,0.0,0.406,2025-07-30T23:59:59Z,Sentinel Hub Statistical API + OpenMeteo,31,summer,0.0,2.0,0,2,SAFE,MODERATE_RISK,0,0,2,0,0.9
dobrich_dobrudzha,2025-07-30,2025-08-29,0.3499,-0.4204,0.5737,-10.6546,-18.5117,17.4,-1.1,5.6,15.0,0.0,30.4,,0.0,0.502,2025-08-29T23:59:59Z,Sentinel Hub Statistical API + OpenMeteo,35,summer,0.0,1.0,0,1,SAFE,LOW_RISK,0,0,1,0,0.9
dobrich_dobrudzha,2025-08-29,2025-09-28,0.3123,-0.3917,0.546,-11.3434,-20.2655,16.8,-4.2,0.3,16.2,0.0,25.2,,0.0,0.511,2025-09-28T23:59:59Z,Sentinel Hub Statistical API + OpenMeteo,39,autumn,0.0,1.0,0,1,SAFE,LOW_RISK,0,0,1,0,0.9
dobrich_dobrudzha,2025-09-28,2025-10-28,0.353,-0.4197,0.5935,-10.1613,-18.8159,37.7,0.8,14.7,141.3,0.0,21.4,,0.0,0.043,2025-10-28T23:59:59Z,Sentinel Hub Statistical API + OpenMeteo,44,autumn,0.0,0.0,0,0,SAFE,SAFE,0,0,0,0,0.9
dobrich_dobrudzha,2025-10-28,2025-11-27,0.3935,-0.4419,0.675,-8.1183,-16.6659,37.8,-1.5,0.9,39.6,0.0,20.5,,0.0,0.03,2025-11-27T23:59:59Z,Sentinel Hub Statistical API + OpenMeteo,48,autumn,0.0,0.0,0,0,SAFE,SAFE,0,0,0,0,0.9
dobrich_dobrudzha,2025-11-27,2025-12-27,0.4991,-0.4885,0.6928,-7.677,-15.4641,39.1,0.8,8.6,35.8,0.0,8.4,,0.0,0.047,2025-12-27T23:59:59Z,Sentinel Hub Statistical API + OpenMeteo,52,winter,0.0,0.0,0,0,SAFE,SAFE,0,0,0,0,0.9
dobrich_dobrudzha,2026-01-01,2026-01-31,0.4604,-0.3755,0.748,-6.2948,-14.2013,39.8,3.0,22.1,51.6,0.0,13.7,,0.0,0.0,2026-01-31T23:59:59Z,Sentinel Hub Statistical API + OpenMeteo,5,winter,0.0,0.0,0,0,SAFE,SAFE,0,0,0,0,0.9
dobrich_dobrudzha,2026-01-31,2026-03-02,0.4415,-0.2737,0.7325,-6.6843,-15.385,38.8,0.2,8.8,97.3,0.0,13.5,,0.0,0.004,2026-03-02T23:59:59Z,Sentinel Hub Statistical API + OpenMeteo,10,spring,0.0,0.0,0,0,SAFE,SAFE,0,0,0,0,0.9
dobrich_dobrudzha,2026-03-02,2026-04-01,0.4564,-0.4856,0.6471,-8.8184,-16.5024,39.2,6.0,42.1,48.2,0.0,14.9,,0.0,0.0,2026-04-01T23:59:59Z,Sentinel Hub Statistical API + OpenMeteo,14,spring,1.0,0.0,1,0,LOW_RISK,SAFE,1,0,0,0,0.9
silistra_dobrudzha,2023-04-27,2023-05-27,0.609,-0.5642,0.5875,-10.3121,-17.5552,33.0,7.3,32.9,60.2,0.0,23.9,,0.0,0.02,2023-05-27T23:59:59Z,Sentinel Hub Statistical API + OpenMeteo,21,spring,0.0,0.0,0,0,SAFE,SAFE,0,0,0,0,0.9
silistra_dobrudzha,2023-05-27,2023-06-26,0.653,-0.6148,0.6417,-8.9587,-16.1368,23.1,-1.1,11.6,35.9,0.0,33.5,,0.0,0.165,2023-06-26T23:59:59Z,Sentinel Hub Statistical API + OpenMeteo,26,summer,0.0,1.0,0,1,SAFE,LOW_RISK,0,0,1,0,0.9
silistra_dobrudzha,2023-06-26,2023-07-26,0.5887,-0.5776,0.6047,-9.8832,-16.4265,15.1,0.0,9.4,27.4,0.0,39.1,,0.0,0.341,2023-07-26T23:59:59Z,Sentinel Hub Statistical API + OpenMeteo,30,summer,0.0,4.0,0,3,SAFE,HIGH_RISK,0,0,2,1,0.9
silistra_dobrudzha,2023-07-26,2023-08-25,0.4918,-0.5018,0.5956,-10.1105,-17.1406,14.0,-0.6,0.1,33.5,0.0,35.2,,0.0,0.283,2023-08-25T23:59:59Z,Sentinel Hub Statistical API + OpenMeteo,34,summer,0.0,2.0,0,2,SAFE,MODERATE_RISK,0,0,2,0,0.9
silistra_dobrudzha,2023-08-25,2023-09-24,0.3967,-0.4483,0.5681,-10.7971,-18.1337,15.0,-3.7,0.3,26.1,0.0,33.4,,0.0,0.38,2023-09-24T23:59:59Z,Sentinel Hub Statistical API + OpenMeteo,38,autumn,0.0,2.0,0,2,SAFE,MODERATE_RISK,0,0,2,0,0.9
silistra_dobrudzha,2023-09-24,2023-10-24,0.3793,-0.4485,0.5727,-10.6849,-18.4526,16.1,-5.5,0.0,11.7,0.0,31.1,,0.0,0.539,2023-10-24T23:59:59Z,Sentinel Hub Statistical API + OpenMeteo,43,autumn,0.0,2.0,0,2,SAFE,MODERATE_RISK,0,0,2,0,0.9
silistra_dobrudzha,2023-10-24,2023-11-23,0.3661,-0.4536,0.6225,-9.4367,-16.9129,31.1,10.9,40.0,62.1,0.0,13.9,,0.0,0.076,2023-11-23T23:59:59Z,Sentinel Hub Statistical API + OpenMeteo,47,autumn,1.0,0.0,1,0,LOW_RISK,SAFE,1,0,0,0,0.9
silistra_dobrudzha,2023-11-23,2023-12-23,0.3415,-0.4186,0.6707,-8.2325,-16.5099,36.7,-2.5,2.4,131.8,0.0,13.3,,0.0,0.048,2023-12-23T23:59:59Z,Sentinel Hub Statistical API + OpenMeteo,51,winter,0.0,0.0,0,0,SAFE,SAFE,0,0,0,0,0.9
silistra_dobrudzha,2024-01-01,2024-01-31,0.3193,-0.3699,0.6899,-7.7513,-15.976,32.4,0.6,8.7,38.4,0.0,7.8,,0.0,0.102,2024-01-31T23:59:59Z,Sentinel Hub Statistical API + OpenMeteo,5,winter,0.0,0.0,0,0,SAFE,SAFE,0,0,0,0,0.9
silistra_dobrudzha,2024-01-31,2024-03-01,0.3517,-0.4366,0.557,-11.0767,-18.1756,24.1,-0.2,0.0,3.4,0.0,21.6,,0.0,0.564,2024-03-01T23:59:59Z,Sentinel Hub Statistical API + OpenMeteo,9,spring,0.0,0.0,0,0,SAFE,SAFE,0,0,0,0,0.9
silistra_dobrudzha,2024-03-01,2024-03-31,0.4507,-0.4545,0.6083,-9.7924,-17.0575,24.7,-2.4,8.6,35.0,0.0,28.4,,0.0,0.159,2024-03-31T23:59:59Z,Sentinel Hub Statistical API + OpenMeteo,13,spring,0.0,0.0,0,0,SAFE,SAFE,0,0,0,0,0.9
silistra_dobrudzha,2024-03-31,2024-04-30,0.5928,-0.5604,0.6019,-9.9533,-16.9259,39.3,-0.9,13.2,60.1,0.0,21.6,,0.0,0.0,2024-04-30T23:59:59Z,Sentinel Hub Statistical API + OpenMeteo,18,spring,0.0,0.0,0,0,SAFE,SAFE,0,0,0,0,0.9
silistra_dobrudzha,2024-04-30,2024-05-30,0.6545,-0.6057,0.609,-9.7746,-16.9805,33.4,8.3,10.8,63.1,0.0,24.8,,0.0,0.016,2024-05-30T23:59:59Z,Sentinel Hub Statistical API + OpenMeteo,22,spring,0.0,0.0,0,0,SAFE,SAFE,0,0,0,0,0.9
silistra_dobrudzha,2024-05-30,2024-06-29,0.5794,-0.5787,0.6076,-9.8096,-16.4811,16.2,-3.7,0.0,31.8,0.0,31.5,,0.0,0.28,2024-06-29T23:59:59Z,Sentinel Hub Statistical API + OpenMeteo,26,summer,0.0,1.0,0,1,SAFE,LOW_RISK,0,0,1,0,0.9
silistra_dobrudzha,2024-06-29,2024-07-29,0.4913,-0.5157,0.5991,-10.022,-16.867,23.5,-7.5,4.8,10.2,0.0,31.8,,0.0,0.45,2024-07-29T23:59:59Z,Sentinel Hub Statistical API + OpenMeteo,31,summer,0.0,1.0,0,1,SAFE,LOW_RISK,0,0,1,0,0.9
silistra_dobrudzha,2024-07-29,2024-08-28,0.4001,-0.4538,0.5549,-11.1285,-17.9826,36.0,21.4,18.5,41.5,0.0,33.5,,0.0,0.022,2024-08-28T23:59:59Z,Sentinel Hub Statistical API + OpenMeteo,35,summer,0.0,1.0,0,1,SAFE,LOW_RISK,0,0,1,0,0.9
silistra_dobrudzha,2024-08-28,2024-09-27,0.4259,-0.452,0.5865,-10.3377,-17.973,17.9,-8.9,0.0,73.8,0.0,29.5,,0.0,0.182,2024-09-27T23:59:59Z,Sentinel Hub Statistical API + OpenMeteo,39,autumn,0.0,1.0,0,1,SAFE,LOW_RISK,0,0,1,0,0.9
silistra_dobrudzha,2024-09-27,2024-10-27,0.4884,-0.4997,0.5797,-10.5079,-18.4074,22.2,-5.7,0.0,74.1,0.0,19.1,,0.0,0.128,2024-10-27T23:59:59Z,Sentinel Hub Statistical API + OpenMeteo,43,autumn,0.0,0.0,0,0,SAFE,SAFE,0,0,0,0,0.9
silistra_dobrudzha,2024-10-27,2024-11-26,0.4388,-0.4999,0.7075,-7.3126,-15.7605,34.2,0.0,6.5,47.2,0.0,15.8,,0.0,0.013,2024-11-26T23:59:59Z,Sentinel Hub Statistical API + OpenMeteo,48,autumn,0.0,0.0,0,0,SAFE,SAFE,0,0,0,0,0.9
silistra_dobrudzha,2024-11-26,2024-12-26,0.4296,-0.509,0.6225,-9.4366,-17.0022,40.3,6.6,60.7,101.3,0.0,13.1,,0.0,0.009,2024-12-26T23:59:59Z,Sentinel Hub Statistical API + OpenMeteo,52,winter,1.0,0.0,1,0,LOW_RISK,SAFE,1,0,0,0,0.9
silistra_dobrudzha,2025-01-01,2025-01-31,0.433,-0.5016,0.713,-7.174,-13.9477,33.2,-2.2,3.0,15.0,0.0,18.4,,0.0,0.307,2025-01-31T23:59:59Z,Sentinel Hub Statistical API + OpenMeteo,5,winter,0.0,0.0,0,0,SAFE,SAFE,0,0,0,0,0.9
silistra_dobrudzha,2025-01-31,2025-03-02,0.3986,-0.1636,0.6396,-9.0097,-14.8732,41.9,9.5,4.1,37.1,0.0,9.3,,0.0,0.055,2025-03-02T23:59:59Z,Sentinel Hub Statistical API + OpenMeteo,9,spring,0.0,0.0,0,0,SAFE,SAFE,0,0,0,0,0.9
silistra_dobrudzha,2025-03-02,2025-04-01,0.4566,-0.4828,0.5411,-11.472,-18.5826,42.9,7.8,18.8,27.2,0.0,18.8,,0.0,0.144,2025-04-01T23:59:59Z,Sentinel Hub Statistical API + OpenMeteo,14,spring,0.0,0.0,0,0,SAFE,SAFE,0,0,0,0,0.9
silistra_dobrudzha,2025-04-01,2025-05-01,0.6104,-0.571,0.5896,-10.2602,-15.8656,21.2,-0.7,5.4,22.8,0.0,22.6,,0.0,0.332,2025-05-01T23:59:59Z,Sentinel Hub Statistical API + OpenMeteo,18,spring,0.0,0.0,0,0,SAFE,SAFE,0,0,0,0,0.9
silistra_dobrudzha,2025-05-01,2025-05-31,0.6442,-0.5986,0.7003,-7.4859,-15.0118,28.8,7.1,28.0,62.1,0.0,22.4,,0.0,0.062,2025-05-31T23:59:59Z,Sentinel Hub Statistical API + OpenMeteo,22,spring,0.0,0.0,0,0,SAFE,SAFE,0,0,0,0,0.9
silistra_dobrudzha,2025-05-31,2025-06-30,0.6328,-0.6027,0.615,-9.6261,-16.7925,17.7,2.9,4.8,7.7,0.0,35.0,,0.0,0.536,2025-06-30T23:59:59Z,Sentinel Hub Statistical API + OpenMeteo,27,summer,0.0,3.0,0,2,SAFE,MODERATE_RISK,0,0,3,0,0.9
silistra_dobrudzha,2025-06-30,2025-07-30,0.4639,-0.5015,0.5974,-10.0651,-17.5479,28.8,13.8,3.5,16.5,0.0,38.5,,0.0,0.326,2025-07-30T23:59:59Z,Sentinel Hub Statistical API + OpenMeteo,31,summer,0.0,3.0,0,2,SAFE,MODERATE_RISK,0,0,1,1,0.9
silistra_dobrudzha,2025-07-30,2025-08-29,0.3649,-0.4399,0.578,-10.5503,-18.1872,15.2,-11.4,4.9,16.5,0.0,31.0,,0.0,0.5,2025-08-29T23:59:59Z,Sentinel Hub Statistical API + OpenMeteo,35,summer,0.0,1.0,0,1,SAFE,LOW_RISK,0,0,1,0,0.9
silistra_dobrudzha,2025-08-29,2025-09-28,0.3447,-0.4202,0.5655,-10.8638,-19.3225,19.5,-1.8,0.2,23.4,0.0,25.8,,0.0,0.389,2025-09-28T23:59:59Z,Sentinel Hub Statistical API + OpenMeteo,39,autumn,0.0,1.0,0,1,SAFE,LOW_RISK,0,0,1,0,0.9
silistra_dobrudzha,2025-09-28,2025-10-28,0.3738,-0.4148,0.6167,-9.5816,-17.9809,38.9,1.2,9.1,177.5,0.0,22.7,,0.0,0.034,2025-10-28T23:59:59Z,Sentinel Hub Statistical API + OpenMeteo,44,autumn,0.0,0.0,0,0,SAFE,SAFE,0,0,0,0,0.9
silistra_dobrudzha,2025-10-28,2025-11-27,0.3987,-0.4399,0.682,-7.9497,-16.2243,38.3,-2.0,4.2,52.1,0.0,21.8,,0.0,0.023,2025-11-27T23:59:59Z,Sentinel Hub Statistical API + OpenMeteo,48,autumn,0.0,0.0,0,0,SAFE,SAFE,0,0,0,0,0.9
silistra_dobrudzha,2025-11-27,2025-12-27,0.465,-0.451,0.6901,-7.747,-14.489,38.2,-2.2,6.7,29.4,0.0,7.1,,0.0,0.119,2025-12-27T23:59:59Z,Sentinel Hub Statistical API + OpenMeteo,52,winter,0.0,0.0,0,0,SAFE,SAFE,0,0,0,0,0.9
silistra_dobrudzha,2026-01-01,2026-01-31,0.2997,-0.2395,0.7344,-6.6392,-13.93,40.2,-1.0,22.3,75.9,0.0,14.6,,0.0,0.067,2026-01-31T23:59:59Z,Sentinel Hub Statistical API + OpenMeteo,5,winter,0.0,0.0,0,0,SAFE,SAFE,0,0,0,0,0.9
silistra_dobrudzha,2026-01-31,2026-03-02,0.1595,-0.0246,0.7496,-6.2593,-14.7808,37.9,-3.3,10.5,129.6,0.0,11.4,,0.0,0.129,2026-03-02T23:59:59Z,Sentinel Hub Statistical API + OpenMeteo,10,spring,0.0,0.0,0,0,SAFE,SAFE,0,0,0,0,0.9
silistra_dobrudzha,2026-03-02,2026-04-01,0.4415,-0.4707,0.6681,-8.2982,-15.0001,38.6,2.4,46.4,53.9,0.0,16.4,,0.0,0.004,2026-04-01T23:59:59Z,Sentinel Hub Statistical API + OpenMeteo,14,spring,1.0,0.0,1,0,LOW_RISK,SAFE,1,0,0,0,0.9
chirpan_stara_zagora,2023-05-27,2023-06-26,0.6583,-0.6192,0.6349,-9.1273,-15.6945,38.1,-1.8,21.0,76.8,0.0,31.0,,0.0,0.0,2023-06-26T23:59:59Z,Sentinel Hub Statistical API + OpenMeteo,26,summer,0.0,0.0,0,0,SAFE,SAFE,0,0,0,0,0.9
chirpan_stara_zagora,2023-06-26,2023-07-26,0.5122,-0.524,0.5944,-10.1407,-16.9296,25.6,-1.2,0.0,10.7,0.0,40.5,,0.0,0.424,2023-07-26T23:59:59Z,Sentinel Hub Statistical API + OpenMeteo,30,summer,0.0,4.0,0,3,SAFE,HIGH_RISK,0,0,2,1,0.9
chirpan_stara_zagora,2023-07-26,2023-08-25,0.3828,-0.4491,0.5544,-11.1398,-17.9408,27.7,-0.3,0.2,22.6,0.0,35.6,,0.0,0.299,2023-08-25T23:59:59Z,Sentinel Hub Statistical API + OpenMeteo,34,summer,0.0,1.0,0,1,SAFE,LOW_RISK,0,0,1,0,0.9
chirpan_stara_zagora,2023-08-25,2023-09-24,0.333,-0.4124,0.5728,-10.6799,-18.6591,27.3,-3.7,0.0,42.9,0.0,33.2,,0.0,0.129,2023-09-24T23:59:59Z,Sentinel Hub Statistical API + OpenMeteo,38,autumn,0.0,1.0,0,1,SAFE,LOW_RISK,0,0,1,0,0.9
chirpan_stara_zagora,2023-09-24,2023-10-24,0.3087,-0.3987,0.5404,-11.4894,-19.4815,30.3,-2.8,0.9,11.2,0.0,28.5,,0.0,0.434,2023-10-24T23:59:59Z,Sentinel Hub Statistical API + OpenMeteo,43,autumn,0.0,1.0,0,1,SAFE,LOW_RISK,0,0,1,0,0.9
chirpan_stara_zagora,2023-10-24,2023-11-23,0.2931,-0.4232,0.5704,-10.739,-19.88,45.2,6.0,10.8,40.6,0.0,16.8,,0.0,0.07,2023-11-23T23:59:59Z,Sentinel Hub Statistical API + OpenMeteo,47,autumn,0.0,0.0,0,0,SAFE,SAFE,0,0,0,0,0.9
chirpan_stara_zagora,2023-11-23,2023-12-23,0.2731,-0.398,0.633,-9.1754,-17.5229,47.3,-2.4,0.1,78.3,0.0,11.9,,0.0,0.079,2023-12-23T23:59:59Z,Sentinel Hub Statistical API + OpenMeteo,51,winter,0.0,0.0,0,0,SAFE,SAFE,0,0,0,0,0.9
chirpan_stara_zagora,2024-01-01,2024-01-31,0.3156,-0.4456,0.6119,-9.7022,-18.3531,42.3,-4.0,2.3,44.9,0.0,12.6,,0.0,0.06,2024-01-31T23:59:59Z,Sentinel Hub Statistical API + OpenMeteo,5,winter,0.0,0.0,0,0,SAFE,SAFE,0,0,0,0,0.9
chirpan_stara_zagora,2024-01-31,2024-03-01,0.384,-0.4674,0.5221,-11.9472,-19.4621,38.6,-1.2,2.0,18.1,0.0,20.6,,0.0,0.276,2024-03-01T23:59:59Z,Sentinel Hub Statistical API + OpenMeteo,9,spring,0.0,0.0,0,0,SAFE,SAFE,0,0,0,0,0.9
chirpan_stara_zagora,2024-03-01,2024-03-31,0.4905,-0.499,0.5194,-12.0155,-18.8447,34.8,-6.6,7.8,87.3,0.0,26.0,,0.0,0.002,2024-03-31T23:59:59Z,Sentinel Hub Statistical API + OpenMeteo,13,spring,0.0,0.0,0,0,SAFE,SAFE,0,0,0,0,0.9
chirpan_stara_zagora,2024-03-31,2024-04-30,0.5766,-0.5657,0.5538,-11.1545,-17.9917,44.8,-1.2,25.0,57.9,0.0,22.2,,0.0,0.0,2024-04-30T23:59:59Z,Sentinel Hub Statistical API + OpenMeteo,18,spring,0.0,0.0,0,0,SAFE,SAFE,0,0,0,0,0.9
chirpan_stara_zagora,2024-04-30,2024-05-30,0.7007,-0.6281,0.6264,-9.3398,-15.9539,31.1,-13.4,0.2,59.4,0.0,26.2,,0.0,0.039,2024-05-30T23:59:59Z,Sentinel Hub Statistical API + OpenMeteo,22,spring,0.0,0.0,0,0,SAFE,SAFE,0,0,0,0,0.9
chirpan_stara_zagora,2024-05-30,2024-06-29,0.5481,-0.5543,0.5912,-10.2204,-17.1144,25.5,-2.2,0.0,37.9,0.0,32.6,,0.0,0.119,2024-06-29T23:59:59Z,Sentinel Hub Statistical API + OpenMeteo,26,summer,0.0,0.0,0,0,SAFE,SAFE,0,0,0,0,0.9
chirpan_stara_zagora,2024-06-29,2024-07-29,0.3679,-0.4281,0.571,-10.7246,-17.6125,31.5,-11.3,6.3,34.9,0.0,35.3,,0.0,0.129,2024-07-29T23:59:59Z,Sentinel Hub Statistical API + OpenMeteo,31,summer,0.0,1.0,0,1,SAFE,LOW_RISK,0,0,1,0,0.9
chirpan_stara_zagora,2024-07-29,2024-08-28,0.3124,-0.4,0.5415,-11.4631,-18.9019,34.1,-6.3,4.1,12.7,0.0,34.0,,0.0,0.377,2024-08-28T23:59:59Z,Sentinel Hub Statistical API + OpenMeteo,35,summer,0.0,2.0,0,2,SAFE,MODERATE_RISK,0,0,2,0,0.9
chirpan_stara_zagora,2024-08-28,2024-09-27,0.3001,-0.3947,0.5347,-11.6313,-19.617,26.0,-7.0,0.0,46.4,0.0,31.0,,0.0,0.157,2024-09-27T23:59:59Z,Sentinel Hub Statistical API + OpenMeteo,39,autumn,0.0,0.0,0,0,SAFE,SAFE,0,0,0,0,0.9
chirpan_stara_zagora,2024-09-27,2024-10-27,0.3187,-0.4085,0.5281,-11.7983,-20.2354,29.4,-2.7,0.0,37.0,0.0,20.9,,0.0,0.148,2024-10-27T23:59:59Z,Sentinel Hub Statistical API + OpenMeteo,43,autumn,0.0,0.0,0,0,SAFE,SAFE,0,0,0,0,0.9
chirpan_stara_zagora,2024-10-27,2024-11-26,0.2445,-0.3536,0.5454,-11.3638,-19.641,38.5,-2.6,7.1,28.9,0.0,15.7,,0.0,0.216,2024-11-26T23:59:59Z,Sentinel Hub Statistical API + OpenMeteo,48,autumn,0.0,1.0,0,1,SAFE,LOW_RISK,0,0,1,0,0.9
chirpan_stara_zagora,2025-01-01,2025-01-31,0.2406,-0.279,0.5274,-11.8156,-19.7998,42.0,-0.1,0.0,24.4,0.0,17.5,,0.0,0.269,2025-01-31T23:59:59Z,Sentinel Hub Statistical API + OpenMeteo,5,winter,0.0,0.0,0,0,SAFE,SAFE,0,0,0,0,0.9
chirpan_stara_zagora,2025-01-31,2025-03-02,0.3104,-0.3601,0.5255,-11.8633,-20.1825,45.8,5.0,6.6,26.0,0.0,11.2,,0.0,0.22,2025-03-02T23:59:59Z,Sentinel Hub Statistical API + OpenMeteo,9,spring,0.0,0.0,0,0,SAFE,SAFE,0,0,0,0,0.9
chirpan_stara_zagora,2025-03-02,2025-04-01,0.4566,-0.5183,0.6112,-9.719,-16.7921,48.5,20.9,34.1,56.6,0.0,22.4,,0.0,0.0,2025-04-01T23:59:59Z,Sentinel Hub Statistical API + OpenMeteo,14,spring,0.0,0.0,0,0,SAFE,SAFE,0,0,0,0,0.9
chirpan_stara_zagora,2025-04-01,2025-05-01,0.6233,-0.5884,0.4865,-12.8375,-19.7416,18.7,-6.0,14.3,70.8,0.0,23.2,,0.0,0.163,2025-05-01T23:59:59Z,Sentinel Hub Statistical API + OpenMeteo,18,spring,0.0,0.0,0,0,SAFE,SAFE,0,0,0,0,0.9
chirpan_stara_zagora,2025-05-01,2025-05-31,0.7102,-0.6476,0.6183,-9.5422,-16.0201,33.9,-5.3,22.4,92.7,0.0,22.8,,0.0,0.011,2025-05-31T23:59:59Z,Sentinel Hub Statistical API + OpenMeteo,22,spring,0.0,0.0,0,0,SAFE,SAFE,0,0,0,0,0.9
chirpan_stara_zagora,2025-05-31,2025-06-30,0.6207,-0.5987,0.5904,-10.2393,-16.762,32.7,11.7,25.2,28.3,0.0,37.6,,0.0,0.155,2025-06-30T23:59:59Z,Sentinel Hub Statistical API + OpenMeteo,27,summer,0.0,1.0,0,1,SAFE,LOW_RISK,0,0,1,0,0.9
chirpan_stara_zagora,2025-06-30,2025-07-30,0.4158,-0.4705,0.5685,-10.7863,-17.742,19.8,0.0,0.3,2.7,0.0,38.7,,0.0,0.587,2025-07-30T23:59:59Z,Sentinel Hub Statistical API + OpenMeteo,31,summer,0.0,7.0,0,4,SAFE,VERY_HIGH_RISK,0,0,3,2,0.9
chirpan_stara_zagora,2025-07-30,2025-08-29,0.3483,-0.424,0.5304,-11.7388,-19.3337,18.8,-9.6,0.1,14.0,0.0,30.7,,0.0,0.5,2025-08-29T23:59:59Z,Sentinel Hub Statistical API + OpenMeteo,35,summer,0.0,1.0,0,1,SAFE,LOW_RISK,0,0,1,0,0.9
chirpan_stara_zagora,2025-08-29,2025-09-28,0.3216,-0.4167,0.5324,-11.6903,-19.6515,22.1,2.6,1.8,15.6,0.0,29.2,,0.0,0.461,2025-09-28T23:59:59Z,Sentinel Hub Statistical API + OpenMeteo,39,autumn,0.0,0.0,0,0,SAFE,SAFE,0,0,0,0,0.9
chirpan_stara_zagora,2025-09-28,2025-10-28,0.3468,-0.4195,0.6722,-8.1951,-15.8643,46.7,3.5,15.3,151.0,0.0,21.8,,0.0,0.046,2025-10-28T23:59:59Z,Sentinel Hub Statistical API + OpenMeteo,44,autumn,0.0,0.0,0,0,SAFE,SAFE,0,0,0,0,0.9
chirpan_stara_zagora,2025-10-28,2025-11-27,0.3435,-0.372,0.5949,-10.1286,-17.7781,50.2,1.8,12.5,66.1,0.0,20.9,,0.0,0.047,2025-11-27T23:59:59Z,Sentinel Hub Statistical API + OpenMeteo,48,autumn,0.0,0.0,0,0,SAFE,SAFE,0,0,0,0,0.9
chirpan_stara_zagora,2025-11-27,2025-12-27,0.4799,-0.4625,0.66,-8.5002,-15.8711,48.2,0.7,48.0,90.2,0.0,10.4,,0.0,0.0,2025-12-27T23:59:59Z,Sentinel Hub Statistical API + OpenMeteo,52,winter,1.0,0.0,1,0,LOW_RISK,SAFE,1,0,0,0,0.9
chirpan_stara_zagora,2026-01-01,2026-01-31,0.5169,-0.5469,0.65,-8.7465,-17.0693,48.2,0.5,34.2,58.6,0.0,13.4,,0.0,0.0,2026-01-31T23:59:59Z,Sentinel Hub Statistical API + OpenMeteo,5,winter,0.0,0.0,0,0,SAFE,SAFE,0,0,0,0,0.9
chirpan_stara_zagora,2026-03-02,2026-04-01,0.4718,-0.4926,0.5936,-10.1577,-17.7848,49.2,7.3,26.9,40.1,0.0,17.7,,0.0,0.0,2026-04-01T23:59:59Z,Sentinel Hub Statistical API + OpenMeteo,14,spring,0.0,0.0,0,0,SAFE,SAFE,0,0,0,0,0.9
yambol_elhovo,2023-04-27,2023-05-27,0.6831,-0.608,0.598,-10.0509,-16.6974,42.1,2.0,29.0,64.1,0.0,22.6,,0.0,0.0,2023-05-27T23:59:59Z,Sentinel Hub Statistical API + OpenMeteo,21,spring,0.0,0.0,0,0,SAFE,SAFE,0,0,0,0,0.9
yambol_elhovo,2023-05-27,2023-06-26,0.7127,-0.6533,0.6398,-9.005,-15.6509,34.5,-1.4,14.1,59.9,0.0,33.5,,0.0,0.005,2023-06-26T23:59:59Z,Sentinel Hub Statistical API + OpenMeteo,26,summer,0.0,1.0,0,1,SAFE,LOW_RISK,0,0,1,0,0.9
yambol_elhovo,2023-06-26,2023-07-26,0.5404,-0.5438,0.5945,-10.1387,-16.9257,25.6,-1.2,0.1,22.6,0.0,41.0,,0.0,0.29,2023-07-26T23:59:59Z,Sentinel Hub Statistical API + OpenMeteo,30,summer,0.0,3.0,0,2,SAFE,MODERATE_RISK,0,0,1,1,0.9
yambol_elhovo,2023-07-26,2023-08-25,0.4362,-0.4748,0.577,-10.5761,-17.7012,25.6,-1.2,3.6,19.9,0.0,35.9,,0.0,0.326,2023-08-25T23:59:59Z,Sentinel Hub Statistical API + OpenMeteo,34,summer,0.0,1.0,0,1,SAFE,LOW_RISK,0,0,1,0,0.9
yambol_elhovo,2023-08-25,2023-09-24,0.4002,-0.4583,0.5517,-11.2066,-18.5854,26.6,-1.7,0.2,17.2,0.0,34.5,,0.0,0.363,2023-09-24T23:59:59Z,Sentinel Hub Statistical API + OpenMeteo,38,autumn,0.0,1.0,0,1,SAFE,LOW_RISK,0,0,1,0,0.9
yambol_elhovo,2023-09-24,2023-10-24,0.3822,-0.4528,0.5459,-11.3536,-18.8175,28.8,-2.4,0.7,6.1,0.0,28.9,,0.0,0.474,2023-10-24T23:59:59Z,Sentinel Hub Statistical API + OpenMeteo,43,autumn,0.0,1.0,0,1,SAFE,LOW_RISK,0,0,1,0,0.9
yambol_elhovo,2023-10-24,2023-11-23,0.3463,-0.4369,0.5953,-10.1169,-18.1085,43.8,1.0,22.6,59.1,0.0,18.1,,0.0,0.046,2023-11-23T23:59:59Z,Sentinel Hub Statistical API + OpenMeteo,47,autumn,0.0,0.0,0,0,SAFE,SAFE,0,0,0,0,0.9
yambol_elhovo,2023-11-23,2023-12-23,0.3745,-0.3582,0.6241,-9.3981,-16.9855,44.8,-4.1,0.9,120.9,0.0,12.6,,0.0,0.034,2023-12-23T23:59:59Z,Sentinel Hub Statistical API + OpenMeteo,51,winter,0.0,0.0,0,0,SAFE,SAFE,0,0,0,0,0.9
yambol_elhovo,2024-01-01,2024-01-31,0.4066,-0.3296,0.6022,-9.9459,-17.4915,40.3,-2.4,5.1,38.9,0.0,11.6,,0.0,0.032,2024-01-31T23:59:59Z,Sentinel Hub Statistical API + OpenMeteo,5,winter,0.0,0.0,0,0,SAFE,SAFE,0,0,0,0,0.9
yambol_elhovo,2024-01-31,2024-03-01,0.4265,-0.493,0.5583,-11.0434,-17.9662,32.8,-3.5,0.0,15.7,0.0,19.5,,0.0,0.306,2024-03-01T23:59:59Z,Sentinel Hub Statistical API + OpenMeteo,9,spring,0.0,0.0,0,0,SAFE,SAFE,0,0,0,0,0.9
yambol_elhovo,2024-03-01,2024-03-31,0.516,-0.5147,0.6026,-9.9347,-16.7681,36.1,-5.2,7.0,42.0,0.0,24.9,,0.0,0.0,2024-03-31T23:59:59Z,Sentinel Hub Statistical API + OpenMeteo,13,spring,0.0,0.0,0,0,SAFE,SAFE,0,0,0,0,0.9
yambol_elhovo,2024-03-31,2024-04-30,0.6291,-0.5967,0.5867,-10.3332,-16.8174,47.2,1.4,28.8,77.1,0.0,23.0,,0.0,0.0,2024-04-30T23:59:59Z,Sentinel Hub Statistical API + OpenMeteo,18,spring,0.0,0.0,0,0,SAFE,SAFE,0,0,0,0,0.9
yambol_elhovo,2024-04-30,2024-05-30,0.7187,-0.647,0.5998,-10.0059,-16.5934,32.7,-10.7,3.5,52.6,0.0,26.4,,0.0,0.023,2024-05-30T23:59:59Z,Sentinel Hub Statistical API + OpenMeteo,22,spring,0.0,0.0,0,0,SAFE,SAFE,0,0,0,0,0.9
yambol_elhovo,2024-05-30,2024-06-29,0.5475,-0.5575,0.5779,-10.5525,-17.2516,26.6,0.5,0.0,11.8,0.0,31.6,,0.0,0.401,2024-06-29T23:59:59Z,Sentinel Hub Statistical API + OpenMeteo,26,summer,0.0,1.0,0,1,SAFE,LOW_RISK,0,0,1,0,0.9
yambol_elhovo,2024-06-29,2024-07-29,0.4339,-0.4767,0.5792,-10.5194,-17.3878,25.7,-5.6,4.4,15.5,0.0,37.7,,0.0,0.376,2024-07-29T23:59:59Z,Sentinel Hub Statistical API + OpenMeteo,31,summer,0.0,1.0,0,1,SAFE,LOW_RISK,0,0,1,0,0.9
yambol_elhovo,2024-07-29,2024-08-28,0.3649,-0.431,0.5573,-11.0679,-18.3361,30.2,-0.3,3.5,9.6,0.0,36.1,,0.0,0.428,2024-08-28T23:59:59Z,Sentinel Hub Statistical API + OpenMeteo,35,summer,0.0,2.0,0,2,SAFE,MODERATE_RISK,0,0,2,0,0.9
yambol_elhovo,2024-08-28,2024-09-27,0.3606,-0.4271,0.6122,-9.6958,-17.6199,27.9,-10.8,0.0,67.0,0.0,29.9,,0.0,0.111,2024-09-27T23:59:59Z,Sentinel Hub Statistical API + OpenMeteo,39,autumn,0.0,0.0,0,0,SAFE,SAFE,0,0,0,0,0.9
yambol_elhovo,2024-09-27,2024-10-27,0.4416,-0.4693,0.5483,-11.2921,-19.1726,29.1,-2.9,0.0,61.4,0.0,20.0,,0.0,0.063,2024-10-27T23:59:59Z,Sentinel Hub Statistical API + OpenMeteo,43,autumn,0.0,0.0,0,0,SAFE,SAFE,0,0,0,0,0.9
yambol_elhovo,2024-10-27,2024-11-26,0.4092,-0.4742,0.6809,-7.9761,-15.3466,40.1,1.3,18.9,33.9,0.0,17.1,,0.0,0.087,2024-11-26T23:59:59Z,Sentinel Hub Statistical API + OpenMeteo,48,autumn,0.0,0.0,0,0,SAFE,SAFE,0,0,0,0,0.9
yambol_elhovo,2024-11-26,2024-12-26,0.426,-0.5014,0.6082,-9.7958,-17.4194,50.1,5.8,63.7,114.1,0.0,12.9,,0.0,0.011,2024-12-26T23:59:59Z,Sentinel Hub Statistical API + OpenMeteo,52,winter,1.0,0.0,1,0,LOW_RISK,SAFE,1,0,0,0,0.9
yambol_elhovo,2025-01-01,2025-01-31,0.3731,-0.3904,0.5884,-10.291,-17.7767,45.9,-3.7,0.3,44.1,0.0,17.8,,0.0,0.034,2025-01-31T23:59:59Z,Sentinel Hub Statistical API + OpenMeteo,5,winter,0.0,0.0,0,0,SAFE,SAFE,0,0,0,0,0.9
yambol_elhovo,2025-01-31,2025-03-02,0.4406,-0.342,0.6291,-9.2721,-16.8959,44.7,-1.0,5.7,46.2,0.0,12.1,,0.0,0.004,2025-03-02T23:59:59Z,Sentinel Hub Statistical API + OpenMeteo,9,spring,0.0,0.0,0,0,SAFE,SAFE,0,0,0,0,0.9
yambol_elhovo,2025-03-02,2025-04-01,0.4689,-0.4991,0.5697,-10.7569,-17.1628,40.7,16.4,23.3,55.6,0.0,22.5,,0.0,0.0,2025-04-01T23:59:59Z,Sentinel Hub Statistical API + OpenMeteo,14,spring,0.0,0.0,0,0,SAFE,SAFE,0,0,0,0,0.9
yambol_elhovo,2025-04-01,2025-05-01,0.6098,-0.5624,0.5483,-11.2921,-17.5476,20.2,-2.6,4.7,44.3,0.0,23.1,,0.0,0.148,2025-05-01T23:59:59Z,Sentinel Hub Statistical API + OpenMeteo,18,spring,0.0,0.0,0,0,SAFE,SAFE,0,0,0,0,0.9
yambol_elhovo,2025-05-01,2025-05-31,0.6942,-0.6251,0.6194,-9.5141,-15.8615,34.4,2.7,52.8,113.8,0.0,22.6,,0.0,0.006,2025-05-31T23:59:59Z,Sentinel Hub Statistical API + OpenMeteo,22,spring,1.0,0.0,1,0,LOW_RISK,SAFE,1,0,0,0,0.9
yambol_elhovo,2025-05-31,2025-06-30,0.6523,-0.6189,0.5867,-10.3314,-16.9665,19.2,-1.6,2.1,4.0,0.0,38.0,,0.0,0.563,2025-06-30T23:59:59Z,Sentinel Hub Statistical API + OpenMeteo,27,summer,0.0,5.0,0,3,SAFE,HIGH_RISK,0,0,3,1,0.9
yambol_elhovo,2025-06-30,2025-07-30,0.4439,-0.5093,0.5718,-10.7053,-17.5143,20.4,0.3,0.5,4.1,0.0,38.0,,0.0,0.553,2025-07-30T23:59:59Z,Sentinel Hub Statistical API + OpenMeteo,31,summer,0.0,4.0,0,3,SAFE,HIGH_RISK,0,0,2,1,0.9
yambol_elhovo,2025-07-30,2025-08-29,0.3671,-0.4511,0.5541,-11.1466,-19.0539,19.7,1.4,2.4,9.4,0.0,31.4,,0.0,0.534,2025-08-29T23:59:59Z,Sentinel Hub Statistical API + OpenMeteo,35,summer,0.0,2.0,0,2,SAFE,MODERATE_RISK,0,0,2,0,0.9
yambol_elhovo,2025-08-29,2025-09-28,0.3685,-0.4394,0.5453,-11.3666,-18.9291,21.7,1.1,0.4,5.9,0.0,27.4,,0.0,0.553,2025-09-28T23:59:59Z,Sentinel Hub Statistical API + OpenMeteo,39,autumn,0.0,1.0,0,1,SAFE,LOW_RISK,0,0,1,0,0.9
yambol_elhovo,2025-09-28,2025-10-28,0.3796,-0.4215,0.562,-10.95,-19.0034,47.6,6.7,23.9,127.2,0.0,22.0,,0.0,0.031,2025-10-28T23:59:59Z,Sentinel Hub Statistical API + OpenMeteo,44,autumn,0.0,0.0,0,0,SAFE,SAFE,0,0,0,0,0.9
yambol_elhovo,2025-10-28,2025-11-27,0.4274,-0.4399,0.6148,-9.6289,-16.8768,45.4,1.4,4.8,32.6,0.0,21.2,,0.0,0.093,2025-11-27T23:59:59Z,Sentinel Hub Statistical API + OpenMeteo,48,autumn,0.0,0.0,0,0,SAFE,SAFE,0,0,0,0,0.9
yambol_elhovo,2025-11-27,2025-12-27,0.5171,-0.5085,0.6348,-9.1312,-16.2122,47.8,2.0,14.7,46.6,0.0,10.9,,0.0,0.0,2025-12-27T23:59:59Z,Sentinel Hub Statistical API + OpenMeteo,52,winter,0.0,0.0,0,0,SAFE,SAFE,0,0,0,0,0.9
yambol_elhovo,2026-01-01,2026-01-31,0.5051,-0.5188,0.6409,-8.9786,-16.411,48.3,-0.5,47.0,83.4,0.0,15.9,,0.0,0.0,2026-01-31T23:59:59Z,Sentinel Hub Statistical API + OpenMeteo,5,winter,1.0,0.0,1,0,LOW_RISK,SAFE,1,0,0,0,0.9
yambol_elhovo,2026-01-31,2026-03-02,0.5307,-0.5481,0.6509,-8.7281,-16.1682,45.2,-0.9,7.0,127.5,0.0,15.4,,0.0,0.0,2026-03-02T23:59:59Z,Sentinel Hub Statistical API + OpenMeteo,10,spring,0.0,0.0,0,0,SAFE,SAFE,0,0,0,0,0.9
yambol_elhovo,2026-03-02,2026-04-01,0.516,-0.5369,0.6324,-9.19,-15.539,51.0,7.0,41.6,57.9,0.0,16.6,,0.0,0.0,2026-04-01T23:59:59Z,Sentinel Hub Statistical API + OpenMeteo,14,spring,1.0,0.0,1,0,LOW_RISK,SAFE,1,0,0,0,0.9
maritsa_plovdiv,2023-04-27,2023-05-27,0.5491,-0.5313,0.7245,-6.7933,-14.1032,26.0,-2.1,14.1,64.3,0.0,24.8,,0.0,0.09,2023-05-27T23:59:59Z,Sentinel Hub Statistical API + OpenMeteo,21,spring,0.0,0.0,0,0,SAFE,SAFE,0,0,0,0,0.9
maritsa_plovdiv,2023-05-27,2023-06-26,0.5293,-0.5196,0.6735,-8.1306,-15.3016,19.7,-9.1,13.7,71.3,0.0,31.9,,0.0,0.153,2023-06-26T23:59:59Z,Sentinel Hub Statistical API + OpenMeteo,26,summer,0.0,1.0,0,1,SAFE,LOW_RISK,0,0,1,0,0.9
maritsa_plovdiv,2023-06-26,2023-07-26,0.4854,-0.5005,0.6525,-8.6692,-15.494,12.7,-0.6,0.0,7.5,0.0,41.2,,0.0,0.589,2023-07-26T23:59:59Z,Sentinel Hub Statistical API + OpenMeteo,30,summer,0.0,5.0,0,3,SAFE,HIGH_RISK,0,0,3,1,0.9
maritsa_plovdiv,2023-07-26,2023-08-25,0.3982,-0.4516,0.6267,-9.3111,-16.2119,14.0,0.3,2.3,9.2,0.0,36.2,,0.0,0.58,2023-08-25T23:59:59Z,Sentinel Hub Statistical API + OpenMeteo,34,summer,0.0,3.0,0,2,SAFE,MODERATE_RISK,0,0,3,0,0.9
maritsa_plovdiv,2023-08-25,2023-09-24,0.3851,-0.4388,0.6227,-9.4142,-16.6521,20.3,-7.9,0.6,20.8,0.0,31.9,,0.0,0.392,2023-09-24T23:59:59Z,Sentinel Hub Statistical API + OpenMeteo,38,autumn,0.0,0.0,0,0,SAFE,SAFE,0,0,0,0,0.9
maritsa_plovdiv,2023-09-24,2023-10-24,0.3527,-0.4294,0.6116,-9.6932,-17.2816,18.9,-2.6,0.8,11.2,0.0,26.4,,0.0,0.528,2023-10-24T23:59:59Z,Sentinel Hub Statistical API + OpenMeteo,43,autumn,0.0,2.0,0,2,SAFE,MODERATE_RISK,0,0,2,0,0.9
maritsa_plovdiv,2023-10-24,2023-11-23,0.3255,-0.429,0.6422,-8.9152,-17.0009,33.3,4.8,9.8,32.0,0.0,16.9,,0.0,0.162,2023-11-23T23:59:59Z,Sentinel Hub Statistical API + OpenMeteo,47,autumn,0.0,0.0,0,0,SAFE,SAFE,0,0,0,0,0.9
maritsa_plovdiv,2023-11-23,2023-12-23,0.3229,-0.4133,0.7045,-7.3603,-15.6867,35.8,-5.6,0.1,94.2,0.0,12.4,,0.0,0.056,2023-12-23T23:59:59Z,Sentinel Hub Statistical API + OpenMeteo,51,winter,0.0,0.0,0,0,SAFE,SAFE,0,0,0,0,0.9
maritsa_plovdiv,2024-01-01,2024-01-31,0.2933,-0.3139,0.7197,-6.9804,-15.4763,31.2,-4.2,1.0,45.0,0.0,11.6,,0.0,0.108,2024-01-31T23:59:59Z,Sentinel Hub Statistical API + OpenMeteo,5,winter,0.0,0.0,0,0,SAFE,SAFE,0,0,0,0,0.9
maritsa_plovdiv,2024-01-31,2024-03-01,0.3298,-0.4042,0.6165,-9.5648,-17.373,30.9,4.9,6.1,21.7,0.0,18.6,,0.0,0.3,2024-03-01T23:59:59Z,Sentinel Hub Statistical API + OpenMeteo,9,spring,0.0,0.0,0,0,SAFE,SAFE,0,0,0,0,0.9
maritsa_plovdiv,2024-03-01,2024-03-31,0.4571,-0.4867,0.6188,-9.5102,-16.987,19.3,-6.7,4.2,35.7,0.0,24.5,,0.0,0.205,2024-03-31T23:59:59Z,Sentinel Hub Statistical API + OpenMeteo,13,spring,0.0,0.0,0,0,SAFE,SAFE,0,0,0,0,0.9
maritsa_plovdiv,2024-03-31,2024-04-30,0.5263,-0.5283,0.6137,-9.6356,-16.9096,28.7,-7.0,11.6,47.7,0.0,22.2,,0.0,0.063,2024-04-30T23:59:59Z,Sentinel Hub Statistical API + OpenMeteo,18,spring,0.0,0.0,0,0,SAFE,SAFE,0,0,0,0,0.9
maritsa_plovdiv,2024-04-30,2024-05-30,0.6151,-0.5632,0.7091,-7.2423,-14.3033,20.9,-9.5,1.8,82.3,0.0,25.9,,0.0,0.141,2024-05-30T23:59:59Z,Sentinel Hub Statistical API + OpenMeteo,22,spring,0.0,0.0,0,0,SAFE,SAFE,0,0,0,0,0.9
maritsa_plovdiv,2024-05-30,2024-06-29,0.5055,-0.5158,0.6546,-8.6214,-15.4824,15.1,1.1,13.7,43.0,0.0,33.7,,0.0,0.199,2024-06-29T23:59:59Z,Sentinel Hub Statistical API + OpenMeteo,26,summer,0.0,2.0,0,2,SAFE,MODERATE_RISK,0,0,2,0,0.9
maritsa_plovdiv,2024-06-29,2024-07-29,0.3946,-0.4541,0.6413,-8.9484,-16.1669,14.7,-3.7,7.1,16.2,0.0,36.3,,0.0,0.495,2024-07-29T23:59:59Z,Sentinel Hub Statistical API + OpenMeteo,31,summer,0.0,2.0,0,2,SAFE,MODERATE_RISK,0,0,2,0,0.9
maritsa_plovdiv,2024-07-29,2024-08-28,0.3595,-0.4319,0.6214,-9.4298,-16.6059,15.0,-11.7,0.1,1.5,0.0,34.5,,0.0,0.673,2024-08-28T23:59:59Z,Sentinel Hub Statistical API + OpenMeteo,35,summer,0.0,5.0,0,3,SAFE,HIGH_RISK,0,0,3,1,0.9
maritsa_plovdiv,2024-08-28,2024-09-27,0.334,-0.419,0.6146,-9.6144,-17.1336,13.4,-7.2,0.0,36.2,0.0,30.7,,0.0,0.31,2024-09-27T23:59:59Z,Sentinel Hub Statistical API + OpenMeteo,39,autumn,0.0,1.0,0,1,SAFE,LOW_RISK,0,0,1,0,0.9
maritsa_plovdiv,2024-09-27,2024-10-27,0.3043,-0.4027,0.5978,-10.0343,-17.9267,13.7,1.1,0.0,19.8,0.0,22.0,,0.0,0.505,2024-10-27T23:59:59Z,Sentinel Hub Statistical API + OpenMeteo,43,autumn,0.0,1.0,0,1,SAFE,LOW_RISK,0,0,1,0,0.9
maritsa_plovdiv,2024-10-27,2024-11-26,0.2362,-0.365,0.5987,-10.0114,-18.1226,25.5,2.0,5.2,13.3,0.0,11.9,,0.0,0.49,2024-11-26T23:59:59Z,Sentinel Hub Statistical API + OpenMeteo,48,autumn,0.0,2.0,0,2,SAFE,MODERATE_RISK,0,0,2,0,0.9
maritsa_plovdiv,2024-11-26,2024-12-26,0.2231,-0.3526,0.7655,-5.7055,-13.6574,41.5,5.8,58.7,132.6,0.0,8.5,,0.0,0.101,2024-12-26T23:59:59Z,Sentinel Hub Statistical API + OpenMeteo,52,winter,1.0,0.0,1,0,LOW_RISK,SAFE,1,0,0,0,0.9
maritsa_plovdiv,2025-01-01,2025-01-31,0.2233,-0.2815,0.633,-9.1508,-17.5271,29.8,-7.0,0.0,21.0,0.0,16.2,,0.0,0.367,2025-01-31T23:59:59Z,Sentinel Hub Statistical API + OpenMeteo,5,winter,0.0,0.0,0,0,SAFE,SAFE,0,0,0,0,0.9
maritsa_plovdiv,2025-01-31,2025-03-02,0.257,-0.3553,0.6008,-9.9596,-18.3467,39.0,4.4,6.0,23.1,0.0,12.6,,0.0,0.276,2025-03-02T23:59:59Z,Sentinel Hub Statistical API + OpenMeteo,9,spring,0.0,0.0,0,0,SAFE,SAFE,0,0,0,0,0.9
maritsa_plovdiv,2025-03-02,2025-04-01,0.3316,-0.4181,0.7178,-6.9994,-14.6855,42.2,4.4,37.5,48.5,0.0,20.8,,0.0,0.053,2025-04-01T23:59:59Z,Sentinel Hub Statistical API + OpenMeteo,14,spring,0.0,0.0,0,0,SAFE,SAFE,0,0,0,0,0.9
maritsa_plovdiv,2025-04-01,2025-05-01,0.5268,-0.5171,0.586,-10.3356,-17.9497,9.3,-13.9,4.5,62.2,0.0,23.9,,0.0,0.257,2025-05-01T23:59:59Z,Sentinel Hub Statistical API + OpenMeteo,18,spring,0.0,0.0,0,0,SAFE,SAFE,0,0,0,0,0.9
maritsa_plovdiv,2025-05-01,2025-05-31,0.6141,-0.5834,0.6964,-7.5609,-14.6061,15.2,-3.1,33.9,119.2,0.0,23.8,,0.0,0.198,2025-05-31T23:59:59Z,Sentinel Hub Statistical API + OpenMeteo,22,spring,0.0,0.0,0,0,SAFE,SAFE,0,0,0,0,0.9
maritsa_plovdiv,2025-05-31,2025-06-30,0.5302,-0.536,0.6557,-8.5871,-15.763,12.0,2.2,1.3,1.6,0.0,37.8,,0.0,0.662,2025-06-30T23:59:59Z,Sentinel Hub Statistical API + OpenMeteo,27,summer,0.0,5.0,0,3,SAFE,HIGH_RISK,0,0,3,1,0.9
maritsa_plovdiv,2025-06-30,2025-07-30,0.4187,-0.4696,0.6476,-8.7913,-15.916,8.4,-0.9,0.0,0.8,0.0,38.8,,0.0,0.721,2025-07-30T23:59:59Z,Sentinel Hub Statistical API + OpenMeteo,31,summer,0.0,9.0,0,4,SAFE,VERY_HIGH_RISK,0,0,3,3,0.9
maritsa_plovdiv,2025-07-30,2025-08-29,0.4026,-0.4542,0.6234,-9.3949,-16.6087,9.4,-7.0,0.0,36.3,0.0,30.6,,0.0,0.319,2025-08-29T23:59:59Z,Sentinel Hub Statistical API + OpenMeteo,35,summer,0.0,3.0,0,2,SAFE,MODERATE_RISK,0,0,1,1,0.9
maritsa_plovdiv,2025-08-29,2025-09-28,0.379,-0.4503,0.6111,-9.6999,-17.1101,11.1,1.1,0.0,15.9,0.0,29.1,,0.0,0.542,2025-09-28T23:59:59Z,Sentinel Hub Statistical API + OpenMeteo,39,autumn,0.0,1.0,0,1,SAFE,LOW_RISK,0,0,1,0,0.9
maritsa_plovdiv,2025-09-28,2025-10-28,0.3857,-0.4362,0.6939,-7.6243,-15.3581,35.7,4.4,11.2,160.6,0.0,21.0,,0.0,0.029,2025-10-28T23:59:59Z,Sentinel Hub Statistical API + OpenMeteo,44,autumn,0.0,0.0,0,0,SAFE,SAFE,0,0,0,0,0.9
maritsa_plovdiv,2025-10-28,2025-11-27,0.4277,-0.4609,0.6464,-8.8183,-16.5241,38.2,-0.6,9.7,26.2,0.0,20.6,,0.0,0.165,2025-11-27T23:59:59Z,Sentinel Hub Statistical API + OpenMeteo,48,autumn,0.0,0.0,0,0,SAFE,SAFE,0,0,0,0,0.9
maritsa_plovdiv,2025-11-27,2025-12-27,0.4595,-0.471,0.7198,-6.9667,-14.9205,40.2,2.6,66.5,103.8,0.0,9.6,,0.0,0.0,2025-12-27T23:59:59Z,Sentinel Hub Statistical API + OpenMeteo,52,winter,1.0,0.0,1,0,LOW_RISK,SAFE,1,0,0,0,0.9
maritsa_plovdiv,2026-01-01,2026-01-31,0.4103,-0.4355,0.6753,-8.0808,-16.2079,39.8,5.5,33.8,48.3,0.0,12.1,,0.0,0.018,2026-01-31T23:59:59Z,Sentinel Hub Statistical API + OpenMeteo,5,winter,0.0,0.0,0,0,SAFE,SAFE,0,0,0,0,0.9
maritsa_plovdiv,2026-03-02,2026-04-01,0.4118,-0.4522,0.6413,-8.9393,-16.5232,38.1,9.5,35.7,54.5,0.0,16.2,,0.0,0.017,2026-04-01T23:59:59Z,Sentinel Hub Statistical API + OpenMeteo,14,spring,0.0,0.0,0,0,SAFE,SAFE,0,0,0,0,0.9
maritsa_harmanli_svilengrad,2023-04-27,2023-05-27,0.6469,-0.5749,0.6382,-9.0461,-15.7229,37.0,10.3,30.3,72.3,0.0,23.9,,0.0,0.0,2023-05-27T23:59:59Z,Sentinel Hub Statistical API + OpenMeteo,21,spring,0.0,0.0,0,0,SAFE,SAFE,0,0,0,0,0.9
maritsa_harmanli_svilengrad,2023-05-27,2023-06-26,0.687,-0.6466,0.6168,-9.5807,-15.6071,21.5,0.2,3.8,46.3,0.0,32.7,,0.0,0.135,2023-06-26T23:59:59Z,Sentinel Hub Statistical API + OpenMeteo,26,summer,0.0,0.0,0,0,SAFE,SAFE,0,0,0,0,0.9
maritsa_harmanli_svilengrad,2023-06-26,2023-07-26,0.5485,-0.5513,0.6047,-9.8837,-16.4141,13.9,-0.9,0.0,13.3,0.0,39.6,,0.0,0.511,2023-07-26T23:59:59Z,Sentinel Hub Statistical API + OpenMeteo,30,summer,0.0,5.0,0,3,SAFE,HIGH_RISK,0,0,3,1,0.9
maritsa_harmanli_svilengrad,2023-07-26,2023-08-25,0.475,-0.518,0.5744,-10.6407,-16.7894,12.7,-0.6,0.2,8.0,0.0,37.0,,0.0,0.583,2023-08-25T23:59:59Z,Sentinel Hub Statistical API + OpenMeteo,34,summer,0.0,3.0,0,2,SAFE,MODERATE_RISK,0,0,3,0,0.9
maritsa_harmanli_svilengrad,2023-08-25,2023-09-24,0.4283,-0.4965,0.5738,-10.655,-17.2957,13.4,-0.5,0.7,12.1,0.0,34.0,,0.0,0.54,2023-09-24T23:59:59Z,Sentinel Hub Statistical API + OpenMeteo,38,autumn,0.0,3.0,0,2,SAFE,MODERATE_RISK,0,0,3,0,0.9
maritsa_harmanli_svilengrad,2023-09-24,2023-10-24,0.4062,-0.4989,0.5533,-11.1665,-17.6245,17.9,-0.6,4.2,15.6,0.0,29.0,,0.0,0.465,2023-10-24T23:59:59Z,Sentinel Hub Statistical API + OpenMeteo,43,autumn,0.0,1.0,0,1,SAFE,LOW_RISK,0,0,1,0,0.9
maritsa_harmanli_svilengrad,2023-10-24,2023-11-23,0.4003,-0.4938,0.6141,-9.6463,-17.0409,29.3,2.7,13.2,37.2,0.0,18.5,,0.0,0.111,2023-11-23T23:59:59Z,Sentinel Hub Statistical API + OpenMeteo,47,autumn,0.0,0.0,0,0,SAFE,SAFE,0,0,0,0,0.9
maritsa_harmanli_svilengrad,2023-11-23,2023-12-23,0.3528,-0.3967,0.6144,-9.6401,-16.3083,31.8,-7.0,0.9,85.1,0.0,12.1,,0.0,0.075,2023-12-23T23:59:59Z,Sentinel Hub Statistical API + OpenMeteo,51,winter,0.0,0.0,0,0,SAFE,SAFE,0,0,0,0,0.9
maritsa_harmanli_svilengrad,2024-01-01,2024-01-31,0.3923,-0.4853,0.5832,-10.419,-17.1399,28.5,-1.5,1.3,30.7,0.0,12.3,,0.0,0.195,2024-01-31T23:59:59Z,Sentinel Hub Statistical API + OpenMeteo,5,winter,0.0,0.0,0,0,SAFE,SAFE,0,0,0,0,0.9
maritsa_harmanli_svilengrad,2024-01-31,2024-03-01,0.3972,-0.4828,0.5652,-10.8696,-16.9939,19.8,-1.8,0.6,23.9,0.0,19.6,,0.0,0.357,2024-03-01T23:59:59Z,Sentinel Hub Statistical API + OpenMeteo,9,spring,0.0,0.0,0,0,SAFE,SAFE,0,0,0,0,0.9
maritsa_harmanli_svilengrad,2024-03-01,2024-03-31,0.4702,-0.483,0.5826,-10.4348,-16.4091,18.9,-4.7,7.3,61.7,0.0,27.0,,0.0,0.161,2024-03-31T23:59:59Z,Sentinel Hub Statistical API + OpenMeteo,13,spring,0.0,0.0,0,0,SAFE,SAFE,0,0,0,0,0.9
maritsa_harmanli_svilengrad,2024-03-31,2024-04-30,0.5853,-0.5695,0.6149,-9.6273,-15.9468,40.2,6.9,71.3,119.6,0.0,23.4,,0.0,0.0,2024-04-30T23:59:59Z,Sentinel Hub Statistical API + OpenMeteo,18,spring,1.0,0.0,1,0,LOW_RISK,SAFE,1,0,0,0,0.9
maritsa_harmanli_svilengrad,2024-04-30,2024-05-30,0.6884,-0.6369,0.6233,-9.4176,-15.5925,17.0,-6.8,2.1,70.0,0.0,26.6,,0.0,0.18,2024-05-30T23:59:59Z,Sentinel Hub Statistical API + OpenMeteo,22,spring,0.0,0.0,0,0,SAFE,SAFE,0,0,0,0,0.9
maritsa_harmanli_svilengrad,2024-05-30,2024-06-29,0.5458,-0.5594,0.5914,-10.2142,-16.6931,13.4,0.2,0.0,10.2,0.0,35.1,,0.0,0.551,2024-06-29T23:59:59Z,Sentinel Hub Statistical API + OpenMeteo,26,summer,0.0,3.0,0,2,SAFE,MODERATE_RISK,0,0,3,0,0.9
maritsa_harmanli_svilengrad,2024-06-29,2024-07-29,0.4287,-0.4821,0.5819,-10.4515,-16.6996,14.5,-6.5,2.2,31.4,0.0,38.0,,0.0,0.311,2024-07-29T23:59:59Z,Sentinel Hub Statistical API + OpenMeteo,31,summer,0.0,2.0,0,2,SAFE,MODERATE_RISK,0,0,2,0,0.9
maritsa_harmanli_svilengrad,2024-07-29,2024-08-28,0.3777,-0.4545,0.5579,-11.0536,-17.3807,15.5,-5.8,0.9,11.4,0.0,35.4,,0.0,0.549,2024-08-28T23:59:59Z,Sentinel Hub Statistical API + OpenMeteo,35,summer,0.0,3.0,0,2,SAFE,MODERATE_RISK,0,0,3,0,0.9
maritsa_harmanli_svilengrad,2024-08-28,2024-09-27,0.3681,-0.438,0.5718,-10.7052,-17.2808,14.9,-5.2,0.0,42.0,0.0,29.4,,0.0,0.237,2024-09-27T23:59:59Z,Sentinel Hub Statistical API + OpenMeteo,39,autumn,0.0,1.0,0,1,SAFE,LOW_RISK,0,0,1,0,0.9
maritsa_harmanli_svilengrad,2024-09-27,2024-10-27,0.4608,-0.5015,0.5408,-11.4812,-18.1633,14.4,-3.4,0.0,32.7,0.0,21.0,,0.0,0.288,2024-10-27T23:59:59Z,Sentinel Hub Statistical API + OpenMeteo,43,autumn,0.0,1.0,0,1,SAFE,LOW_RISK,0,0,1,0,0.9
maritsa_harmanli_svilengrad,2024-10-27,2024-11-26,0.4104,-0.488,0.5729,-10.6774,-17.3971,30.6,2.2,15.7,32.4,0.0,17.3,,0.0,0.147,2024-11-26T23:59:59Z,Sentinel Hub Statistical API + OpenMeteo,48,autumn,0.0,0.0,0,0,SAFE,SAFE,0,0,0,0,0.9
maritsa_harmanli_svilengrad,2024-11-26,2024-12-26,0.4114,-0.5044,0.6607,-8.4815,-14.8598,42.1,4.1,61.9,127.4,0.0,14.8,,0.0,0.017,2024-12-26T23:59:59Z,Sentinel Hub Statistical API + OpenMeteo,52,winter,1.0,0.0,1,0,LOW_RISK,SAFE,1,0,0,0,0.9
maritsa_harmanli_svilengrad,2025-01-01,2025-01-31,0.3557,-0.381,0.5834,-10.4141,-17.0327,32.3,-8.5,0.5,39.6,0.0,17.8,,0.0,0.073,2025-01-31T23:59:59Z,Sentinel Hub Statistical API + OpenMeteo,5,winter,0.0,0.0,0,0,SAFE,SAFE,0,0,0,0,0.9
maritsa_harmanli_svilengrad,2025-01-31,2025-03-02,0.3791,-0.4152,0.5682,-10.7956,-17.7627,34.3,-2.6,5.6,30.6,0.0,13.4,,0.0,0.144,2025-03-02T23:59:59Z,Sentinel Hub Statistical API + OpenMeteo,9,spring,0.0,0.0,0,0,SAFE,SAFE,0,0,0,0,0.9
maritsa_harmanli_svilengrad,2025-03-02,2025-04-01,0.4397,-0.4978,0.6135,-9.6636,-15.6787,37.1,4.2,19.6,54.2,0.0,22.4,,0.0,0.005,2025-04-01T23:59:59Z,Sentinel Hub Statistical API + OpenMeteo,14,spring,0.0,0.0,0,0,SAFE,SAFE,0,0,0,0,0.9
maritsa_harmanli_svilengrad,2025-04-01,2025-05-01,0.5944,-0.5635,0.5444,-11.3888,-17.4341,23.5,-0.6,19.4,64.0,0.0,23.0,,0.0,0.115,2025-05-01T23:59:59Z,Sentinel Hub Statistical API + OpenMeteo,18,spring,0.0,0.0,0,0,SAFE,SAFE,0,0,0,0,0.9
maritsa_harmanli_svilengrad,2025-05-01,2025-05-31,0.6669,-0.6144,0.6146,-9.635,-15.5678,24.8,10.1,28.5,81.0,0.0,24.0,,0.0,0.102,2025-05-31T23:59:59Z,Sentinel Hub Statistical API + OpenMeteo,22,spring,0.0,0.0,0,0,SAFE,SAFE,0,0,0,0,0.9
maritsa_harmanli_svilengrad,2025-05-31,2025-06-30,0.5976,-0.5919,0.5863,-10.3437,-16.58,16.4,3.6,3.6,4.8,0.0,37.1,,0.0,0.582,2025-06-30T23:59:59Z,Sentinel Hub Statistical API + OpenMeteo,27,summer,0.0,3.0,0,2,SAFE,MODERATE_RISK,0,0,3,0,0.9
maritsa_harmanli_svilengrad,2025-06-30,2025-07-30,0.4335,-0.5022,0.5653,-10.8672,-17.2312,12.6,1.0,0.2,1.5,0.0,38.3,,0.0,0.664,2025-07-30T23:59:59Z,Sentinel Hub Statistical API + OpenMeteo,31,summer,0.0,7.0,0,4,SAFE,VERY_HIGH_RISK,0,0,3,2,0.9
maritsa_harmanli_svilengrad,2025-07-30,2025-08-29,0.4047,-0.4699,0.5589,-11.0286,-17.562,14.4,-3.6,0.3,28.3,0.0,31.2,,0.0,0.358,2025-08-29T23:59:59Z,Sentinel Hub Statistical API + OpenMeteo,35,summer,0.0,1.0,0,1,SAFE,LOW_RISK,0,0,1,0,0.9
maritsa_harmanli_svilengrad,2025-08-29,2025-09-28,0.4207,-0.4834,0.5399,-11.503,-18.1435,12.6,-0.5,0.7,6.4,0.0,28.6,,0.0,0.615,2025-09-28T23:59:59Z,Sentinel Hub Statistical API + OpenMeteo,39,autumn,0.0,2.0,0,2,SAFE,MODERATE_RISK,0,0,2,0,0.9
maritsa_harmanli_svilengrad,2025-09-28,2025-10-28,0.4448,-0.4858,0.6475,-8.8134,-15.2742,36.9,3.1,15.5,136.4,0.0,23.0,,0.0,0.002,2025-10-28T23:59:59Z,Sentinel Hub Statistical API + OpenMeteo,44,autumn,0.0,0.0,0,0,SAFE,SAFE,0,0,0,0,0.9
maritsa_harmanli_svilengrad,2025-10-28,2025-11-27,0.4928,-0.5026,0.603,-9.9262,-16.3675,38.9,0.2,31.9,74.5,0.0,21.8,,0.0,0.0,2025-11-27T23:59:59Z,Sentinel Hub Statistical API + OpenMeteo,48,autumn,0.0,0.0,0,0,SAFE,SAFE,0,0,0,0,0.9
maritsa_harmanli_svilengrad,2025-11-27,2025-12-27,0.5136,-0.5235,0.6251,-9.3735,-15.9479,40.3,1.1,26.9,44.3,0.0,10.4,,0.0,0.0,2025-12-27T23:59:59Z,Sentinel Hub Statistical API + OpenMeteo,52,winter,0.0,0.0,0,0,SAFE,SAFE,0,0,0,0,0.9
maritsa_harmanli_svilengrad,2026-01-01,2026-01-31,0.5135,-0.5514,0.6483,-8.7918,-15.7424,40.3,2.1,39.9,73.0,0.0,15.4,,0.0,0.0,2026-01-31T23:59:59Z,Sentinel Hub Statistical API + OpenMeteo,5,winter,0.0,0.0,0,0,SAFE,SAFE,0,0,0,0,0.9
maritsa_harmanli_svilengrad,2026-01-31,2026-03-02,0.4936,-0.5183,0.6655,-8.3613,-15.656,36.3,-2.5,1.1,175.8,0.0,17.3,,0.0,0.0,2026-03-02T23:59:59Z,Sentinel Hub Statistical API + OpenMeteo,10,spring,0.0,0.0,0,0,SAFE,SAFE,0,0,0,0,0.9
maritsa_harmanli_svilengrad,2026-03-02,2026-04-01,0.4702,-0.5001,0.6517,-8.7064,-15.1809,42.8,6.5,30.3,56.1,0.0,16.2,,0.0,0.0,2026-04-01T23:59:59Z,Sentinel Hub Statistical API + OpenMeteo,14,spring,0.0,0.0,0,0,SAFE,SAFE,0,0,0,0,0.9
