aoi_name,target_date,flood_risk_level,flood_risk_label,drought_risk_level,drought_risk_label,threshold_flood_score,threshold_drought_score,alert_confidence,feature_date,feature_t_minus_1_ndvi,feature_t_minus_0_ndvi,feature_t_minus_1_ndwi,feature_t_minus_0_ndwi,feature_t_minus_1_s1_moisture,feature_t_minus_0_s1_moisture,feature_t_minus_1_soil_moisture_pct,feature_t_minus_0_soil_moisture_pct,feature_t_minus_1_soil_moisture_7d_delta,feature_t_minus_0_soil_moisture_7d_delta,feature_t_minus_1_precip_mm_7d,feature_t_minus_0_precip_mm_7d,feature_t_minus_1_precip_mm_30d,feature_t_minus_0_precip_mm_30d,feature_t_minus_1_forecast_precip_24h_mm,feature_t_minus_0_forecast_precip_24h_mm,feature_t_minus_1_temp_max_c,feature_t_minus_0_temp_max_c,feature_t_minus_1_drought_index,feature_t_minus_0_drought_index,feature_t_minus_1_flood_extent_km2,feature_t_minus_0_flood_extent_km2,feature_t_minus_1_week_of_year,feature_t_minus_0_week_of_year
chirpan_stara_zagora,2023-07-26,0,SAFE,3,HIGH_RISK,0.0,4.0,0.9,2023-06-26,0.6583,0.5122,-0.6192,-0.524,0.6349,0.5944,38.1,25.6,-1.8,-1.2,21.0,0.0,76.8,10.7,0.0,0.0,31.0,40.5,0.0,0.424,0.0,0.0,26.0,30
chirpan_stara_zagora,2023-08-25,0,SAFE,1,LOW_RISK,0.0,1.0,0.9,2023-07-26,0.5122,0.3828,-0.524,-0.4491,0.5944,0.5544,25.6,27.7,-1.2,-0.3,0.0,0.2,10.7,22.6,0.0,0.0,40.5,35.6,0.424,0.299,0.0,0.0,30.0,34
chirpan_stara_zagora,2023-09-24,0,SAFE,1,LOW_RISK,0.0,1.0,0.9,2023-08-25,0.3828,0.333,-0.4491,-0.4124,0.5544,0.5728,27.7,27.3,-0.3,-3.7,0.2,0.0,22.6,42.9,0.0,0.0,35.6,33.2,0.299,0.129,0.0,0.0,34.0,38
chirpan_stara_zagora,2023-10-24,0,SAFE,1,LOW_RISK,0.0,1.0,0.9,2023-09-24,0.333,0.3087,-0.4124,-0.3987,0.5728,0.5404,27.3,30.3,-3.7,-2.8,0.0,0.9,42.9,11.2,0.0,0.0,33.2,28.5,0.129,0.434,0.0,0.0,38.0,43
chirpan_stara_zagora,2023-11-23,0,SAFE,0,SAFE,0.0,0.0,0.9,2023-10-24,0.3087,0.2931,-0.3987,-0.4232,0.5404,0.5704,30.3,45.2,-2.8,6.0,0.9,10.8,11.2,40.6,0.0,0.0,28.5,16.8,0.434,0.07,0.0,0.0,43.0,47
chirpan_stara_zagora,2023-12-23,0,SAFE,0,SAFE,0.0,0.0,0.9,2023-11-23,0.2931,0.2731,-0.4232,-0.398,0.5704,0.633,45.2,47.3,6.0,-2.4,10.8,0.1,40.6,78.3,0.0,0.0,16.8,11.9,0.07,0.079,0.0,0.0,47.0,51
chirpan_stara_zagora,2024-01-31,0,SAFE,0,SAFE,0.0,0.0,0.9,2023-12-23,0.2731,0.3156,-0.398,-0.4456,0.633,0.6119,47.3,42.3,-2.4,-4.0,0.1,2.3,78.3,44.9,0.0,0.0,11.9,12.6,0.079,0.06,0.0,0.0,51.0,5
chirpan_stara_zagora,2024-03-01,0,SAFE,0,SAFE,0.0,0.0,0.9,2024-01-31,0.3156,0.384,-0.4456,-0.4674,0.6119,0.5221,42.3,38.6,-4.0,-1.2,2.3,2.0,44.9,18.1,0.0,0.0,12.6,20.6,0.06,0.276,0.0,0.0,5.0,9
chirpan_stara_zagora,2024-03-31,0,SAFE,0,SAFE,0.0,0.0,0.9,2024-03-01,0.384,0.4905,-0.4674,-0.499,0.5221,0.5194,38.6,34.8,-1.2,-6.6,2.0,7.8,18.1,87.3,0.0,0.0,20.6,26.0,0.276,0.002,0.0,0.0,9.0,13
chirpan_stara_zagora,2024-04-30,0,SAFE,0,SAFE,0.0,0.0,0.9,2024-03-31,0.4905,0.5766,-0.499,-0.5657,0.5194,0.5538,34.8,44.8,-6.6,-1.2,7.8,25.0,87.3,57.9,0.0,0.0,26.0,22.2,0.002,0.0,0.0,0.0,13.0,18
chirpan_stara_zagora,2024-05-30,0,SAFE,0,SAFE,0.0,0.0,0.9,2024-04-30,0.5766,0.7007,-0.5657,-0.6281,0.5538,0.6264,44.8,31.1,-1.2,-13.4,25.0,0.2,57.9,59.4,0.0,0.0,22.2,26.2,0.0,0.039,0.0,0.0,18.0,22
chirpan_stara_zagora,2024-06-29,0,SAFE,0,SAFE,0.0,0.0,0.9,2024-05-30,0.7007,0.5481,-0.6281,-0.5543,0.6264,0.5912,31.1,25.5,-13.4,-2.2,0.2,0.0,59.4,37.9,0.0,0.0,26.2,32.6,0.039,0.119,0.0,0.0,22.0,26
chirpan_stara_zagora,2024-07-29,0,SAFE,1,LOW_RISK,0.0,1.0,0.9,2024-06-29,0.5481,0.3679,-0.5543,-0.4281,0.5912,0.571,25.5,31.5,-2.2,-11.3,0.0,6.3,37.9,34.9,0.0,0.0,32.6,35.3,0.119,0.129,0.0,0.0,26.0,31
chirpan_stara_zagora,2024-08-28,0,SAFE,2,MODERATE_RISK,0.0,2.0,0.9,2024-07-29,0.3679,0.3124,-0.4281,-0.4,0.571,0.5415,31.5,34.1,-11.3,-6.3,6.3,4.1,34.9,12.7,0.0,0.0,35.3,34.0,0.129,0.377,0.0,0.0,31.0,35
chirpan_stara_zagora,2024-09-27,0,SAFE,0,SAFE,0.0,0.0,0.9,2024-08-28,0.3124,0.3001,-0.4,-0.3947,0.5415,0.5347,34.1,26.0,-6.3,-7.0,4.1,0.0,12.7,46.4,0.0,0.0,34.0,31.0,0.377,0.157,0.0,0.0,35.0,39
chirpan_stara_zagora,2024-10-27,0,SAFE,0,SAFE,0.0,0.0,0.9,2024-09-27,0.3001,0.3187,-0.3947,-0.4085,0.5347,0.5281,26.0,29.4,-7.0,-2.7,0.0,0.0,46.4,37.0,0.0,0.0,31.0,20.9,0.157,0.148,0.0,0.0,39.0,43
chirpan_stara_zagora,2024-11-26,0,SAFE,1,LOW_RISK,0.0,1.0,0.9,2024-10-27,0.3187,0.2445,-0.4085,-0.3536,0.5281,0.5454,29.4,38.5,-2.7,-2.6,0.0,7.1,37.0,28.9,0.0,0.0,20.9,15.7,0.148,0.216,0.0,0.0,43.0,48
chirpan_stara_zagora,2025-01-31,0,SAFE,0,SAFE,0.0,0.0,0.9,2024-11-26,0.2445,0.2406,-0.3536,-0.279,0.5454,0.5274,38.5,42.0,-2.6,-0.1,7.1,0.0,28.9,24.4,0.0,0.0,15.7,17.5,0.216,0.269,0.0,0.0,48.0,5
chirpan_stara_zagora,2025-03-02,0,SAFE,0,SAFE,0.0,0.0,0.9,2025-01-31,0.2406,0.3104,-0.279,-0.3601,0.5274,0.5255,42.0,45.8,-0.1,5.0,0.0,6.6,24.4,26.0,0.0,0.0,17.5,11.2,0.269,0.22,0.0,0.0,5.0,9
chirpan_stara_zagora,2025-04-01,0,SAFE,0,SAFE,0.0,0.0,0.9,2025-03-02,0.3104,0.4566,-0.3601,-0.5183,0.5255,0.6112,45.8,48.5,5.0,20.9,6.6,34.1,26.0,56.6,0.0,0.0,11.2,22.4,0.22,0.0,0.0,0.0,9.0,14
chirpan_stara_zagora,2025-05-01,0,SAFE,0,SAFE,0.0,0.0,0.9,2025-04-01,0.4566,0.6233,-0.5183,-0.5884,0.6112,0.4865,48.5,18.7,20.9,-6.0,34.1,14.3,56.6,70.8,0.0,0.0,22.4,23.2,0.0,0.163,0.0,0.0,14.0,18
chirpan_stara_zagora,2025-05-31,0,SAFE,0,SAFE,0.0,0.0,0.9,2025-05-01,0.6233,0.7102,-0.5884,-0.6476,0.4865,0.6183,18.7,33.9,-6.0,-5.3,14.3,22.4,70.8,92.7,0.0,0.0,23.2,22.8,0.163,0.011,0.0,0.0,18.0,22
chirpan_stara_zagora,2025-06-30,0,SAFE,1,LOW_RISK,0.0,1.0,0.9,2025-05-31,0.7102,0.6207,-0.6476,-0.5987,0.6183,0.5904,33.9,32.7,-5.3,11.7,22.4,25.2,92.7,28.3,0.0,0.0,22.8,37.6,0.011,0.155,0.0,0.0,22.0,27
chirpan_stara_zagora,2025-07-30,0,SAFE,4,VERY_HIGH_RISK,0.0,7.0,0.9,2025-06-30,0.6207,0.4158,-0.5987,-0.4705,0.5904,0.5685,32.7,19.8,11.7,0.0,25.2,0.3,28.3,2.7,0.0,0.0,37.6,38.7,0.155,0.587,0.0,0.0,27.0,31
chirpan_stara_zagora,2025-08-29,0,SAFE,1,LOW_RISK,0.0,1.0,0.9,2025-07-30,0.4158,0.3483,-0.4705,-0.424,0.5685,0.5304,19.8,18.8,0.0,-9.6,0.3,0.1,2.7,14.0,0.0,0.0,38.7,30.7,0.587,0.5,0.0,0.0,31.0,35
chirpan_stara_zagora,2025-09-28,0,SAFE,0,SAFE,0.0,0.0,0.9,2025-08-29,0.3483,0.3216,-0.424,-0.4167,0.5304,0.5324,18.8,22.1,-9.6,2.6,0.1,1.8,14.0,15.6,0.0,0.0,30.7,29.2,0.5,0.461,0.0,0.0,35.0,39
chirpan_stara_zagora,2025-10-28,0,SAFE,0,SAFE,0.0,0.0,0.9,2025-09-28,0.3216,0.3468,-0.4167,-0.4195,0.5324,0.6722,22.1,46.7,2.6,3.5,1.8,15.3,15.6,151.0,0.0,0.0,29.2,21.8,0.461,0.046,0.0,0.0,39.0,44
chirpan_stara_zagora,2025-11-27,0,SAFE,0,SAFE,0.0,0.0,0.9,2025-10-28,0.3468,0.3435,-0.4195,-0.372,0.6722,0.5949,46.7,50.2,3.5,1.8,15.3,12.5,151.0,66.1,0.0,0.0,21.8,20.9,0.046,0.047,0.0,0.0,44.0,48
chirpan_stara_zagora,2025-12-27,1,LOW_RISK,0,SAFE,1.0,0.0,0.9,2025-11-27,0.3435,0.4799,-0.372,-0.4625,0.5949,0.66,50.2,48.2,1.8,0.7,12.5,48.0,66.1,90.2,0.0,0.0,20.9,10.4,0.047,0.0,0.0,0.0,48.0,52
chirpan_stara_zagora,2026-01-31,0,SAFE,0,SAFE,0.0,0.0,0.9,2025-12-27,0.4799,0.5169,-0.4625,-0.5469,0.66,0.65,48.2,48.2,0.7,0.5,48.0,34.2,90.2,58.6,0.0,0.0,10.4,13.4,0.0,0.0,0.0,0.0,52.0,5
chirpan_stara_zagora,2026-04-01,0,SAFE,0,SAFE,0.0,0.0,0.9,2026-01-31,0.5169,0.4718,-0.5469,-0.4926,0.65,0.5936,48.2,49.2,0.5,7.3,34.2,26.9,58.6,40.1,0.0,0.0,13.4,17.7,0.0,0.0,0.0,0.0,5.0,14
danube_belene_svishtov,2023-06-26,0,SAFE,1,LOW_RISK,0.0,1.0,0.9,2023-05-27,0.6161,0.5929,-0.5165,-0.5226,0.6005,0.6192,34.2,34.8,2.4,5.2,8.2,4.9,40.8,50.0,0.0,0.0,25.9,34.0,0.008,0.002,0.0,0.0,21.0,26
danube_belene_svishtov,2023-07-26,0,SAFE,2,MODERATE_RISK,0.0,2.0,0.9,2023-06-26,0.5929,0.5096,-0.5226,-0.4812,0.6192,0.607,34.8,18.3,5.2,1.0,4.9,8.7,50.0,31.4,0.0,0.0,34.0,37.8,0.002,0.264,0.0,0.0,26.0,30
danube_belene_svishtov,2023-08-25,0,SAFE,2,MODERATE_RISK,0.0,2.0,0.9,2023-07-26,0.5096,0.4034,-0.4812,-0.4087,0.607,0.597,18.3,14.9,1.0,-2.7,8.7,0.1,31.4,38.0,0.0,0.0,37.8,35.7,0.264,0.244,0.0,0.0,30.0,34
danube_belene_svishtov,2023-09-24,0,SAFE,2,MODERATE_RISK,0.0,2.0,0.9,2023-08-25,0.4034,0.3521,-0.4087,-0.3808,0.597,0.565,14.9,17.3,-2.7,-2.0,0.1,1.0,38.0,22.1,0.0,0.0,35.7,34.0,0.244,0.422,0.0,0.0,34.0,38
danube_belene_svishtov,2023-10-24,0,SAFE,3,HIGH_RISK,0.0,4.0,0.9,2023-09-24,0.3521,0.3143,-0.3808,-0.3634,0.565,0.5353,17.3,15.5,-2.0,-3.5,1.0,0.0,22.1,1.0,0.0,0.0,34.0,30.6,0.422,0.694,0.0,0.0,38.0,43
danube_belene_svishtov,2023-11-23,0,SAFE,0,SAFE,0.0,0.0,0.9,2023-10-24,0.3143,0.2961,-0.3634,-0.367,0.5353,0.5912,15.5,29.3,-3.5,6.1,0.0,21.3,1.0,50.1,0.0,0.0,30.6,16.0,0.694,0.125,0.0,0.0,43.0,47
danube_belene_svishtov,2023-12-23,0,SAFE,0,SAFE,0.0,0.0,0.9,2023-11-23,0.2961,0.3181,-0.367,-0.3853,0.5912,0.6257,29.3,33.5,6.1,-3.6,21.3,1.1,50.1,104.5,0.0,0.0,16.0,10.9,0.125,0.074,0.0,0.0,47.0,51
danube_belene_svishtov,2024-01-31,0,SAFE,0,SAFE,0.0,0.0,0.9,2023-12-23,0.3181,0.28,-0.3853,-0.2026,0.6257,0.5887,33.5,33.0,-3.6,1.6,1.1,6.0,104.5,41.1,0.0,0.0,10.9,9.6,0.074,0.096,0.0,0.0,51.0,5
danube_belene_svishtov,2024-03-01,0,SAFE,0,SAFE,0.0,0.0,0.9,2024-01-31,0.28,0.3744,-0.2026,-0.3895,0.5887,0.5254,33.0,27.9,1.6,3.9,6.0,4.0,41.1,11.3,0.0,0.0,9.6,21.0,0.096,0.427,0.0,0.0,5.0,9
danube_belene_svishtov,2024-03-31,0,SAFE,0,SAFE,0.0,0.0,0.9,2024-03-01,0.3744,0.4958,-0.3895,-0.4466,0.5254,0.5266,27.9,26.3,3.9,-0.9,4.0,13.0,11.3,45.9,0.0,0.0,21.0,28.1,0.427,0.087,0.0,0.0,9.0,13
danube_belene_svishtov,2024-04-30,0,SAFE,0,SAFE,0.0,0.0,0.9,2024-03-31,0.4958,0.5812,-0.4466,-0.5075,0.5266,0.538,26.3,37.6,-0.9,-0.2,13.0,16.3,45.9,72.2,0.0,0.0,28.1,22.2,0.087,0.0,0.0,0.0,13.0,18
danube_belene_svishtov,2024-05-30,0,SAFE,0,SAFE,0.0,0.0,0.9,2024-04-30,0.5812,0.6583,-0.5075,-0.5665,0.538,0.6198,37.6,28.8,-0.2,-7.0,16.3,8.0,72.2,66.5,0.0,0.0,22.2,25.2,0.0,0.062,0.0,0.0,18.0,22
danube_belene_svishtov,2024-06-29,0,SAFE,2,MODERATE_RISK,0.0,3.0,0.9,2024-05-30,0.6583,0.5232,-0.5665,-0.4975,0.6198,0.5771,28.8,14.6,-7.0,0.2,8.0,0.7,66.5,10.4,0.0,0.0,25.2,35.7,0.062,0.537,0.0,0.0,22.0,26
danube_belene_svishtov,2024-07-29,0,SAFE,1,LOW_RISK,0.0,1.0,0.9,2024-06-29,0.5232,0.3672,-0.4975,-0.4007,0.5771,0.5496,14.6,22.6,0.2,-6.1,0.7,26.1,10.4,33.6,0.0,0.0,35.7,34.5,0.537,0.233,0.0,0.0,26.0,31
danube_belene_svishtov,2024-08-28,0,SAFE,2,MODERATE_RISK,0.0,3.0,0.9,2024-07-29,0.3672,0.3102,-0.4007,-0.3677,0.5496,0.5305,22.6,18.2,-6.1,3.8,26.1,0.6,33.6,12.1,0.0,0.0,34.5,35.2,0.233,0.544,0.0,0.0,31.0,35
danube_belene_svishtov,2024-09-27,0,SAFE,1,LOW_RISK,0.0,1.0,0.9,2024-08-28,0.3102,0.2845,-0.3677,-0.3389,0.5305,0.5218,18.2,17.3,3.8,-9.4,0.6,0.0,12.1,27.4,0.0,0.0,35.2,30.5,0.544,0.392,0.0,0.0,35.0,39
danube_belene_svishtov,2024-10-27,0,SAFE,1,LOW_RISK,0.0,1.0,0.9,2024-09-27,0.2845,0.3372,-0.3389,-0.3707,0.5218,0.5045,17.3,18.3,-9.4,-2.4,0.0,0.0,27.4,45.9,0.0,0.0,30.5,19.0,0.392,0.217,0.0,0.0,39.0,43
danube_belene_svishtov,2024-11-26,0,SAFE,0,SAFE,0.0,0.0,0.9,2024-10-27,0.3372,0.3264,-0.3707,-0.3689,0.5045,0.5764,18.3,26.6,-2.4,-1.8,0.0,6.7,45.9,36.7,0.0,0.0,19.0,16.4,0.217,0.176,0.0,0.0,43.0,48
danube_belene_svishtov,2024-12-26,1,LOW_RISK,0,SAFE,1.0,0.0,0.9,2024-11-26,0.3264,0.3712,-0.3689,-0.3838,0.5764,0.7102,26.6,40.2,-1.8,11.4,6.7,76.5,36.7,140.7,0.0,0.0,16.4,9.4,0.176,0.035,0.0,0.0,48.0,52
danube_belene_svishtov,2025-01-31,0,SAFE,0,SAFE,0.0,0.0,0.9,2024-12-26,0.3712,0.3825,-0.3838,-0.4018,0.7102,0.5217,40.2,30.2,11.4,-0.3,76.5,0.0,140.7,4.9,0.0,0.0,9.4,15.2,0.035,0.473,0.0,0.0,52.0,5
danube_belene_svishtov,2025-03-02,0,SAFE,0,SAFE,0.0,0.0,0.9,2025-01-31,0.3825,0.338,-0.4018,-0.1798,0.5217,0.5084,30.2,38.9,-0.3,8.3,0.0,5.0,4.9,29.3,0.0,0.0,15.2,8.9,0.473,0.17,0.0,0.0,5.0,9
danube_belene_svishtov,2025-04-01,0,SAFE,0,SAFE,0.0,0.0,0.9,2025-03-02,0.338,0.4402,-0.1798,-0.4187,0.5084,0.5919,38.9,41.9,8.3,12.6,5.0,28.5,29.3,36.1,0.0,0.0,8.9,17.5,0.17,0.048,0.0,0.0,9.0,14
danube_belene_svishtov,2025-05-01,0,SAFE,0,SAFE,0.0,0.0,0.9,2025-04-01,0.4402,0.6387,-0.4187,-0.5465,0.5919,0.4743,41.9,20.7,12.6,-10.9,28.5,5.7,36.1,33.1,0.0,0.0,17.5,23.8,0.048,0.221,0.0,0.0,14.0,18
danube_belene_svishtov,2025-05-31,1,LOW_RISK,0,SAFE,1.0,0.0,0.9,2025-05-01,0.6387,0.6721,-0.5465,-0.5756,0.4743,0.6225,20.7,36.5,-10.9,13.0,5.7,47.8,33.1,83.9,0.0,0.0,23.8,22.3,0.221,0.0,0.0,0.0,18.0,22
danube_belene_svishtov,2025-06-30,0,SAFE,1,LOW_RISK,0.0,1.0,0.9,2025-05-31,0.6721,0.5753,-0.5756,-0.5241,0.6225,0.5917,36.5,25.1,13.0,10.1,47.8,13.4,83.9,20.5,0.0,0.0,22.3,34.8,0.0,0.318,0.0,0.0,22.0,27
danube_belene_svishtov,2025-07-30,0,SAFE,1,LOW_RISK,0.0,1.0,0.9,2025-06-30,0.5753,0.4032,-0.5241,-0.4282,0.5917,0.6468,25.1,23.3,10.1,8.7,13.4,7.3,20.5,25.0,0.0,0.0,34.8,37.5,0.318,0.307,0.0,0.0,27.0,31
danube_belene_svishtov,2025-08-29,0,SAFE,2,MODERATE_RISK,0.0,2.0,0.9,2025-07-30,0.4032,0.3503,-0.4282,-0.3801,0.6468,0.5363,23.3,11.9,8.7,-1.6,7.3,0.0,25.0,13.0,0.0,0.0,37.5,30.1,0.307,0.579,0.0,0.0,31.0,35
danube_belene_svishtov,2025-09-28,0,SAFE,1,LOW_RISK,0.0,1.0,0.9,2025-08-29,0.3503,0.3477,-0.3801,-0.3884,0.5363,0.5238,11.9,11.5,-1.6,-1.9,0.0,0.6,13.0,14.4,0.0,0.0,30.1,26.9,0.579,0.568,0.0,0.0,35.0,39
danube_belene_svishtov,2025-10-28,0,SAFE,0,SAFE,0.0,0.0,0.9,2025-09-28,0.3477,0.3527,-0.3884,-0.3726,0.5238,0.5963,11.5,38.7,-1.9,3.4,0.6,16.5,14.4,192.4,0.0,0.0,26.9,21.7,0.568,0.043,0.0,0.0,39.0,44
danube_belene_svishtov,2025-11-27,0,SAFE,0,SAFE,0.0,0.0,0.9,2025-10-28,0.3527,0.3838,-0.3726,-0.3907,0.5963,0.6416,38.7,41.7,3.4,0.4,16.5,4.7,192.4,40.9,0.0,0.0,21.7,18.4,0.043,0.029,0.0,0.0,44.0,48
danube_belene_svishtov,2026-01-31,0,SAFE,0,SAFE,0.0,0.0,0.9,2025-11-27,0.3838,0.2667,-0.3907,-0.0602,0.6416,0.6451,41.7,40.7,0.4,0.5,4.7,16.6,40.9,81.6,0.0,0.0,18.4,11.3,0.029,0.081,0.0,0.0,48.0,5
danube_belene_svishtov,2026-04-01,1,LOW_RISK,0,SAFE,1.0,0.0,0.9,2026-01-31,0.2667,0.4071,-0.0602,-0.3977,0.6451,0.6306,40.7,39.3,0.5,5.6,16.6,46.2,81.6,52.8,0.0,0.0,11.3,19.0,0.081,0.019,0.0,0.0,5.0,14
danube_ruse_slivo_pole,2023-06-26,0,SAFE,1,LOW_RISK,0.0,1.0,0.9,2023-05-27,0.5681,0.601,-0.4977,-0.5289,0.5979,0.6495,32.5,30.7,0.7,9.7,10.5,10.8,39.6,40.9,0.0,0.0,25.0,35.5,0.029,0.043,0.0,0.0,21.0,26
danube_ruse_slivo_pole,2023-07-26,0,SAFE,3,HIGH_RISK,0.0,4.0,0.9,2023-06-26,0.601,0.5406,-0.5289,-0.5099,0.6495,0.6112,30.7,14.0,9.7,-2.1,10.8,5.9,40.9,47.5,0.0,0.0,35.5,39.7,0.043,0.21,0.0,0.0,26.0,30
danube_ruse_slivo_pole,2023-08-25,0,SAFE,2,MODERATE_RISK,0.0,2.0,0.9,2023-07-26,0.5406,0.4309,-0.5099,-0.4335,0.6112,0.5896,14.0,14.1,-2.1,-1.3,5.9,0.7,47.5,43.4,0.0,0.0,39.7,36.3,0.21,0.217,0.0,0.0,30.0,34
danube_ruse_slivo_pole,2023-09-24,0,SAFE,2,MODERATE_RISK,0.0,2.0,0.9,2023-08-25,0.4309,0.3431,-0.4335,-0.3847,0.5896,0.5635,14.1,14.1,-1.3,-3.5,0.7,0.0,43.4,34.3,0.0,0.0,36.3,34.2,0.217,0.321,0.0,0.0,34.0,38
danube_ruse_slivo_pole,2023-10-24,0,SAFE,2,MODERATE_RISK,0.0,2.0,0.9,2023-09-24,0.3431,0.3122,-0.3847,-0.3781,0.5635,0.5507,14.1,15.9,-3.5,-5.2,0.0,0.0,34.3,8.2,0.0,0.0,34.2,30.2,0.321,0.61,0.0,0.0,38.0,43
danube_ruse_slivo_pole,2023-11-23,0,SAFE,0,SAFE,0.0,0.0,0.9,2023-10-24,0.3122,0.286,-0.3781,-0.3657,0.5507,0.6219,15.9,29.8,-5.2,8.6,0.0,27.2,8.2,47.1,0.0,0.0,30.2,15.2,0.61,0.125,0.0,0.0,43.0,47
danube_ruse_slivo_pole,2024-01-31,0,SAFE,0,SAFE,0.0,0.0,0.9,2023-11-23,0.286,0.31,-0.3657,-0.3702,0.6219,0.5868,29.8,32.8,8.6,0.2,27.2,5.3,47.1,42.4,0.0,0.0,15.2,8.5,0.125,0.084,0.0,0.0,47.0,5
danube_ruse_slivo_pole,2024-04-30,0,SAFE,0,SAFE,0.0,0.0,0.9,2024-01-31,0.31,0.5856,-0.3702,-0.5246,0.5868,0.6245,32.8,38.7,0.2,-1.4,5.3,24.2,42.4,84.2,0.0,0.0,8.5,22.1,0.084,0.0,0.0,0.0,5.0,18
danube_ruse_slivo_pole,2024-06-29,0,SAFE,2,MODERATE_RISK,0.0,2.0,0.9,2024-04-30,0.5856,0.5222,-0.5246,-0.508,0.6245,0.6047,38.7,15.7,-1.4,-0.4,24.2,0.0,84.2,19.2,0.0,0.0,22.1,33.3,0.0,0.427,0.0,0.0,18.0,26
danube_ruse_slivo_pole,2024-07-29,0,SAFE,2,MODERATE_RISK,0.0,2.0,0.9,2024-06-29,0.5222,0.4255,-0.508,-0.4333,0.6047,0.5985,15.7,17.0,-0.4,1.0,0.0,11.9,19.2,21.2,0.0,0.0,33.3,33.2,0.427,0.402,0.0,0.0,26.0,31
danube_ruse_slivo_pole,2024-08-28,0,SAFE,1,LOW_RISK,0.0,1.0,0.9,2024-07-29,0.4255,0.3701,-0.4333,-0.4015,0.5985,0.5629,17.0,27.7,1.0,13.9,11.9,10.5,21.2,28.1,0.0,0.0,33.2,34.8,0.402,0.242,0.0,0.0,31.0,35
danube_ruse_slivo_pole,2024-09-27,0,SAFE,0,SAFE,0.0,0.0,0.9,2024-08-28,0.3701,0.3267,-0.4015,-0.3684,0.5629,0.5571,27.7,24.3,13.9,-9.7,10.5,0.0,28.1,61.0,0.0,0.0,34.8,31.5,0.242,0.162,0.0,0.0,35.0,39
danube_ruse_slivo_pole,2024-10-27,0,SAFE,0,SAFE,0.0,0.0,0.9,2024-09-27,0.3267,0.381,-0.3684,-0.3997,0.5571,0.5585,24.3,20.7,-9.7,-4.4,0.0,0.0,61.0,39.5,0.0,0.0,31.5,19.2,0.162,0.179,0.0,0.0,39.0,43
danube_ruse_slivo_pole,2024-11-26,0,SAFE,0,SAFE,0.0,0.0,0.9,2024-10-27,0.381,0.3726,-0.3997,-0.4012,0.5585,0.7217,20.7,31.9,-4.4,-3.6,0.0,7.0,39.5,69.5,0.0,0.0,19.2,17.3,0.179,0.065,0.0,0.0,43.0,48
danube_ruse_slivo_pole,2025-01-31,0,SAFE,0,SAFE,0.0,0.0,0.9,2024-11-26,0.3726,0.3799,-0.4012,-0.4025,0.7217,0.6657,31.9,29.3,-3.6,1.8,7.0,0.0,69.5,9.0,0.0,0.0,17.3,17.5,0.065,0.437,0.0,0.0,48.0,5
danube_ruse_slivo_pole,2025-03-02,0,SAFE,0,SAFE,0.0,0.0,0.9,2025-01-31,0.3799,0.3522,-0.4025,-0.0773,0.6657,0.6004,29.3,42.1,1.8,12.0,0.0,10.3,9.0,51.1,0.0,0.0,17.5,7.8,0.437,0.043,0.0,0.0,5.0,9
danube_ruse_slivo_pole,2025-04-01,0,SAFE,0,SAFE,0.0,0.0,0.9,2025-03-02,0.3522,0.4332,-0.0773,-0.4186,0.6004,0.569,42.1,37.9,12.0,5.2,10.3,24.9,51.1,31.9,0.0,0.0,7.8,18.4,0.043,0.099,0.0,0.0,9.0,14
danube_ruse_slivo_pole,2025-05-01,0,SAFE,0,SAFE,0.0,0.0,0.9,2025-04-01,0.4332,0.5961,-0.4186,-0.5281,0.569,0.4865,37.9,20.1,5.2,-7.0,24.9,12.2,31.9,39.7,0.0,0.0,18.4,24.6,0.099,0.152,0.0,0.0,14.0,18
danube_ruse_slivo_pole,2025-05-31,1,LOW_RISK,0,SAFE,1.0,0.0,0.9,2025-05-01,0.5961,0.6219,-0.5281,-0.5469,0.4865,0.6869,20.1,36.9,-7.0,-3.0,12.2,51.9,39.7,105.5,0.0,0.0,24.6,22.5,0.152,0.0,0.0,0.0,18.0,22
danube_ruse_slivo_pole,2025-06-30,0,SAFE,3,HIGH_RISK,0.0,5.0,0.9,2025-05-31,0.6219,0.6179,-0.5469,-0.5448,0.6869,0.6246,36.9,17.2,-3.0,6.7,51.9,1.9,105.5,3.2,0.0,0.0,22.5,35.5,0.0,0.592,0.0,0.0,22.0,27
danube_ruse_slivo_pole,2025-07-30,0,SAFE,2,MODERATE_RISK,0.0,3.0,0.9,2025-06-30,0.6179,0.4562,-0.5448,-0.4612,0.6246,0.6001,17.2,30.6,6.7,3.9,1.9,22.7,3.2,44.5,0.0,0.0,35.5,38.8,0.592,0.044,0.0,0.0,27.0,31
danube_ruse_slivo_pole,2025-08-29,0,SAFE,2,MODERATE_RISK,0.0,2.0,0.9,2025-07-30,0.4562,0.3651,-0.4612,-0.396,0.6001,0.5606,30.6,12.2,3.9,-4.4,22.7,0.5,44.5,6.1,0.0,0.0,38.8,30.8,0.044,0.647,0.0,0.0,31.0,35
danube_ruse_slivo_pole,2025-09-28,0,SAFE,2,MODERATE_RISK,0.0,2.0,0.9,2025-08-29,0.3651,0.3255,-0.396,-0.3799,0.5606,0.5501,12.2,12.5,-4.4,-3.1,0.5,0.0,6.1,10.8,0.0,0.0,30.8,27.0,0.647,0.609,0.0,0.0,35.0,39
danube_ruse_slivo_pole,2025-10-28,0,SAFE,0,SAFE,0.0,0.0,0.9,2025-09-28,0.3255,0.2894,-0.3799,-0.3239,0.5501,0.5758,12.5,38.3,-3.1,2.1,0.0,12.5,10.8,167.8,0.0,0.0,27.0,22.4,0.609,0.071,0.0,0.0,39.0,44
danube_ruse_slivo_pole,2025-11-27,0,SAFE,0,SAFE,0.0,0.0,0.9,2025-10-28,0.2894,0.3647,-0.3239,-0.3679,0.5758,0.7082,38.3,41.6,2.1,0.5,12.5,8.6,167.8,72.7,0.0,0.0,22.4,20.6,0.071,0.038,0.0,0.0,44.0,48
danube_ruse_slivo_pole,2026-01-31,0,SAFE,0,SAFE,0.0,0.0,0.9,2025-11-27,0.3647,0.4274,-0.3679,-0.282,0.7082,0.673,41.6,41.1,0.5,1.5,8.6,17.2,72.7,65.5,0.0,0.0,20.6,12.4,0.038,0.01,0.0,0.0,48.0,5
danube_ruse_slivo_pole,2026-03-02,0,SAFE,0,SAFE,0.0,0.0,0.9,2026-01-31,0.4274,-0.0806,-0.282,-0.0073,0.673,0.7073,41.1,38.8,1.5,-3.3,17.2,39.9,65.5,159.8,0.0,0.0,12.4,10.1,0.01,0.2,0.0,0.0,5.0,10
danube_ruse_slivo_pole,2026-04-01,1,LOW_RISK,0,SAFE,1.0,0.0,0.9,2026-03-02,-0.0806,0.3871,-0.0073,-0.3862,0.7073,0.5732,38.8,39.3,-3.3,5.4,39.9,51.1,159.8,56.7,0.0,0.0,10.1,18.9,0.2,0.028,0.0,0.0,10.0,14
dobrich_dobrudzha,2023-06-26,0,SAFE,1,LOW_RISK,0.0,1.0,0.9,2023-05-27,0.5533,0.6006,-0.548,-0.5816,0.5629,0.6281,35.5,15.6,17.9,-10.3,36.4,9.1,66.3,43.1,0.0,0.0,24.2,32.6,0.0,0.194,0.0,0.0,21.0,26
dobrich_dobrudzha,2023-07-26,0,SAFE,2,MODERATE_RISK,0.0,2.0,0.9,2023-06-26,0.6006,0.5771,-0.5816,-0.5795,0.6281,0.5817,15.6,15.8,-10.3,0.6,9.1,8.4,43.1,38.1,0.0,0.0,32.6,36.7,0.194,0.213,0.0,0.0,26.0,30
dobrich_dobrudzha,2023-08-25,0,SAFE,2,MODERATE_RISK,0.0,2.0,0.9,2023-07-26,0.5771,0.4803,-0.5795,-0.4998,0.5817,0.5926,15.8,14.2,0.6,-0.3,8.4,1.8,38.1,25.2,0.0,0.0,36.7,35.8,0.213,0.374,0.0,0.0,30.0,34
dobrich_dobrudzha,2023-09-24,0,SAFE,2,MODERATE_RISK,0.0,2.0,0.9,2023-08-25,0.4803,0.3347,-0.4998,-0.4229,0.5926,0.5336,14.2,14.5,-0.3,-2.6,1.8,0.8,25.2,5.5,0.0,0.0,35.8,30.6,0.374,0.644,0.0,0.0,34.0,38
dobrich_dobrudzha,2023-10-24,0,SAFE,2,MODERATE_RISK,0.0,3.0,0.9,2023-09-24,0.3347,0.2928,-0.4229,-0.4045,0.5336,0.5516,14.5,15.8,-2.6,-7.6,0.8,0.1,5.5,5.9,0.0,0.0,30.6,33.2,0.644,0.645,0.0,0.0,38.0,43
dobrich_dobrudzha,2023-11-23,1,LOW_RISK,0,SAFE,1.0,0.0,0.9,2023-10-24,0.2928,0.2626,-0.4045,-0.4092,0.5516,0.5744,15.8,32.5,-7.6,12.1,0.1,42.9,5.9,68.8,0.0,0.0,33.2,14.4,0.645,0.108,0.0,0.0,43.0,47
dobrich_dobrudzha,2023-12-23,0,SAFE,0,SAFE,0.0,0.0,0.9,2023-11-23,0.2626,0.2624,-0.4092,-0.3488,0.5744,0.6538,32.5,36.5,12.1,-1.3,42.9,4.9,68.8,132.7,0.0,0.0,14.4,12.4,0.108,0.083,0.0,0.0,47.0,51
dobrich_dobrudzha,2024-01-31,0,SAFE,0,SAFE,0.0,0.0,0.9,2023-12-23,0.2624,0.3128,-0.3488,-0.388,0.6538,0.7153,36.5,29.1,-1.3,0.2,4.9,6.5,132.7,35.2,0.0,0.0,12.4,7.7,0.083,0.174,0.0,0.0,51.0,5
dobrich_dobrudzha,2024-03-01,0,SAFE,0,SAFE,0.0,0.0,0.9,2024-01-31,0.3128,0.3322,-0.388,-0.4362,0.7153,0.5245,29.1,23.4,0.2,-0.8,6.5,0.0,35.2,5.9,0.0,0.0,7.7,18.8,0.174,0.552,0.0,0.0,5.0,9
dobrich_dobrudzha,2024-03-31,0,SAFE,0,SAFE,0.0,0.0,0.9,2024-03-01,0.3322,0.4245,-0.4362,-0.4618,0.5245,0.5387,23.4,23.8,-0.8,-3.1,0.0,10.1,5.9,28.5,0.0,0.0,18.8,26.4,0.552,0.253,0.0,0.0,9.0,13
dobrich_dobrudzha,2024-04-30,0,SAFE,0,SAFE,0.0,0.0,0.9,2024-03-31,0.4245,0.5466,-0.4618,-0.5433,0.5387,0.5475,23.8,38.4,-3.1,1.8,10.1,33.5,28.5,82.3,0.0,0.0,26.4,20.8,0.253,0.0,0.0,0.0,13.0,18
dobrich_dobrudzha,2024-05-30,0,SAFE,0,SAFE,0.0,0.0,0.9,2024-04-30,0.5466,0.6137,-0.5433,-0.5933,0.5475,0.5697,38.4,26.8,1.8,5.3,33.5,17.5,82.3,84.5,0.0,0.0,20.8,24.0,0.0,0.082,0.0,0.0,18.0,22
dobrich_dobrudzha,2024-06-29,0,SAFE,1,LOW_RISK,0.0,1.0,0.9,2024-05-30,0.6137,0.6066,-0.5933,-0.5958,0.5697,0.6095,26.8,15.1,5.3,0.2,17.5,0.0,84.5,49.0,0.0,0.0,24.0,31.7,0.082,0.199,0.0,0.0,22.0,26
dobrich_dobrudzha,2024-07-29,0,SAFE,2,MODERATE_RISK,0.0,2.0,0.9,2024-06-29,0.6066,0.4716,-0.5958,-0.5046,0.6095,0.6333,15.1,16.5,0.2,3.7,0.0,5.5,49.0,19.6,0.0,0.0,31.7,33.5,0.199,0.414,0.0,0.0,26.0,31
dobrich_dobrudzha,2024-08-28,0,SAFE,1,LOW_RISK,0.0,1.0,0.9,2024-07-29,0.4716,0.3601,-0.5046,-0.4346,0.6333,0.538,16.5,20.6,3.7,7.1,5.5,9.4,19.6,46.3,0.0,0.0,33.5,34.3,0.414,0.184,0.0,0.0,31.0,35
dobrich_dobrudzha,2024-09-27,0,SAFE,1,LOW_RISK,0.0,1.0,0.9,2024-08-28,0.3601,0.3842,-0.4346,-0.4167,0.538,0.6122,20.6,18.1,7.1,-11.5,9.4,0.0,46.3,83.3,0.0,0.0,34.3,26.8,0.184,0.198,0.0,0.0,35.0,39
dobrich_dobrudzha,2024-10-27,0,SAFE,0,SAFE,0.0,0.0,0.9,2024-09-27,0.3842,0.4758,-0.4167,-0.4982,0.6122,0.5676,18.1,22.3,-11.5,-5.0,0.0,0.0,83.3,61.1,0.0,0.0,26.8,18.5,0.198,0.127,0.0,0.0,39.0,43
dobrich_dobrudzha,2024-11-26,0,SAFE,0,SAFE,0.0,0.0,0.9,2024-10-27,0.4758,0.4256,-0.4982,-0.4931,0.5676,0.6968,22.3,34.2,-5.0,-1.1,0.0,9.0,61.1,55.9,0.0,0.0,18.5,15.1,0.127,0.019,0.0,0.0,43.0,48
dobrich_dobrudzha,2024-12-26,1,LOW_RISK,0,SAFE,1.0,0.0,0.9,2024-11-26,0.4256,0.4395,-0.4931,-0.5397,0.6968,0.6067,34.2,40.7,-1.1,6.9,9.0,45.8,55.9,90.2,0.0,0.0,15.1,11.1,0.019,0.005,0.0,0.0,48.0,52
dobrich_dobrudzha,2025-01-31,0,SAFE,0,SAFE,0.0,0.0,0.9,2024-12-26,0.4395,0.4321,-0.5397,-0.5112,0.6067,0.704,40.7,28.6,6.9,-2.3,45.8,3.0,90.2,19.9,0.0,0.0,11.1,17.5,0.005,0.298,0.0,0.0,52.0,5
dobrich_dobrudzha,2025-03-02,0,SAFE,0,SAFE,0.0,0.0,0.9,2025-01-31,0.4321,0.398,-0.5112,-0.2626,0.704,0.5893,28.6,38.6,-2.3,8.8,3.0,3.0,19.9,31.8,0.0,0.0,17.5,9.1,0.298,0.115,0.0,0.0,5.0,9
dobrich_dobrudzha,2025-04-01,0,SAFE,0,SAFE,0.0,0.0,0.9,2025-03-02,0.398,0.4443,-0.2626,-0.4836,0.5893,0.5253,38.6,38.0,8.8,5.4,3.0,23.2,31.8,33.9,0.0,0.0,9.1,17.5,0.115,0.071,0.0,0.0,9.0,14
dobrich_dobrudzha,2025-05-01,0,SAFE,0,SAFE,0.0,0.0,0.9,2025-04-01,0.4443,0.567,-0.4836,-0.5487,0.5253,0.6126,38.0,19.6,5.4,-2.6,23.2,2.7,33.9,26.1,0.0,0.0,17.5,22.2,0.071,0.31,0.0,0.0,14.0,18
dobrich_dobrudzha,2025-05-31,0,SAFE,0,SAFE,0.0,0.0,0.9,2025-05-01,0.567,0.5984,-0.5487,-0.5787,0.6126,0.6494,19.6,24.5,-2.6,2.2,2.7,13.7,26.1,55.7,0.0,0.0,22.2,22.0,0.31,0.105,0.0,0.0,18.0,22
dobrich_dobrudzha,2025-06-30,0,SAFE,2,MODERATE_RISK,0.0,3.0,0.9,2025-05-31,0.5984,0.6237,-0.5787,-0.6011,0.6494,0.609,24.5,16.4,2.2,2.8,13.7,7.2,55.7,10.3,0.0,0.0,22.0,35.5,0.105,0.52,0.0,0.0,22.0,27
dobrich_dobrudzha,2025-07-30,0,SAFE,2,MODERATE_RISK,0.0,2.0,0.9,2025-06-30,0.6237,0.4658,-0.6011,-0.5139,0.609,0.5805,16.4,17.8,2.8,4.8,7.2,1.4,10.3,19.2,0.0,0.0,35.5,36.5,0.52,0.406,0.0,0.0,27.0,31
dobrich_dobrudzha,2025-08-29,0,SAFE,1,LOW_RISK,0.0,1.0,0.9,2025-07-30,0.4658,0.3499,-0.5139,-0.4204,0.5805,0.5737,17.8,17.4,4.8,-1.1,1.4,5.6,19.2,15.0,0.0,0.0,36.5,30.4,0.406,0.502,0.0,0.0,31.0,35
dobrich_dobrudzha,2025-09-28,0,SAFE,1,LOW_RISK,0.0,1.0,0.9,2025-08-29,0.3499,0.3123,-0.4204,-0.3917,0.5737,0.546,17.4,16.8,-1.1,-4.2,5.6,0.3,15.0,16.2,0.0,0.0,30.4,25.2,0.502,0.511,0.0,0.0,35.0,39
dobrich_dobrudzha,2025-10-28,0,SAFE,0,SAFE,0.0,0.0,0.9,2025-09-28,0.3123,0.353,-0.3917,-0.4197,0.546,0.5935,16.8,37.7,-4.2,0.8,0.3,14.7,16.2,141.3,0.0,0.0,25.2,21.4,0.511,0.043,0.0,0.0,39.0,44
dobrich_dobrudzha,2025-11-27,0,SAFE,0,SAFE,0.0,0.0,0.9,2025-10-28,0.353,0.3935,-0.4197,-0.4419,0.5935,0.675,37.7,37.8,0.8,-1.5,14.7,0.9,141.3,39.6,0.0,0.0,21.4,20.5,0.043,0.03,0.0,0.0,44.0,48
dobrich_dobrudzha,2025-12-27,0,SAFE,0,SAFE,0.0,0.0,0.9,2025-11-27,0.3935,0.4991,-0.4419,-0.4885,0.675,0.6928,37.8,39.1,-1.5,0.8,0.9,8.6,39.6,35.8,0.0,0.0,20.5,8.4,0.03,0.047,0.0,0.0,48.0,52
dobrich_dobrudzha,2026-01-31,0,SAFE,0,SAFE,0.0,0.0,0.9,2025-12-27,0.4991,0.4604,-0.4885,-0.3755,0.6928,0.748,39.1,39.8,0.8,3.0,8.6,22.1,35.8,51.6,0.0,0.0,8.4,13.7,0.047,0.0,0.0,0.0,52.0,5
dobrich_dobrudzha,2026-03-02,0,SAFE,0,SAFE,0.0,0.0,0.9,2026-01-31,0.4604,0.4415,-0.3755,-0.2737,0.748,0.7325,39.8,38.8,3.0,0.2,22.1,8.8,51.6,97.3,0.0,0.0,13.7,13.5,0.0,0.004,0.0,0.0,5.0,10
dobrich_dobrudzha,2026-04-01,1,LOW_RISK,0,SAFE,1.0,0.0,0.9,2026-03-02,0.4415,0.4564,-0.2737,-0.4856,0.7325,0.6471,38.8,39.2,0.2,6.0,8.8,42.1,97.3,48.2,0.0,0.0,13.5,14.9,0.004,0.0,0.0,0.0,10.0,14
maritsa_harmanli_svilengrad,2023-06-26,0,SAFE,0,SAFE,0.0,0.0,0.9,2023-05-27,0.6469,0.687,-0.5749,-0.6466,0.6382,0.6168,37.0,21.5,10.3,0.2,30.3,3.8,72.3,46.3,0.0,0.0,23.9,32.7,0.0,0.135,0.0,0.0,21.0,26
maritsa_harmanli_svilengrad,2023-07-26,0,SAFE,3,HIGH_RISK,0.0,5.0,0.9,2023-06-26,0.687,0.5485,-0.6466,-0.5513,0.6168,0.6047,21.5,13.9,0.2,-0.9,3.8,0.0,46.3,13.3,0.0,0.0,32.7,39.6,0.135,0.511,0.0,0.0,26.0,30
maritsa_harmanli_svilengrad,2023-08-25,0,SAFE,2,MODERATE_RISK,0.0,3.0,0.9,2023-07-26,0.5485,0.475,-0.5513,-0.518,0.6047,0.5744,13.9,12.7,-0.9,-0.6,0.0,0.2,13.3,8.0,0.0,0.0,39.6,37.0,0.511,0.583,0.0,0.0,30.0,34
maritsa_harmanli_svilengrad,2023-09-24,0,SAFE,2,MODERATE_RISK,0.0,3.0,0.9,2023-08-25,0.475,0.4283,-0.518,-0.4965,0.5744,0.5738,12.7,13.4,-0.6,-0.5,0.2,0.7,8.0,12.1,0.0,0.0,37.0,34.0,0.583,0.54,0.0,0.0,34.0,38
maritsa_harmanli_svilengrad,2023-10-24,0,SAFE,1,LOW_RISK,0.0,1.0,0.9,2023-09-24,0.4283,0.4062,-0.4965,-0.4989,0.5738,0.5533,13.4,17.9,-0.5,-0.6,0.7,4.2,12.1,15.6,0.0,0.0,34.0,29.0,0.54,0.465,0.0,0.0,38.0,43
maritsa_harmanli_svilengrad,2023-11-23,0,SAFE,0,SAFE,0.0,0.0,0.9,2023-10-24,0.4062,0.4003,-0.4989,-0.4938,0.5533,0.6141,17.9,29.3,-0.6,2.7,4.2,13.2,15.6,37.2,0.0,0.0,29.0,18.5,0.465,0.111,0.0,0.0,43.0,47
maritsa_harmanli_svilengrad,2023-12-23,0,SAFE,0,SAFE,0.0,0.0,0.9,2023-11-23,0.4003,0.3528,-0.4938,-0.3967,0.6141,0.6144,29.3,31.8,2.7,-7.0,13.2,0.9,37.2,85.1,0.0,0.0,18.5,12.1,0.111,0.075,0.0,0.0,47.0,51
maritsa_harmanli_svilengrad,2024-01-31,0,SAFE,0,SAFE,0.0,0.0,0.9,2023-12-23,0.3528,0.3923,-0.3967,-0.4853,0.6144,0.5832,31.8,28.5,-7.0,-1.5,0.9,1.3,85.1,30.7,0.0,0.0,12.1,12.3,0.075,0.195,0.0,0.0,51.0,5
maritsa_harmanli_svilengrad,2024-03-01,0,SAFE,0,SAFE,0.0,0.0,0.9,2024-01-31,0.3923,0.3972,-0.4853,-0.4828,0.5832,0.5652,28.5,19.8,-1.5,-1.8,1.3,0.6,30.7,23.9,0.0,0.0,12.3,19.6,0.195,0.357,0.0,0.0,5.0,9
maritsa_harmanli_svilengrad,2024-03-31,0,SAFE,0,SAFE,0.0,0.0,0.9,2024-03-01,0.3972,0.4702,-0.4828,-0.483,0.5652,0.5826,19.8,18.9,-1.8,-4.7,0.6,7.3,23.9,61.7,0.0,0.0,19.6,27.0,0.357,0.161,0.0,0.0,9.0,13
maritsa_harmanli_svilengrad,2024-04-30,1,LOW_RISK,0,SAFE,1.0,0.0,0.9,2024-03-31,0.4702,0.5853,-0.483,-0.5695,0.5826,0.6149,18.9,40.2,-4.7,6.9,7.3,71.3,61.7,119.6,0.0,0.0,27.0,23.4,0.161,0.0,0.0,0.0,13.0,18
maritsa_harmanli_svilengrad,2024-05-30,0,SAFE,0,SAFE,0.0,0.0,0.9,2024-04-30,0.5853,0.6884,-0.5695,-0.6369,0.6149,0.6233,40.2,17.0,6.9,-6.8,71.3,2.1,119.6,70.0,0.0,0.0,23.4,26.6,0.0,0.18,0.0,0.0,18.0,22
maritsa_harmanli_svilengrad,2024-06-29,0,SAFE,2,MODERATE_RISK,0.0,3.0,0.9,2024-05-30,0.6884,0.5458,-0.6369,-0.5594,0.6233,0.5914,17.0,13.4,-6.8,0.2,2.1,0.0,70.0,10.2,0.0,0.0,26.6,35.1,0.18,0.551,0.0,0.0,22.0,26
maritsa_harmanli_svilengrad,2024-07-29,0,SAFE,2,MODERATE_RISK,0.0,2.0,0.9,2024-06-29,0.5458,0.4287,-0.5594,-0.4821,0.5914,0.5819,13.4,14.5,0.2,-6.5,0.0,2.2,10.2,31.4,0.0,0.0,35.1,38.0,0.551,0.311,0.0,0.0,26.0,31
maritsa_harmanli_svilengrad,2024-08-28,0,SAFE,2,MODERATE_RISK,0.0,3.0,0.9,2024-07-29,0.4287,0.3777,-0.4821,-0.4545,0.5819,0.5579,14.5,15.5,-6.5,-5.8,2.2,0.9,31.4,11.4,0.0,0.0,38.0,35.4,0.311,0.549,0.0,0.0,31.0,35
maritsa_harmanli_svilengrad,2024-09-27,0,SAFE,1,LOW_RISK,0.0,1.0,0.9,2024-08-28,0.3777,0.3681,-0.4545,-0.438,0.5579,0.5718,15.5,14.9,-5.8,-5.2,0.9,0.0,11.4,42.0,0.0,0.0,35.4,29.4,0.549,0.237,0.0,0.0,35.0,39
maritsa_harmanli_svilengrad,2024-10-27,0,SAFE,1,LOW_RISK,0.0,1.0,0.9,2024-09-27,0.3681,0.4608,-0.438,-0.5015,0.5718,0.5408,14.9,14.4,-5.2,-3.4,0.0,0.0,42.0,32.7,0.0,0.0,29.4,21.0,0.237,0.288,0.0,0.0,39.0,43
maritsa_harmanli_svilengrad,2024-11-26,0,SAFE,0,SAFE,0.0,0.0,0.9,2024-10-27,0.4608,0.4104,-0.5015,-0.488,0.5408,0.5729,14.4,30.6,-3.4,2.2,0.0,15.7,32.7,32.4,0.0,0.0,21.0,17.3,0.288,0.147,0.0,0.0,43.0,48
maritsa_harmanli_svilengrad,2024-12-26,1,LOW_RISK,0,SAFE,1.0,0.0,0.9,2024-11-26,0.4104,0.4114,-0.488,-0.5044,0.5729,0.6607,30.6,42.1,2.2,4.1,15.7,61.9,32.4,127.4,0.0,0.0,17.3,14.8,0.147,0.017,0.0,0.0,48.0,52
maritsa_harmanli_svilengrad,2025-01-31,0,SAFE,0,SAFE,0.0,0.0,0.9,2024-12-26,0.4114,0.3557,-0.5044,-0.381,0.6607,0.5834,42.1,32.3,4.1,-8.5,61.9,0.5,127.4,39.6,0.0,0.0,14.8,17.8,0.017,0.073,0.0,0.0,52.0,5
maritsa_harmanli_svilengrad,2025-03-02,0,SAFE,0,SAFE,0.0,0.0,0.9,2025-01-31,0.3557,0.3791,-0.381,-0.4152,0.5834,0.5682,32.3,34.3,-8.5,-2.6,0.5,5.6,39.6,30.6,0.0,0.0,17.8,13.4,0.073,0.144,0.0,0.0,5.0,9
maritsa_harmanli_svilengrad,2025-04-01,0,SAFE,0,SAFE,0.0,0.0,0.9,2025-03-02,0.3791,0.4397,-0.4152,-0.4978,0.5682,0.6135,34.3,37.1,-2.6,4.2,5.6,19.6,30.6,54.2,0.0,0.0,13.4,22.4,0.144,0.005,0.0,0.0,9.0,14
maritsa_harmanli_svilengrad,2025-05-01,0,SAFE,0,SAFE,0.0,0.0,0.9,2025-04-01,0.4397,0.5944,-0.4978,-0.5635,0.6135,0.5444,37.1,23.5,4.2,-0.6,19.6,19.4,54.2,64.0,0.0,0.0,22.4,23.0,0.005,0.115,0.0,0.0,14.0,18
maritsa_harmanli_svilengrad,2025-05-31,0,SAFE,0,SAFE,0.0,0.0,0.9,2025-05-01,0.5944,0.6669,-0.5635,-0.6144,0.5444,0.6146,23.5,24.8,-0.6,10.1,19.4,28.5,64.0,81.0,0.0,0.0,23.0,24.0,0.115,0.102,0.0,0.0,18.0,22
maritsa_harmanli_svilengrad,2025-06-30,0,SAFE,2,MODERATE_RISK,0.0,3.0,0.9,2025-05-31,0.6669,0.5976,-0.6144,-0.5919,0.6146,0.5863,24.8,16.4,10.1,3.6,28.5,3.6,81.0,4.8,0.0,0.0,24.0,37.1,0.102,0.582,0.0,0.0,22.0,27
maritsa_harmanli_svilengrad,2025-07-30,0,SAFE,4,VERY_HIGH_RISK,0.0,7.0,0.9,2025-06-30,0.5976,0.4335,-0.5919,-0.5022,0.5863,0.5653,16.4,12.6,3.6,1.0,3.6,0.2,4.8,1.5,0.0,0.0,37.1,38.3,0.582,0.664,0.0,0.0,27.0,31
maritsa_harmanli_svilengrad,2025-08-29,0,SAFE,1,LOW_RISK,0.0,1.0,0.9,2025-07-30,0.4335,0.4047,-0.5022,-0.4699,0.5653,0.5589,12.6,14.4,1.0,-3.6,0.2,0.3,1.5,28.3,0.0,0.0,38.3,31.2,0.664,0.358,0.0,0.0,31.0,35
maritsa_harmanli_svilengrad,2025-09-28,0,SAFE,2,MODERATE_RISK,0.0,2.0,0.9,2025-08-29,0.4047,0.4207,-0.4699,-0.4834,0.5589,0.5399,14.4,12.6,-3.6,-0.5,0.3,0.7,28.3,6.4,0.0,0.0,31.2,28.6,0.358,0.615,0.0,0.0,35.0,39
maritsa_harmanli_svilengrad,2025-10-28,0,SAFE,0,SAFE,0.0,0.0,0.9,2025-09-28,0.4207,0.4448,-0.4834,-0.4858,0.5399,0.6475,12.6,36.9,-0.5,3.1,0.7,15.5,6.4,136.4,0.0,0.0,28.6,23.0,0.615,0.002,0.0,0.0,39.0,44
maritsa_harmanli_svilengrad,2025-11-27,0,SAFE,0,SAFE,0.0,0.0,0.9,2025-10-28,0.4448,0.4928,-0.4858,-0.5026,0.6475,0.603,36.9,38.9,3.1,0.2,15.5,31.9,136.4,74.5,0.0,0.0,23.0,21.8,0.002,0.0,0.0,0.0,44.0,48
maritsa_harmanli_svilengrad,2025-12-27,0,SAFE,0,SAFE,0.0,0.0,0.9,2025-11-27,0.4928,0.5136,-0.5026,-0.5235,0.603,0.6251,38.9,40.3,0.2,1.1,31.9,26.9,74.5,44.3,0.0,0.0,21.8,10.4,0.0,0.0,0.0,0.0,48.0,52
maritsa_harmanli_svilengrad,2026-01-31,0,SAFE,0,SAFE,0.0,0.0,0.9,2025-12-27,0.5136,0.5135,-0.5235,-0.5514,0.6251,0.6483,40.3,40.3,1.1,2.1,26.9,39.9,44.3,73.0,0.0,0.0,10.4,15.4,0.0,0.0,0.0,0.0,52.0,5
maritsa_harmanli_svilengrad,2026-03-02,0,SAFE,0,SAFE,0.0,0.0,0.9,2026-01-31,0.5135,0.4936,-0.5514,-0.5183,0.6483,0.6655,40.3,36.3,2.1,-2.5,39.9,1.1,73.0,175.8,0.0,0.0,15.4,17.3,0.0,0.0,0.0,0.0,5.0,10
maritsa_harmanli_svilengrad,2026-04-01,0,SAFE,0,SAFE,0.0,0.0,0.9,2026-03-02,0.4936,0.4702,-0.5183,-0.5001,0.6655,0.6517,36.3,42.8,-2.5,6.5,1.1,30.3,175.8,56.1,0.0,0.0,17.3,16.2,0.0,0.0,0.0,0.0,10.0,14
maritsa_plovdiv,2023-06-26,0,SAFE,1,LOW_RISK,0.0,1.0,0.9,2023-05-27,0.5491,0.5293,-0.5313,-0.5196,0.7245,0.6735,26.0,19.7,-2.1,-9.1,14.1,13.7,64.3,71.3,0.0,0.0,24.8,31.9,0.09,0.153,0.0,0.0,21.0,26
maritsa_plovdiv,2023-07-26,0,SAFE,3,HIGH_RISK,0.0,5.0,0.9,2023-06-26,0.5293,0.4854,-0.5196,-0.5005,0.6735,0.6525,19.7,12.7,-9.1,-0.6,13.7,0.0,71.3,7.5,0.0,0.0,31.9,41.2,0.153,0.589,0.0,0.0,26.0,30
maritsa_plovdiv,2023-08-25,0,SAFE,2,MODERATE_RISK,0.0,3.0,0.9,2023-07-26,0.4854,0.3982,-0.5005,-0.4516,0.6525,0.6267,12.7,14.0,-0.6,0.3,0.0,2.3,7.5,9.2,0.0,0.0,41.2,36.2,0.589,0.58,0.0,0.0,30.0,34
maritsa_plovdiv,2023-09-24,0,SAFE,0,SAFE,0.0,0.0,0.9,2023-08-25,0.3982,0.3851,-0.4516,-0.4388,0.6267,0.6227,14.0,20.3,0.3,-7.9,2.3,0.6,9.2,20.8,0.0,0.0,36.2,31.9,0.58,0.392,0.0,0.0,34.0,38
maritsa_plovdiv,2023-10-24,0,SAFE,2,MODERATE_RISK,0.0,2.0,0.9,2023-09-24,0.3851,0.3527,-0.4388,-0.4294,0.6227,0.6116,20.3,18.9,-7.9,-2.6,0.6,0.8,20.8,11.2,0.0,0.0,31.9,26.4,0.392,0.528,0.0,0.0,38.0,43
maritsa_plovdiv,2023-11-23,0,SAFE,0,SAFE,0.0,0.0,0.9,2023-10-24,0.3527,0.3255,-0.4294,-0.429,0.6116,0.6422,18.9,33.3,-2.6,4.8,0.8,9.8,11.2,32.0,0.0,0.0,26.4,16.9,0.528,0.162,0.0,0.0,43.0,47
maritsa_plovdiv,2023-12-23,0,SAFE,0,SAFE,0.0,0.0,0.9,2023-11-23,0.3255,0.3229,-0.429,-0.4133,0.6422,0.7045,33.3,35.8,4.8,-5.6,9.8,0.1,32.0,94.2,0.0,0.0,16.9,12.4,0.162,0.056,0.0,0.0,47.0,51
maritsa_plovdiv,2024-01-31,0,SAFE,0,SAFE,0.0,0.0,0.9,2023-12-23,0.3229,0.2933,-0.4133,-0.3139,0.7045,0.7197,35.8,31.2,-5.6,-4.2,0.1,1.0,94.2,45.0,0.0,0.0,12.4,11.6,0.056,0.108,0.0,0.0,51.0,5
maritsa_plovdiv,2024-03-01,0,SAFE,0,SAFE,0.0,0.0,0.9,2024-01-31,0.2933,0.3298,-0.3139,-0.4042,0.7197,0.6165,31.2,30.9,-4.2,4.9,1.0,6.1,45.0,21.7,0.0,0.0,11.6,18.6,0.108,0.3,0.0,0.0,5.0,9
maritsa_plovdiv,2024-03-31,0,SAFE,0,SAFE,0.0,0.0,0.9,2024-03-01,0.3298,0.4571,-0.4042,-0.4867,0.6165,0.6188,30.9,19.3,4.9,-6.7,6.1,4.2,21.7,35.7,0.0,0.0,18.6,24.5,0.3,0.205,0.0,0.0,9.0,13
maritsa_plovdiv,2024-04-30,0,SAFE,0,SAFE,0.0,0.0,0.9,2024-03-31,0.4571,0.5263,-0.4867,-0.5283,0.6188,0.6137,19.3,28.7,-6.7,-7.0,4.2,11.6,35.7,47.7,0.0,0.0,24.5,22.2,0.205,0.063,0.0,0.0,13.0,18
maritsa_plovdiv,2024-05-30,0,SAFE,0,SAFE,0.0,0.0,0.9,2024-04-30,0.5263,0.6151,-0.5283,-0.5632,0.6137,0.7091,28.7,20.9,-7.0,-9.5,11.6,1.8,47.7,82.3,0.0,0.0,22.2,25.9,0.063,0.141,0.0,0.0,18.0,22
maritsa_plovdiv,2024-06-29,0,SAFE,2,MODERATE_RISK,0.0,2.0,0.9,2024-05-30,0.6151,0.5055,-0.5632,-0.5158,0.7091,0.6546,20.9,15.1,-9.5,1.1,1.8,13.7,82.3,43.0,0.0,0.0,25.9,33.7,0.141,0.199,0.0,0.0,22.0,26
maritsa_plovdiv,2024-07-29,0,SAFE,2,MODERATE_RISK,0.0,2.0,0.9,2024-06-29,0.5055,0.3946,-0.5158,-0.4541,0.6546,0.6413,15.1,14.7,1.1,-3.7,13.7,7.1,43.0,16.2,0.0,0.0,33.7,36.3,0.199,0.495,0.0,0.0,26.0,31
maritsa_plovdiv,2024-08-28,0,SAFE,3,HIGH_RISK,0.0,5.0,0.9,2024-07-29,0.3946,0.3595,-0.4541,-0.4319,0.6413,0.6214,14.7,15.0,-3.7,-11.7,7.1,0.1,16.2,1.5,0.0,0.0,36.3,34.5,0.495,0.673,0.0,0.0,31.0,35
maritsa_plovdiv,2024-09-27,0,SAFE,1,LOW_RISK,0.0,1.0,0.9,2024-08-28,0.3595,0.334,-0.4319,-0.419,0.6214,0.6146,15.0,13.4,-11.7,-7.2,0.1,0.0,1.5,36.2,0.0,0.0,34.5,30.7,0.673,0.31,0.0,0.0,35.0,39
maritsa_plovdiv,2024-10-27,0,SAFE,1,LOW_RISK,0.0,1.0,0.9,2024-09-27,0.334,0.3043,-0.419,-0.4027,0.6146,0.5978,13.4,13.7,-7.2,1.1,0.0,0.0,36.2,19.8,0.0,0.0,30.7,22.0,0.31,0.505,0.0,0.0,39.0,43
maritsa_plovdiv,2024-11-26,0,SAFE,2,MODERATE_RISK,0.0,2.0,0.9,2024-10-27,0.3043,0.2362,-0.4027,-0.365,0.5978,0.5987,13.7,25.5,1.1,2.0,0.0,5.2,19.8,13.3,0.0,0.0,22.0,11.9,0.505,0.49,0.0,0.0,43.0,48
maritsa_plovdiv,2024-12-26,1,LOW_RISK,0,SAFE,1.0,0.0,0.9,2024-11-26,0.2362,0.2231,-0.365,-0.3526,0.5987,0.7655,25.5,41.5,2.0,5.8,5.2,58.7,13.3,132.6,0.0,0.0,11.9,8.5,0.49,0.101,0.0,0.0,48.0,52
maritsa_plovdiv,2025-01-31,0,SAFE,0,SAFE,0.0,0.0,0.9,2024-12-26,0.2231,0.2233,-0.3526,-0.2815,0.7655,0.633,41.5,29.8,5.8,-7.0,58.7,0.0,132.6,21.0,0.0,0.0,8.5,16.2,0.101,0.367,0.0,0.0,52.0,5
maritsa_plovdiv,2025-03-02,0,SAFE,0,SAFE,0.0,0.0,0.9,2025-01-31,0.2233,0.257,-0.2815,-0.3553,0.633,0.6008,29.8,39.0,-7.0,4.4,0.0,6.0,21.0,23.1,0.0,0.0,16.2,12.6,0.367,0.276,0.0,0.0,5.0,9
maritsa_plovdiv,2025-04-01,0,SAFE,0,SAFE,0.0,0.0,0.9,2025-03-02,0.257,0.3316,-0.3553,-0.4181,0.6008,0.7178,39.0,42.2,4.4,4.4,6.0,37.5,23.1,48.5,0.0,0.0,12.6,20.8,0.276,0.053,0.0,0.0,9.0,14
maritsa_plovdiv,2025-05-01,0,SAFE,0,SAFE,0.0,0.0,0.9,2025-04-01,0.3316,0.5268,-0.4181,-0.5171,0.7178,0.586,42.2,9.3,4.4,-13.9,37.5,4.5,48.5,62.2,0.0,0.0,20.8,23.9,0.053,0.257,0.0,0.0,14.0,18
maritsa_plovdiv,2025-05-31,0,SAFE,0,SAFE,0.0,0.0,0.9,2025-05-01,0.5268,0.6141,-0.5171,-0.5834,0.586,0.6964,9.3,15.2,-13.9,-3.1,4.5,33.9,62.2,119.2,0.0,0.0,23.9,23.8,0.257,0.198,0.0,0.0,18.0,22
maritsa_plovdiv,2025-06-30,0,SAFE,3,HIGH_RISK,0.0,5.0,0.9,2025-05-31,0.6141,0.5302,-0.5834,-0.536,0.6964,0.6557,15.2,12.0,-3.1,2.2,33.9,1.3,119.2,1.6,0.0,0.0,23.8,37.8,0.198,0.662,0.0,0.0,22.0,27
maritsa_plovdiv,2025-07-30,0,SAFE,4,VERY_HIGH_RISK,0.0,9.0,0.9,2025-06-30,0.5302,0.4187,-0.536,-0.4696,0.6557,0.6476,12.0,8.4,2.2,-0.9,1.3,0.0,1.6,0.8,0.0,0.0,37.8,38.8,0.662,0.721,0.0,0.0,27.0,31
maritsa_plovdiv,2025-08-29,0,SAFE,2,MODERATE_RISK,0.0,3.0,0.9,2025-07-30,0.4187,0.4026,-0.4696,-0.4542,0.6476,0.6234,8.4,9.4,-0.9,-7.0,0.0,0.0,0.8,36.3,0.0,0.0,38.8,30.6,0.721,0.319,0.0,0.0,31.0,35
maritsa_plovdiv,2025-09-28,0,SAFE,1,LOW_RISK,0.0,1.0,0.9,2025-08-29,0.4026,0.379,-0.4542,-0.4503,0.6234,0.6111,9.4,11.1,-7.0,1.1,0.0,0.0,36.3,15.9,0.0,0.0,30.6,29.1,0.319,0.542,0.0,0.0,35.0,39
maritsa_plovdiv,2025-10-28,0,SAFE,0,SAFE,0.0,0.0,0.9,2025-09-28,0.379,0.3857,-0.4503,-0.4362,0.6111,0.6939,11.1,35.7,1.1,4.4,0.0,11.2,15.9,160.6,0.0,0.0,29.1,21.0,0.542,0.029,0.0,0.0,39.0,44
maritsa_plovdiv,2025-11-27,0,SAFE,0,SAFE,0.0,0.0,0.9,2025-10-28,0.3857,0.4277,-0.4362,-0.4609,0.6939,0.6464,35.7,38.2,4.4,-0.6,11.2,9.7,160.6,26.2,0.0,0.0,21.0,20.6,0.029,0.165,0.0,0.0,44.0,48
maritsa_plovdiv,2025-12-27,1,LOW_RISK,0,SAFE,1.0,0.0,0.9,2025-11-27,0.4277,0.4595,-0.4609,-0.471,0.6464,0.7198,38.2,40.2,-0.6,2.6,9.7,66.5,26.2,103.8,0.0,0.0,20.6,9.6,0.165,0.0,0.0,0.0,48.0,52
maritsa_plovdiv,2026-01-31,0,SAFE,0,SAFE,0.0,0.0,0.9,2025-12-27,0.4595,0.4103,-0.471,-0.4355,0.7198,0.6753,40.2,39.8,2.6,5.5,66.5,33.8,103.8,48.3,0.0,0.0,9.6,12.1,0.0,0.018,0.0,0.0,52.0,5
maritsa_plovdiv,2026-04-01,0,SAFE,0,SAFE,0.0,0.0,0.9,2026-01-31,0.4103,0.4118,-0.4355,-0.4522,0.6753,0.6413,39.8,38.1,5.5,9.5,33.8,35.7,48.3,54.5,0.0,0.0,12.1,16.2,0.018,0.017,0.0,0.0,5.0,14
pleven_levski,2023-06-26,0,SAFE,1,LOW_RISK,0.0,1.0,0.9,2023-05-27,0.5675,0.6168,-0.5497,-0.5915,0.6287,0.6389,34.0,31.9,5.9,4.6,17.6,21.5,43.6,84.6,0.0,0.0,25.6,33.8,0.01,0.031,0.0,0.0,21.0,26
pleven_levski,2023-07-26,0,SAFE,2,MODERATE_RISK,0.0,3.0,0.9,2023-06-26,0.6168,0.5679,-0.5915,-0.5613,0.6389,0.6111,31.9,20.9,4.6,6.8,21.5,17.0,84.6,37.1,0.0,0.0,33.8,38.3,0.031,0.174,0.0,0.0,26.0,30
pleven_levski,2023-08-25,0,SAFE,2,MODERATE_RISK,0.0,2.0,0.9,2023-07-26,0.5679,0.4255,-0.5613,-0.4725,0.6111,0.5575,20.9,16.6,6.8,2.1,17.0,0.6,37.1,26.3,0.0,0.0,38.3,35.8,0.174,0.349,0.0,0.0,30.0,34
pleven_levski,2023-09-24,0,SAFE,2,MODERATE_RISK,0.0,2.0,0.9,2023-08-25,0.4255,0.3411,-0.4725,-0.4236,0.5575,0.5507,16.6,16.5,2.1,-6.6,0.6,0.7,26.3,24.7,0.0,0.0,35.8,33.2,0.349,0.406,0.0,0.0,34.0,38
pleven_levski,2023-10-24,0,SAFE,3,HIGH_RISK,0.0,4.0,0.9,2023-09-24,0.3411,0.3044,-0.4236,-0.4071,0.5507,0.5269,16.5,15.3,-6.6,-1.0,0.7,0.0,24.7,0.9,0.0,0.0,33.2,32.7,0.406,0.702,0.0,0.0,38.0,43
pleven_levski,2023-11-23,0,SAFE,0,SAFE,0.0,0.0,0.9,2023-10-24,0.3044,0.2775,-0.4071,-0.4031,0.5269,0.5802,15.3,30.4,-1.0,4.2,0.0,14.5,0.9,42.9,0.0,0.0,32.7,15.5,0.702,0.123,0.0,0.0,43.0,47
pleven_levski,2023-12-23,0,SAFE,0,SAFE,0.0,0.0,0.9,2023-11-23,0.2775,0.3125,-0.4031,-0.4421,0.5802,0.6325,30.4,33.8,4.2,-5.2,14.5,0.6,42.9,104.8,0.0,0.0,15.5,11.6,0.123,0.073,0.0,0.0,47.0,51
pleven_levski,2024-01-31,0,SAFE,0,SAFE,0.0,0.0,0.9,2023-12-23,0.3125,0.3167,-0.4421,-0.1895,0.6325,0.6275,33.8,34.6,-5.2,-0.8,0.6,3.3,104.8,42.5,0.0,0.0,11.6,9.4,0.073,0.063,0.0,0.0,51.0,5
pleven_levski,2024-03-01,0,SAFE,0,SAFE,0.0,0.0,0.9,2024-01-31,0.3167,0.374,-0.1895,-0.4652,0.6275,0.5366,34.6,27.6,-0.8,2.9,3.3,7.2,42.5,20.1,0.0,0.0,9.4,20.5,0.063,0.332,0.0,0.0,5.0,9
pleven_levski,2024-03-31,0,SAFE,0,SAFE,0.0,0.0,0.9,2024-03-01,0.374,0.4797,-0.4652,-0.4996,0.5366,0.5393,27.6,25.3,2.9,-4.6,7.2,15.3,20.1,57.0,0.0,0.0,20.5,27.5,0.332,0.097,0.0,0.0,9.0,13
pleven_levski,2024-04-30,0,SAFE,0,SAFE,0.0,0.0,0.9,2024-03-31,0.4797,0.5847,-0.4996,-0.5721,0.5393,0.5312,25.3,37.5,-4.6,-2.1,15.3,12.0,57.0,70.9,0.0,0.0,27.5,20.8,0.097,0.0,0.0,0.0,13.0,18
pleven_levski,2024-05-30,0,SAFE,0,SAFE,0.0,0.0,0.9,2024-04-30,0.5847,0.6455,-0.5721,-0.6107,0.5312,0.6383,37.5,30.5,-2.1,-6.9,12.0,6.5,70.9,95.0,0.0,0.0,20.8,23.9,0.0,0.045,0.0,0.0,18.0,22
pleven_levski,2024-06-29,0,SAFE,2,MODERATE_RISK,0.0,2.0,0.9,2024-05-30,0.6455,0.5367,-0.6107,-0.554,0.6383,0.6012,30.5,16.0,-6.9,0.3,6.5,4.2,95.0,24.1,0.0,0.0,23.9,34.2,0.045,0.369,0.0,0.0,22.0,26
pleven_levski,2024-07-29,0,SAFE,2,MODERATE_RISK,0.0,2.0,0.9,2024-06-29,0.5367,0.3663,-0.554,-0.4409,0.6012,0.5528,16.0,16.8,0.3,-9.9,4.2,13.4,24.1,24.7,0.0,0.0,34.2,34.3,0.369,0.391,0.0,0.0,26.0,31
pleven_levski,2024-08-28,0,SAFE,2,MODERATE_RISK,0.0,2.0,0.9,2024-07-29,0.3663,0.2965,-0.4409,-0.4033,0.5528,0.5209,16.8,19.8,-9.9,4.2,13.4,6.2,24.7,13.7,0.0,0.0,34.3,33.6,0.391,0.516,0.0,0.0,31.0,35
pleven_levski,2024-09-27,0,SAFE,1,LOW_RISK,0.0,1.0,0.9,2024-08-28,0.2965,0.2615,-0.4033,-0.3619,0.5209,0.5147,19.8,16.4,4.2,-11.1,6.2,0.0,13.7,32.6,0.0,0.0,33.6,30.5,0.516,0.353,0.0,0.0,35.0,39
pleven_levski,2024-10-27,0,SAFE,1,LOW_RISK,0.0,1.0,0.9,2024-09-27,0.2615,0.3152,-0.3619,-0.4085,0.5147,0.5024,16.4,16.1,-11.1,-3.2,0.0,0.0,32.6,63.8,0.0,0.0,30.5,19.6,0.353,0.249,0.0,0.0,39.0,43
pleven_levski,2024-11-26,0,SAFE,0,SAFE,0.0,0.0,0.9,2024-10-27,0.3152,0.3052,-0.4085,-0.4163,0.5024,0.5406,16.1,25.6,-3.2,0.4,0.0,5.8,63.8,24.9,0.0,0.0,19.6,16.5,0.249,0.328,0.0,0.0,43.0,48
pleven_levski,2024-12-26,2,MODERATE_RISK,0,SAFE,3.0,0.0,0.9,2024-11-26,0.3052,0.3258,-0.4163,-0.4348,0.5406,0.7128,25.6,41.0,0.4,6.7,5.8,100.6,24.9,156.7,0.0,0.0,16.5,11.6,0.328,0.055,0.0,0.0,48.0,52
pleven_levski,2025-01-31,0,SAFE,0,SAFE,0.0,0.0,0.9,2024-12-26,0.3258,0.3229,-0.4348,-0.4033,0.7128,0.5266,41.0,27.8,6.7,-2.7,100.6,0.0,156.7,7.9,0.0,0.0,11.6,17.2,0.055,0.49,0.0,0.0,52.0,5
pleven_levski,2025-03-02,0,SAFE,0,SAFE,0.0,0.0,0.9,2025-01-31,0.3229,0.3146,-0.4033,-0.2711,0.5266,0.5512,27.8,33.7,-2.7,6.0,0.0,5.4,7.9,24.6,0.0,0.0,17.2,9.6,0.49,0.246,0.0,0.0,5.0,9
pleven_levski,2025-04-01,0,SAFE,0,SAFE,0.0,0.0,0.9,2025-03-02,0.3146,0.3727,-0.2711,-0.4304,0.5512,0.6178,33.7,40.8,6.0,19.1,5.4,26.5,24.6,42.0,0.0,0.0,9.6,18.1,0.246,0.034,0.0,0.0,9.0,14
pleven_levski,2025-05-01,0,SAFE,0,SAFE,0.0,0.0,0.9,2025-04-01,0.3727,0.564,-0.4304,-0.5489,0.6178,0.4796,40.8,9.7,19.1,-10.3,26.5,1.7,42.0,48.5,0.0,0.0,18.1,23.9,0.034,0.253,0.0,0.0,14.0,18
pleven_levski,2025-05-31,1,LOW_RISK,0,SAFE,1.0,0.0,0.9,2025-05-01,0.564,0.6029,-0.5489,-0.5823,0.4796,0.6233,9.7,33.3,-10.3,4.6,1.7,67.1,48.5,114.0,0.0,0.0,23.9,21.5,0.253,0.017,0.0,0.0,18.0,22
pleven_levski,2025-06-30,0,SAFE,2,MODERATE_RISK,0.0,3.0,0.9,2025-05-31,0.6029,0.5883,-0.5823,-0.5848,0.6233,0.6342,33.3,15.9,4.6,6.1,67.1,3.7,114.0,11.3,0.0,0.0,21.5,35.7,0.017,0.514,0.0,0.0,22.0,27
pleven_levski,2025-07-30,0,SAFE,2,MODERATE_RISK,0.0,3.0,0.9,2025-06-30,0.5883,0.4438,-0.5848,-0.4903,0.6342,0.6624,15.9,24.2,6.1,9.3,3.7,9.7,11.3,25.9,0.0,0.0,35.7,38.3,0.514,0.269,0.0,0.0,27.0,31
pleven_levski,2025-08-29,0,SAFE,1,LOW_RISK,0.0,1.0,0.9,2025-07-30,0.4438,0.361,-0.4903,-0.4304,0.6624,0.5486,24.2,11.0,9.3,-7.7,9.7,6.7,25.9,30.0,0.0,0.0,38.3,30.4,0.269,0.392,0.0,0.0,31.0,35
pleven_levski,2025-09-28,0,SAFE,1,LOW_RISK,0.0,1.0,0.9,2025-08-29,0.361,0.3253,-0.4304,-0.4205,0.5486,0.5158,11.0,16.0,-7.7,7.4,6.7,4.1,30.0,15.6,0.0,0.0,30.4,27.7,0.392,0.52,0.0,0.0,35.0,39
pleven_levski,2025-10-28,0,SAFE,0,SAFE,0.0,0.0,0.9,2025-09-28,0.3253,0.3389,-0.4205,-0.4107,0.5158,0.6194,16.0,38.0,7.4,4.4,4.1,18.4,15.6,184.9,0.0,0.0,27.7,22.0,0.52,0.049,0.0,0.0,39.0,44
pleven_levski,2025-11-27,0,SAFE,0,SAFE,0.0,0.0,0.9,2025-10-28,0.3389,0.3642,-0.4107,-0.4267,0.6194,0.6337,38.0,40.7,4.4,-0.2,18.4,6.1,184.9,48.9,0.0,0.0,22.0,17.1,0.049,0.038,0.0,0.0,44.0,48
pleven_levski,2025-12-27,0,SAFE,0,SAFE,0.0,0.0,0.9,2025-11-27,0.3642,0.4784,-0.4267,-0.5009,0.6337,0.6432,40.7,39.1,-0.2,3.3,6.1,31.3,48.9,57.0,0.0,0.0,17.1,6.3,0.038,0.0,0.0,0.0,48.0,52
pleven_levski,2026-01-31,0,SAFE,0,SAFE,0.0,0.0,0.9,2025-12-27,0.4784,0.229,-0.5009,-0.0829,0.6432,0.6627,39.1,39.9,3.3,1.5,31.3,23.1,57.0,67.0,0.0,0.0,6.3,11.5,0.0,0.098,0.0,0.0,52.0,5
pleven_levski,2026-03-02,0,SAFE,0,SAFE,0.0,0.0,0.9,2026-01-31,0.229,0.3743,-0.0829,-0.3929,0.6627,0.6941,39.9,35.9,1.5,-5.0,23.1,4.7,67.0,81.6,0.0,0.0,11.5,11.3,0.098,0.034,0.0,0.0,5.0,10
pleven_levski,2026-04-01,0,SAFE,0,SAFE,0.0,0.0,0.9,2026-03-02,0.3743,0.4113,-0.3929,-0.4549,0.6941,0.6339,35.9,29.5,-5.0,7.1,4.7,36.1,81.6,43.4,0.0,0.0,11.3,18.2,0.034,0.072,0.0,0.0,10.0,14
pleven_small,2023-06-26,0,SAFE,0,SAFE,0.0,0.0,0.9,2023-05-27,0.548,0.5428,-0.5157,-0.5204,0.8051,0.7531,31.7,29.7,4.7,0.9,9.7,15.0,34.7,109.6,0.0,0.0,25.5,32.8,0.093,0.053,0.0,0.0,21.0,26
pleven_small,2023-07-26,0,SAFE,3,HIGH_RISK,0.0,4.0,0.9,2023-06-26,0.5428,0.4813,-0.5204,-0.4782,0.7531,0.7518,29.7,15.9,0.9,1.9,15.0,9.2,109.6,17.4,0.0,0.0,32.8,40.0,0.053,0.445,0.0,0.0,26.0,30
pleven_small,2023-08-25,0,SAFE,2,MODERATE_RISK,0.0,2.0,0.9,2023-07-26,0.4813,0.4422,-0.4782,-0.4562,0.7518,0.7377,15.9,17.0,1.9,1.8,9.2,1.4,17.4,44.6,0.0,0.0,40.0,35.9,0.445,0.183,0.0,0.0,30.0,34
pleven_small,2023-09-24,0,SAFE,2,MODERATE_RISK,0.0,2.0,0.9,2023-08-25,0.4422,0.4266,-0.4562,-0.4482,0.7377,0.7362,17.0,18.6,1.8,-5.7,1.4,0.5,44.6,25.8,0.0,0.0,35.9,33.9,0.183,0.334,0.0,0.0,34.0,38
pleven_small,2023-10-24,0,SAFE,3,HIGH_RISK,0.0,4.0,0.9,2023-09-24,0.4266,0.3848,-0.4482,-0.4353,0.7362,0.7462,18.6,15.1,-5.7,-0.1,0.5,0.0,25.8,0.2,0.0,0.0,33.9,32.2,0.334,0.676,0.0,0.0,38.0,43
pleven_small,2023-11-23,0,SAFE,0,SAFE,0.0,0.0,0.9,2023-10-24,0.3848,0.3507,-0.4353,-0.4522,0.7462,0.748,15.1,27.7,-0.1,2.5,0.0,12.9,0.2,47.1,0.0,0.0,32.2,15.9,0.676,0.117,0.0,0.0,43.0,47
pleven_small,2023-12-23,0,SAFE,0,SAFE,0.0,0.0,0.9,2023-11-23,0.3507,0.327,-0.4522,-0.4304,0.748,0.7627,27.7,35.8,2.5,-3.5,12.9,0.7,47.1,99.9,0.0,0.0,15.9,11.7,0.117,0.055,0.0,0.0,47.0,51
pleven_small,2024-01-31,0,SAFE,0,SAFE,0.0,0.0,0.9,2023-12-23,0.327,0.2573,-0.4304,-0.1566,0.7627,0.7661,35.8,33.5,-3.5,-0.5,0.7,3.7,99.9,36.7,0.0,0.0,11.7,10.0,0.055,0.138,0.0,0.0,51.0,5
pleven_small,2024-03-01,0,SAFE,0,SAFE,0.0,0.0,0.9,2024-01-31,0.2573,0.3129,-0.1566,-0.4189,0.7661,0.7462,33.5,32.0,-0.5,5.7,3.7,12.1,36.7,30.7,0.0,0.0,10.0,20.5,0.138,0.196,0.0,0.0,5.0,9
pleven_small,2024-03-31,0,SAFE,0,SAFE,0.0,0.0,0.9,2024-03-01,0.3129,0.3402,-0.4189,-0.3775,0.7462,0.7502,32.0,23.5,5.7,-11.5,12.1,15.0,30.7,49.3,0.0,0.0,20.5,28.0,0.196,0.164,0.0,0.0,9.0,13
pleven_small,2024-04-30,0,SAFE,0,SAFE,0.0,0.0,0.9,2024-03-31,0.3402,0.5201,-0.3775,-0.4942,0.7502,0.7432,23.5,30.7,-11.5,-6.9,15.0,10.1,49.3,52.4,0.0,0.0,28.0,21.1,0.164,0.043,0.0,0.0,13.0,18
pleven_small,2024-05-30,0,SAFE,0,SAFE,0.0,0.0,0.9,2024-04-30,0.5201,0.558,-0.4942,-0.5285,0.7432,0.7815,30.7,34.2,-6.9,-4.3,10.1,2.7,52.4,90.9,0.0,0.0,21.1,23.6,0.043,0.008,0.0,0.0,18.0,22
pleven_small,2024-06-29,0,SAFE,1,LOW_RISK,0.0,1.0,0.9,2024-05-30,0.558,0.5141,-0.5285,-0.5144,0.7815,0.7618,34.2,26.0,-4.3,11.0,2.7,9.7,90.9,15.5,0.0,0.0,23.6,35.1,0.008,0.366,0.0,0.0,22.0,26
pleven_small,2024-07-29,0,SAFE,2,MODERATE_RISK,0.0,2.0,0.9,2024-06-29,0.5141,0.4187,-0.5144,-0.4425,0.7618,0.7559,26.0,13.6,11.0,-6.0,9.7,2.5,15.5,18.3,0.0,0.0,35.1,35.2,0.366,0.472,0.0,0.0,26.0,31
pleven_small,2024-08-28,0,SAFE,2,MODERATE_RISK,0.0,3.0,0.9,2024-07-29,0.4187,0.3689,-0.4425,-0.4087,0.7559,0.7412,13.6,16.4,-6.0,-0.1,2.5,1.1,18.3,5.1,0.0,0.0,35.2,35.0,0.472,0.615,0.0,0.0,31.0,35
pleven_small,2024-09-27,0,SAFE,1,LOW_RISK,0.0,1.0,0.9,2024-08-28,0.3689,0.3279,-0.4087,-0.3784,0.7412,0.7363,16.4,14.6,-0.1,-7.3,1.1,0.0,5.1,37.0,0.0,0.0,35.0,31.6,0.615,0.292,0.0,0.0,35.0,39
pleven_small,2024-10-27,0,SAFE,1,LOW_RISK,0.0,1.0,0.9,2024-09-27,0.3279,0.3898,-0.3784,-0.4344,0.7363,0.7325,14.6,16.4,-7.3,-4.3,0.0,0.0,37.0,31.5,0.0,0.0,31.6,19.8,0.292,0.308,0.0,0.0,39.0,43
pleven_small,2024-11-26,0,SAFE,0,SAFE,0.0,0.0,0.9,2024-10-27,0.3898,0.3761,-0.4344,-0.4629,0.7325,0.738,16.4,23.1,-4.3,1.0,0.0,7.9,31.5,21.5,0.0,0.0,19.8,19.5,0.308,0.36,0.0,0.0,43.0,48
pleven_small,2024-12-26,2,MODERATE_RISK,0,SAFE,3.0,0.0,0.9,2024-11-26,0.3761,0.3063,-0.4629,-0.3867,0.738,0.8314,23.1,40.6,1.0,10.8,7.9,100.7,21.5,161.5,0.0,0.0,19.5,12.6,0.36,0.064,0.0,0.0,48.0,52
pleven_small,2025-01-31,0,SAFE,0,SAFE,0.0,0.0,0.9,2024-12-26,0.3063,0.3324,-0.3867,-0.4291,0.8314,0.7274,40.6,36.3,10.8,1.5,100.7,0.0,161.5,5.7,0.0,0.0,12.6,18.0,0.064,0.438,0.0,0.0,52.0,5
pleven_small,2025-03-02,0,SAFE,0,SAFE,0.0,0.0,0.9,2025-01-31,0.3324,0.3014,-0.4291,-0.2925,0.7274,0.732,36.3,38.0,1.5,3.9,0.0,7.5,5.7,25.6,0.0,0.0,18.0,10.5,0.438,0.228,0.0,0.0,5.0,9
pleven_small,2025-04-01,1,LOW_RISK,0,SAFE,1.0,0.0,0.9,2025-03-02,0.3014,0.3135,-0.2925,-0.3853,0.732,0.7523,38.0,42.8,3.9,12.8,7.5,53.6,25.6,68.1,0.0,0.0,10.5,17.0,0.228,0.061,0.0,0.0,9.0,14
pleven_small,2025-05-01,0,SAFE,0,SAFE,0.0,0.0,0.9,2025-04-01,0.3135,0.4662,-0.3853,-0.4578,0.7523,0.722,42.8,23.6,12.8,-9.9,53.6,1.1,68.1,44.4,0.0,0.0,17.0,23.1,0.061,0.114,0.0,0.0,14.0,18
pleven_small,2025-05-31,1,LOW_RISK,0,SAFE,1.0,0.0,0.9,2025-05-01,0.4662,0.5237,-0.4578,-0.5,0.722,0.7778,23.6,35.7,-9.9,6.1,1.1,64.8,44.4,98.3,0.0,0.0,23.1,21.6,0.114,0.0,0.0,0.0,18.0,22
pleven_small,2025-06-30,0,SAFE,2,MODERATE_RISK,0.0,3.0,0.9,2025-05-31,0.5237,0.5128,-0.5,-0.5068,0.7778,0.7664,35.7,14.4,6.1,2.4,64.8,2.1,98.3,4.7,0.0,0.0,21.6,35.2,0.0,0.603,0.0,0.0,22.0,27
pleven_small,2025-07-30,0,SAFE,2,MODERATE_RISK,0.0,3.0,0.9,2025-06-30,0.5128,0.4369,-0.5068,-0.4538,0.7664,0.7629,14.4,16.1,2.4,5.6,2.1,2.0,4.7,12.5,0.0,0.0,35.2,38.0,0.603,0.504,0.0,0.0,27.0,31
pleven_small,2025-08-29,0,SAFE,2,MODERATE_RISK,0.0,2.0,0.9,2025-07-30,0.4369,0.4012,-0.4538,-0.4327,0.7629,0.754,16.1,13.3,5.6,-6.6,2.0,2.9,12.5,12.9,0.0,0.0,38.0,30.6,0.504,0.544,0.0,0.0,31.0,35
pleven_small,2025-09-28,0,SAFE,1,LOW_RISK,0.0,1.0,0.9,2025-08-29,0.4012,0.3852,-0.4327,-0.4303,0.754,0.7441,13.3,15.1,-6.6,7.1,2.9,6.8,12.9,24.1,0.0,0.0,30.6,28.2,0.544,0.407,0.0,0.0,35.0,39
pleven_small,2025-10-28,0,SAFE,0,SAFE,0.0,0.0,0.9,2025-09-28,0.3852,0.4118,-0.4303,-0.4597,0.7441,0.7898,15.1,39.0,7.1,5.1,6.8,20.2,24.1,173.4,0.0,0.0,28.2,22.1,0.407,0.017,0.0,0.0,39.0,44
pleven_small,2025-11-27,0,SAFE,0,SAFE,0.0,0.0,0.9,2025-10-28,0.4118,0.3751,-0.4597,-0.417,0.7898,0.7675,39.0,41.5,5.1,0.6,20.2,11.7,173.4,56.2,0.0,0.0,22.1,18.0,0.017,0.033,0.0,0.0,44.0,48
pleven_small,2025-12-27,0,SAFE,0,SAFE,0.0,0.0,0.9,2025-11-27,0.3751,0.4103,-0.417,-0.4712,0.7675,0.7886,41.5,39.8,0.6,3.5,11.7,30.2,56.2,51.4,0.0,0.0,18.0,6.8,0.033,0.018,0.0,0.0,48.0,52
pleven_small,2026-01-31,0,SAFE,0,SAFE,0.0,0.0,0.9,2025-12-27,0.4103,0.1438,-0.4712,-0.0879,0.7886,0.7749,39.8,39.5,3.5,2.0,30.2,20.9,51.4,55.7,0.0,0.0,6.8,12.4,0.018,0.136,0.0,0.0,52.0,5
pleven_small,2026-03-02,0,SAFE,0,SAFE,0.0,0.0,0.9,2026-01-31,0.1438,0.1036,-0.0879,-0.2034,0.7749,0.8157,39.5,36.8,2.0,-3.1,20.9,2.2,55.7,77.0,0.0,0.0,12.4,11.4,0.136,0.154,0.0,0.0,5.0,10
pleven_small,2026-04-01,1,LOW_RISK,0,SAFE,1.0,0.0,0.9,2026-03-02,0.1036,0.3368,-0.2034,-0.384,0.8157,0.7602,36.8,35.0,-3.1,9.7,2.2,41.1,77.0,50.2,0.0,0.0,11.4,18.5,0.154,0.05,0.0,0.0,10.0,14
silistra_dobrudzha,2023-06-26,0,SAFE,1,LOW_RISK,0.0,1.0,0.9,2023-05-27,0.609,0.653,-0.5642,-0.6148,0.5875,0.6417,33.0,23.1,7.3,-1.1,32.9,11.6,60.2,35.9,0.0,0.0,23.9,33.5,0.02,0.165,0.0,0.0,21.0,26
silistra_dobrudzha,2023-07-26,0,SAFE,3,HIGH_RISK,0.0,4.0,0.9,2023-06-26,0.653,0.5887,-0.6148,-0.5776,0.6417,0.6047,23.1,15.1,-1.1,0.0,11.6,9.4,35.9,27.4,0.0,0.0,33.5,39.1,0.165,0.341,0.0,0.0,26.0,30
silistra_dobrudzha,2023-08-25,0,SAFE,2,MODERATE_RISK,0.0,2.0,0.9,2023-07-26,0.5887,0.4918,-0.5776,-0.5018,0.6047,0.5956,15.1,14.0,0.0,-0.6,9.4,0.1,27.4,33.5,0.0,0.0,39.1,35.2,0.341,0.283,0.0,0.0,30.0,34
silistra_dobrudzha,2023-09-24,0,SAFE,2,MODERATE_RISK,0.0,2.0,0.9,2023-08-25,0.4918,0.3967,-0.5018,-0.4483,0.5956,0.5681,14.0,15.0,-0.6,-3.7,0.1,0.3,33.5,26.1,0.0,0.0,35.2,33.4,0.283,0.38,0.0,0.0,34.0,38
silistra_dobrudzha,2023-10-24,0,SAFE,2,MODERATE_RISK,0.0,2.0,0.9,2023-09-24,0.3967,0.3793,-0.4483,-0.4485,0.5681,0.5727,15.0,16.1,-3.7,-5.5,0.3,0.0,26.1,11.7,0.0,0.0,33.4,31.1,0.38,0.539,0.0,0.0,38.0,43
silistra_dobrudzha,2023-11-23,1,LOW_RISK,0,SAFE,1.0,0.0,0.9,2023-10-24,0.3793,0.3661,-0.4485,-0.4536,0.5727,0.6225,16.1,31.1,-5.5,10.9,0.0,40.0,11.7,62.1,0.0,0.0,31.1,13.9,0.539,0.076,0.0,0.0,43.0,47
silistra_dobrudzha,2023-12-23,0,SAFE,0,SAFE,0.0,0.0,0.9,2023-11-23,0.3661,0.3415,-0.4536,-0.4186,0.6225,0.6707,31.1,36.7,10.9,-2.5,40.0,2.4,62.1,131.8,0.0,0.0,13.9,13.3,0.076,0.048,0.0,0.0,47.0,51
silistra_dobrudzha,2024-01-31,0,SAFE,0,SAFE,0.0,0.0,0.9,2023-12-23,0.3415,0.3193,-0.4186,-0.3699,0.6707,0.6899,36.7,32.4,-2.5,0.6,2.4,8.7,131.8,38.4,0.0,0.0,13.3,7.8,0.048,0.102,0.0,0.0,51.0,5
silistra_dobrudzha,2024-03-01,0,SAFE,0,SAFE,0.0,0.0,0.9,2024-01-31,0.3193,0.3517,-0.3699,-0.4366,0.6899,0.557,32.4,24.1,0.6,-0.2,8.7,0.0,38.4,3.4,0.0,0.0,7.8,21.6,0.102,0.564,0.0,0.0,5.0,9
silistra_dobrudzha,2024-03-31,0,SAFE,0,SAFE,0.0,0.0,0.9,2024-03-01,0.3517,0.4507,-0.4366,-0.4545,0.557,0.6083,24.1,24.7,-0.2,-2.4,0.0,8.6,3.4,35.0,0.0,0.0,21.6,28.4,0.564,0.159,0.0,0.0,9.0,13
silistra_dobrudzha,2024-04-30,0,SAFE,0,SAFE,0.0,0.0,0.9,2024-03-31,0.4507,0.5928,-0.4545,-0.5604,0.6083,0.6019,24.7,39.3,-2.4,-0.9,8.6,13.2,35.0,60.1,0.0,0.0,28.4,21.6,0.159,0.0,0.0,0.0,13.0,18
silistra_dobrudzha,2024-05-30,0,SAFE,0,SAFE,0.0,0.0,0.9,2024-04-30,0.5928,0.6545,-0.5604,-0.6057,0.6019,0.609,39.3,33.4,-0.9,8.3,13.2,10.8,60.1,63.1,0.0,0.0,21.6,24.8,0.0,0.016,0.0,0.0,18.0,22
silistra_dobrudzha,2024-06-29,0,SAFE,1,LOW_RISK,0.0,1.0,0.9,2024-05-30,0.6545,0.5794,-0.6057,-0.5787,0.609,0.6076,33.4,16.2,8.3,-3.7,10.8,0.0,63.1,31.8,0.0,0.0,24.8,31.5,0.016,0.28,0.0,0.0,22.0,26
silistra_dobrudzha,2024-07-29,0,SAFE,1,LOW_RISK,0.0,1.0,0.9,2024-06-29,0.5794,0.4913,-0.5787,-0.5157,0.6076,0.5991,16.2,23.5,-3.7,-7.5,0.0,4.8,31.8,10.2,0.0,0.0,31.5,31.8,0.28,0.45,0.0,0.0,26.0,31
silistra_dobrudzha,2024-08-28,0,SAFE,1,LOW_RISK,0.0,1.0,0.9,2024-07-29,0.4913,0.4001,-0.5157,-0.4538,0.5991,0.5549,23.5,36.0,-7.5,21.4,4.8,18.5,10.2,41.5,0.0,0.0,31.8,33.5,0.45,0.022,0.0,0.0,31.0,35
silistra_dobrudzha,2024-09-27,0,SAFE,1,LOW_RISK,0.0,1.0,0.9,2024-08-28,0.4001,0.4259,-0.4538,-0.452,0.5549,0.5865,36.0,17.9,21.4,-8.9,18.5,0.0,41.5,73.8,0.0,0.0,33.5,29.5,0.022,0.182,0.0,0.0,35.0,39
silistra_dobrudzha,2024-10-27,0,SAFE,0,SAFE,0.0,0.0,0.9,2024-09-27,0.4259,0.4884,-0.452,-0.4997,0.5865,0.5797,17.9,22.2,-8.9,-5.7,0.0,0.0,73.8,74.1,0.0,0.0,29.5,19.1,0.182,0.128,0.0,0.0,39.0,43
silistra_dobrudzha,2024-11-26,0,SAFE,0,SAFE,0.0,0.0,0.9,2024-10-27,0.4884,0.4388,-0.4997,-0.4999,0.5797,0.7075,22.2,34.2,-5.7,0.0,0.0,6.5,74.1,47.2,0.0,0.0,19.1,15.8,0.128,0.013,0.0,0.0,43.0,48
silistra_dobrudzha,2024-12-26,1,LOW_RISK,0,SAFE,1.0,0.0,0.9,2024-11-26,0.4388,0.4296,-0.4999,-0.509,0.7075,0.6225,34.2,40.3,0.0,6.6,6.5,60.7,47.2,101.3,0.0,0.0,15.8,13.1,0.013,0.009,0.0,0.0,48.0,52
silistra_dobrudzha,2025-01-31,0,SAFE,0,SAFE,0.0,0.0,0.9,2024-12-26,0.4296,0.433,-0.509,-0.5016,0.6225,0.713,40.3,33.2,6.6,-2.2,60.7,3.0,101.3,15.0,0.0,0.0,13.1,18.4,0.009,0.307,0.0,0.0,52.0,5
silistra_dobrudzha,2025-03-02,0,SAFE,0,SAFE,0.0,0.0,0.9,2025-01-31,0.433,0.3986,-0.5016,-0.1636,0.713,0.6396,33.2,41.9,-2.2,9.5,3.0,4.1,15.0,37.1,0.0,0.0,18.4,9.3,0.307,0.055,0.0,0.0,5.0,9
silistra_dobrudzha,2025-04-01,0,SAFE,0,SAFE,0.0,0.0,0.9,2025-03-02,0.3986,0.4566,-0.1636,-0.4828,0.6396,0.5411,41.9,42.9,9.5,7.8,4.1,18.8,37.1,27.2,0.0,0.0,9.3,18.8,0.055,0.144,0.0,0.0,9.0,14
silistra_dobrudzha,2025-05-01,0,SAFE,0,SAFE,0.0,0.0,0.9,2025-04-01,0.4566,0.6104,-0.4828,-0.571,0.5411,0.5896,42.9,21.2,7.8,-0.7,18.8,5.4,27.2,22.8,0.0,0.0,18.8,22.6,0.144,0.332,0.0,0.0,14.0,18
silistra_dobrudzha,2025-05-31,0,SAFE,0,SAFE,0.0,0.0,0.9,2025-05-01,0.6104,0.6442,-0.571,-0.5986,0.5896,0.7003,21.2,28.8,-0.7,7.1,5.4,28.0,22.8,62.1,0.0,0.0,22.6,22.4,0.332,0.062,0.0,0.0,18.0,22
silistra_dobrudzha,2025-06-30,0,SAFE,2,MODERATE_RISK,0.0,3.0,0.9,2025-05-31,0.6442,0.6328,-0.5986,-0.6027,0.7003,0.615,28.8,17.7,7.1,2.9,28.0,4.8,62.1,7.7,0.0,0.0,22.4,35.0,0.062,0.536,0.0,0.0,22.0,27
silistra_dobrudzha,2025-07-30,0,SAFE,2,MODERATE_RISK,0.0,3.0,0.9,2025-06-30,0.6328,0.4639,-0.6027,-0.5015,0.615,0.5974,17.7,28.8,2.9,13.8,4.8,3.5,7.7,16.5,0.0,0.0,35.0,38.5,0.536,0.326,0.0,0.0,27.0,31
silistra_dobrudzha,2025-08-29,0,SAFE,1,LOW_RISK,0.0,1.0,0.9,2025-07-30,0.4639,0.3649,-0.5015,-0.4399,0.5974,0.578,28.8,15.2,13.8,-11.4,3.5,4.9,16.5,16.5,0.0,0.0,38.5,31.0,0.326,0.5,0.0,0.0,31.0,35
silistra_dobrudzha,2025-09-28,0,SAFE,1,LOW_RISK,0.0,1.0,0.9,2025-08-29,0.3649,0.3447,-0.4399,-0.4202,0.578,0.5655,15.2,19.5,-11.4,-1.8,4.9,0.2,16.5,23.4,0.0,0.0,31.0,25.8,0.5,0.389,0.0,0.0,35.0,39
silistra_dobrudzha,2025-10-28,0,SAFE,0,SAFE,0.0,0.0,0.9,2025-09-28,0.3447,0.3738,-0.4202,-0.4148,0.5655,0.6167,19.5,38.9,-1.8,1.2,0.2,9.1,23.4,177.5,0.0,0.0,25.8,22.7,0.389,0.034,0.0,0.0,39.0,44
silistra_dobrudzha,2025-11-27,0,SAFE,0,SAFE,0.0,0.0,0.9,2025-10-28,0.3738,0.3987,-0.4148,-0.4399,0.6167,0.682,38.9,38.3,1.2,-2.0,9.1,4.2,177.5,52.1,0.0,0.0,22.7,21.8,0.034,0.023,0.0,0.0,44.0,48
silistra_dobrudzha,2025-12-27,0,SAFE,0,SAFE,0.0,0.0,0.9,2025-11-27,0.3987,0.465,-0.4399,-0.451,0.682,0.6901,38.3,38.2,-2.0,-2.2,4.2,6.7,52.1,29.4,0.0,0.0,21.8,7.1,0.023,0.119,0.0,0.0,48.0,52
silistra_dobrudzha,2026-01-31,0,SAFE,0,SAFE,0.0,0.0,0.9,2025-12-27,0.465,0.2997,-0.451,-0.2395,0.6901,0.7344,38.2,40.2,-2.2,-1.0,6.7,22.3,29.4,75.9,0.0,0.0,7.1,14.6,0.119,0.067,0.0,0.0,52.0,5
silistra_dobrudzha,2026-03-02,0,SAFE,0,SAFE,0.0,0.0,0.9,2026-01-31,0.2997,0.1595,-0.2395,-0.0246,0.7344,0.7496,40.2,37.9,-1.0,-3.3,22.3,10.5,75.9,129.6,0.0,0.0,14.6,11.4,0.067,0.129,0.0,0.0,5.0,10
silistra_dobrudzha,2026-04-01,1,LOW_RISK,0,SAFE,1.0,0.0,0.9,2026-03-02,0.1595,0.4415,-0.0246,-0.4707,0.7496,0.6681,37.9,38.6,-3.3,2.4,10.5,46.4,129.6,53.9,0.0,0.0,11.4,16.4,0.129,0.004,0.0,0.0,10.0,14
yambol_elhovo,2023-06-26,0,SAFE,1,LOW_RISK,0.0,1.0,0.9,2023-05-27,0.6831,0.7127,-0.608,-0.6533,0.598,0.6398,42.1,34.5,2.0,-1.4,29.0,14.1,64.1,59.9,0.0,0.0,22.6,33.5,0.0,0.005,0.0,0.0,21.0,26
yambol_elhovo,2023-07-26,0,SAFE,2,MODERATE_RISK,0.0,3.0,0.9,2023-06-26,0.7127,0.5404,-0.6533,-0.5438,0.6398,0.5945,34.5,25.6,-1.4,-1.2,14.1,0.1,59.9,22.6,0.0,0.0,33.5,41.0,0.005,0.29,0.0,0.0,26.0,30
yambol_elhovo,2023-08-25,0,SAFE,1,LOW_RISK,0.0,1.0,0.9,2023-07-26,0.5404,0.4362,-0.5438,-0.4748,0.5945,0.577,25.6,25.6,-1.2,-1.2,0.1,3.6,22.6,19.9,0.0,0.0,41.0,35.9,0.29,0.326,0.0,0.0,30.0,34
yambol_elhovo,2023-09-24,0,SAFE,1,LOW_RISK,0.0,1.0,0.9,2023-08-25,0.4362,0.4002,-0.4748,-0.4583,0.577,0.5517,25.6,26.6,-1.2,-1.7,3.6,0.2,19.9,17.2,0.0,0.0,35.9,34.5,0.326,0.363,0.0,0.0,34.0,38
yambol_elhovo,2023-10-24,0,SAFE,1,LOW_RISK,0.0,1.0,0.9,2023-09-24,0.4002,0.3822,-0.4583,-0.4528,0.5517,0.5459,26.6,28.8,-1.7,-2.4,0.2,0.7,17.2,6.1,0.0,0.0,34.5,28.9,0.363,0.474,0.0,0.0,38.0,43
yambol_elhovo,2023-11-23,0,SAFE,0,SAFE,0.0,0.0,0.9,2023-10-24,0.3822,0.3463,-0.4528,-0.4369,0.5459,0.5953,28.8,43.8,-2.4,1.0,0.7,22.6,6.1,59.1,0.0,0.0,28.9,18.1,0.474,0.046,0.0,0.0,43.0,47
yambol_elhovo,2023-12-23,0,SAFE,0,SAFE,0.0,0.0,0.9,2023-11-23,0.3463,0.3745,-0.4369,-0.3582,0.5953,0.6241,43.8,44.8,1.0,-4.1,22.6,0.9,59.1,120.9,0.0,0.0,18.1,12.6,0.046,0.034,0.0,0.0,47.0,51
yambol_elhovo,2024-01-31,0,SAFE,0,SAFE,0.0,0.0,0.9,2023-12-23,0.3745,0.4066,-0.3582,-0.3296,0.6241,0.6022,44.8,40.3,-4.1,-2.4,0.9,5.1,120.9,38.9,0.0,0.0,12.6,11.6,0.034,0.032,0.0,0.0,51.0,5
yambol_elhovo,2024-03-01,0,SAFE,0,SAFE,0.0,0.0,0.9,2024-01-31,0.4066,0.4265,-0.3296,-0.493,0.6022,0.5583,40.3,32.8,-2.4,-3.5,5.1,0.0,38.9,15.7,0.0,0.0,11.6,19.5,0.032,0.306,0.0,0.0,5.0,9
yambol_elhovo,2024-03-31,0,SAFE,0,SAFE,0.0,0.0,0.9,2024-03-01,0.4265,0.516,-0.493,-0.5147,0.5583,0.6026,32.8,36.1,-3.5,-5.2,0.0,7.0,15.7,42.0,0.0,0.0,19.5,24.9,0.306,0.0,0.0,0.0,9.0,13
yambol_elhovo,2024-04-30,0,SAFE,0,SAFE,0.0,0.0,0.9,2024-03-31,0.516,0.6291,-0.5147,-0.5967,0.6026,0.5867,36.1,47.2,-5.2,1.4,7.0,28.8,42.0,77.1,0.0,0.0,24.9,23.0,0.0,0.0,0.0,0.0,13.0,18
yambol_elhovo,2024-05-30,0,SAFE,0,SAFE,0.0,0.0,0.9,2024-04-30,0.6291,0.7187,-0.5967,-0.647,0.5867,0.5998,47.2,32.7,1.4,-10.7,28.8,3.5,77.1,52.6,0.0,0.0,23.0,26.4,0.0,0.023,0.0,0.0,18.0,22
yambol_elhovo,2024-06-29,0,SAFE,1,LOW_RISK,0.0,1.0,0.9,2024-05-30,0.7187,0.5475,-0.647,-0.5575,0.5998,0.5779,32.7,26.6,-10.7,0.5,3.5,0.0,52.6,11.8,0.0,0.0,26.4,31.6,0.023,0.401,0.0,0.0,22.0,26
yambol_elhovo,2024-07-29,0,SAFE,1,LOW_RISK,0.0,1.0,0.9,2024-06-29,0.5475,0.4339,-0.5575,-0.4767,0.5779,0.5792,26.6,25.7,0.5,-5.6,0.0,4.4,11.8,15.5,0.0,0.0,31.6,37.7,0.401,0.376,0.0,0.0,26.0,31
yambol_elhovo,2024-08-28,0,SAFE,2,MODERATE_RISK,0.0,2.0,0.9,2024-07-29,0.4339,0.3649,-0.4767,-0.431,0.5792,0.5573,25.7,30.2,-5.6,-0.3,4.4,3.5,15.5,9.6,0.0,0.0,37.7,36.1,0.376,0.428,0.0,0.0,31.0,35
yambol_elhovo,2024-09-27,0,SAFE,0,SAFE,0.0,0.0,0.9,2024-08-28,0.3649,0.3606,-0.431,-0.4271,0.5573,0.6122,30.2,27.9,-0.3,-10.8,3.5,0.0,9.6,67.0,0.0,0.0,36.1,29.9,0.428,0.111,0.0,0.0,35.0,39
yambol_elhovo,2024-10-27,0,SAFE,0,SAFE,0.0,0.0,0.9,2024-09-27,0.3606,0.4416,-0.4271,-0.4693,0.6122,0.5483,27.9,29.1,-10.8,-2.9,0.0,0.0,67.0,61.4,0.0,0.0,29.9,20.0,0.111,0.063,0.0,0.0,39.0,43
yambol_elhovo,2024-11-26,0,SAFE,0,SAFE,0.0,0.0,0.9,2024-10-27,0.4416,0.4092,-0.4693,-0.4742,0.5483,0.6809,29.1,40.1,-2.9,1.3,0.0,18.9,61.4,33.9,0.0,0.0,20.0,17.1,0.063,0.087,0.0,0.0,43.0,48
yambol_elhovo,2024-12-26,1,LOW_RISK,0,SAFE,1.0,0.0,0.9,2024-11-26,0.4092,0.426,-0.4742,-0.5014,0.6809,0.6082,40.1,50.1,1.3,5.8,18.9,63.7,33.9,114.1,0.0,0.0,17.1,12.9,0.087,0.011,0.0,0.0,48.0,52
yambol_elhovo,2025-01-31,0,SAFE,0,SAFE,0.0,0.0,0.9,2024-12-26,0.426,0.3731,-0.5014,-0.3904,0.6082,0.5884,50.1,45.9,5.8,-3.7,63.7,0.3,114.1,44.1,0.0,0.0,12.9,17.8,0.011,0.034,0.0,0.0,52.0,5
yambol_elhovo,2025-03-02,0,SAFE,0,SAFE,0.0,0.0,0.9,2025-01-31,0.3731,0.4406,-0.3904,-0.342,0.5884,0.6291,45.9,44.7,-3.7,-1.0,0.3,5.7,44.1,46.2,0.0,0.0,17.8,12.1,0.034,0.004,0.0,0.0,5.0,9
yambol_elhovo,2025-04-01,0,SAFE,0,SAFE,0.0,0.0,0.9,2025-03-02,0.4406,0.4689,-0.342,-0.4991,0.6291,0.5697,44.7,40.7,-1.0,16.4,5.7,23.3,46.2,55.6,0.0,0.0,12.1,22.5,0.004,0.0,0.0,0.0,9.0,14
yambol_elhovo,2025-05-01,0,SAFE,0,SAFE,0.0,0.0,0.9,2025-04-01,0.4689,0.6098,-0.4991,-0.5624,0.5697,0.5483,40.7,20.2,16.4,-2.6,23.3,4.7,55.6,44.3,0.0,0.0,22.5,23.1,0.0,0.148,0.0,0.0,14.0,18
yambol_elhovo,2025-05-31,1,LOW_RISK,0,SAFE,1.0,0.0,0.9,2025-05-01,0.6098,0.6942,-0.5624,-0.6251,0.5483,0.6194,20.2,34.4,-2.6,2.7,4.7,52.8,44.3,113.8,0.0,0.0,23.1,22.6,0.148,0.006,0.0,0.0,18.0,22
yambol_elhovo,2025-06-30,0,SAFE,3,HIGH_RISK,0.0,5.0,0.9,2025-05-31,0.6942,0.6523,-0.6251,-0.6189,0.6194,0.5867,34.4,19.2,2.7,-1.6,52.8,2.1,113.8,4.0,0.0,0.0,22.6,38.0,0.006,0.563,0.0,0.0,22.0,27
yambol_elhovo,2025-07-30,0,SAFE,3,HIGH_RISK,0.0,4.0,0.9,2025-06-30,0.6523,0.4439,-0.6189,-0.5093,0.5867,0.5718,19.2,20.4,-1.6,0.3,2.1,0.5,4.0,4.1,0.0,0.0,38.0,38.0,0.563,0.553,0.0,0.0,27.0,31
yambol_elhovo,2025-08-29,0,SAFE,2,MODERATE_RISK,0.0,2.0,0.9,2025-07-30,0.4439,0.3671,-0.5093,-0.4511,0.5718,0.5541,20.4,19.7,0.3,1.4,0.5,2.4,4.1,9.4,0.0,0.0,38.0,31.4,0.553,0.534,0.0,0.0,31.0,35
yambol_elhovo,2025-09-28,0,SAFE,1,LOW_RISK,0.0,1.0,0.9,2025-08-29,0.3671,0.3685,-0.4511,-0.4394,0.5541,0.5453,19.7,21.7,1.4,1.1,2.4,0.4,9.4,5.9,0.0,0.0,31.4,27.4,0.534,0.553,0.0,0.0,35.0,39
yambol_elhovo,2025-10-28,0,SAFE,0,SAFE,0.0,0.0,0.9,2025-09-28,0.3685,0.3796,-0.4394,-0.4215,0.5453,0.562,21.7,47.6,1.1,6.7,0.4,23.9,5.9,127.2,0.0,0.0,27.4,22.0,0.553,0.031,0.0,0.0,39.0,44
yambol_elhovo,2025-11-27,0,SAFE,0,SAFE,0.0,0.0,0.9,2025-10-28,0.3796,0.4274,-0.4215,-0.4399,0.562,0.6148,47.6,45.4,6.7,1.4,23.9,4.8,127.2,32.6,0.0,0.0,22.0,21.2,0.031,0.093,0.0,0.0,44.0,48
yambol_elhovo,2025-12-27,0,SAFE,0,SAFE,0.0,0.0,0.9,2025-11-27,0.4274,0.5171,-0.4399,-0.5085,0.6148,0.6348,45.4,47.8,1.4,2.0,4.8,14.7,32.6,46.6,0.0,0.0,21.2,10.9,0.093,0.0,0.0,0.0,48.0,52
yambol_elhovo,2026-01-31,1,LOW_RISK,0,SAFE,1.0,0.0,0.9,2025-12-27,0.5171,0.5051,-0.5085,-0.5188,0.6348,0.6409,47.8,48.3,2.0,-0.5,14.7,47.0,46.6,83.4,0.0,0.0,10.9,15.9,0.0,0.0,0.0,0.0,52.0,5
yambol_elhovo,2026-03-02,0,SAFE,0,SAFE,0.0,0.0,0.9,2026-01-31,0.5051,0.5307,-0.5188,-0.5481,0.6409,0.6509,48.3,45.2,-0.5,-0.9,47.0,7.0,83.4,127.5,0.0,0.0,15.9,15.4,0.0,0.0,0.0,0.0,5.0,10
yambol_elhovo,2026-04-01,1,LOW_RISK,0,SAFE,1.0,0.0,0.9,2026-03-02,0.5307,0.516,-0.5481,-0.5369,0.6509,0.6324,45.2,51.0,-0.9,7.0,7.0,41.6,127.5,57.9,0.0,0.0,15.4,16.6,0.0,0.0,0.0,0.0,10.0,14
