start_date,end_date,ndvi,soil_moisture_pct,s1_moisture,s1_vv_db,s1_vh_db,precip_mm_7d,precip_mm_30d,river_level_m,river_discharge_m3s,river_discharge_max_m3s,flood_extent_km2,temp_max_c,drought_index,data_timestamp,ndwi,soil_moisture_7d_delta,forecast_precip_24h_mm,source,week_of_year,soil_moisture_pct_z,soil_moisture_pct_seasonal,soil_moisture_pct_anomaly,soil_moisture_pct_anomaly_smooth,soil_moisture_pct_cumulative_effect,precip_mm_7d_z,precip_mm_7d_seasonal,precip_mm_7d_anomaly,precip_mm_7d_anomaly_smooth,precip_mm_7d_cumulative_effect,precip_mm_30d_z,precip_mm_30d_seasonal,precip_mm_30d_anomaly,precip_mm_30d_anomaly_smooth,precip_mm_30d_cumulative_effect,temp_max_c_z,temp_max_c_seasonal,temp_max_c_anomaly,temp_max_c_anomaly_smooth,temp_max_c_cumulative_effect,soil_moisture_7d_delta_z,soil_moisture_7d_delta_seasonal,soil_moisture_7d_delta_anomaly,soil_moisture_7d_delta_anomaly_smooth,soil_moisture_7d_delta_cumulative_effect,drought_index_z,drought_index_seasonal,drought_index_anomaly,drought_index_anomaly_smooth,drought_index_cumulative_effect,river_discharge_m3s_z,river_discharge_m3s_seasonal,river_discharge_m3s_anomaly,river_discharge_m3s_anomaly_smooth,river_discharge_m3s_cumulative_effect,river_discharge_max_m3s_z,river_discharge_max_m3s_seasonal,river_discharge_max_m3s_anomaly,river_discharge_max_m3s_anomaly_smooth,river_discharge_max_m3s_cumulative_effect,ndvi_minmax,ndvi_seasonal,ndvi_anomaly,ndwi_minmax,ndwi_seasonal,ndwi_anomaly,s1_moisture_minmax,s1_moisture_seasonal,s1_moisture_anomaly,s1_vv_db_minmax,s1_vv_db_seasonal,s1_vv_db_anomaly,s1_vh_db_minmax,s1_vh_db_seasonal,s1_vh_db_anomaly,flood_extent_km2_minmax,flood_extent_km2_seasonal,flood_extent_km2_anomaly
2021-04-26,2021-05-10,0.5079,17.1,0.729,-6.7349,-13.3419,1.0,53.5,,,,0.0,26.1,0.179,2021-05-10T23:59:59Z,-0.4712,-4.5,0.0,Sentinel Hub Statistical API + OpenMeteo,19,-0.9342,23.7867,-6.6867,-6.6867,-6.6867,-0.6199,11.8,-10.8,-10.8,-10.8,0.3037,57.2867,-3.7867,-3.7867,-3.7867,0.3127,24.4,1.7,1.7,1.7,-0.527,-1.8667,-2.6333,-2.6333,-2.6333,-0.4178,0.15,0.029,0.029,0.029,,,,,,,,,,,0.7789,0.5024,0.0055,0.1917,-0.4794,0.0082,0.3012,0.7324,-0.0034,0.2851,-6.632,-0.1029,0.3615,-13.2052,-0.1367,,0.0,0.0
2021-05-10,2021-05-24,0.5845,25.5,0.7408,-6.4401,-13.0323,20.2,72.8,,,,0.0,26.5,0.095,2021-05-24T23:59:59Z,-0.5378,-6.3,0.0,Sentinel Hub Statistical API + OpenMeteo,21,0.0252,23.85,1.65,-4.6025,-10.4868,0.775,9.7286,10.4714,-5.4822,-14.9862,0.8887,54.3786,18.4214,1.7653,-1.567,0.356,25.8857,0.6143,1.4286,2.9246,-0.7897,-3.2857,-3.0143,-2.7286,-5.0459,-0.852,0.163,-0.068,0.0048,0.0303,,,,,,,,,,,0.929,0.5398,0.0447,0.0707,-0.5081,-0.0297,0.4096,0.7397,0.0011,0.3871,-6.4561,0.016,0.4768,-13.0748,0.0425,,0.0,0.0
2021-06-07,2021-06-21,0.6207,33.7,0.7569,-6.0291,-12.7057,36.3,110.8,,,,0.0,26.8,0.013,2021-06-21T23:59:59Z,-0.5767,-2.5,0.0,Sentinel Hub Statistical API + OpenMeteo,25,0.9618,22.7,11.0,-0.7019,-9.9303,1.9447,11.6929,24.6071,2.0402,-11.1477,2.0406,63.0429,47.7571,13.2633,11.8843,0.3885,30.3929,-3.5929,0.1732,2.7468,-0.235,-2.7214,0.2214,-1.9911,-6.4315,-1.2758,0.1842,-0.1712,-0.0392,-0.0125,,,,,,,,,,,1.0,0.5667,0.054,0.0,-0.5419,-0.0348,0.5574,0.7487,0.0082,0.5294,-6.2301,0.201,0.5986,-12.7867,0.081,,0.0,0.0
2021-06-21,2021-07-05,0.5811,15.8,0.7484,-6.2457,-12.6445,6.9,61.8,,,,0.0,34.2,0.192,2021-07-05T23:59:59Z,-0.5556,-6.2,0.0,Sentinel Hub Statistical API + OpenMeteo,27,-1.0827,18.8733,-3.0733,-1.2947,-10.0333,-0.1913,9.0733,-2.1733,0.9868,-8.8231,0.5553,47.32,14.48,13.5675,24.0257,1.1891,32.48,1.72,0.5599,2.9771,-0.7751,-1.54,-4.66,-2.6583,-8.318,-0.3506,0.2958,-0.1038,-0.0554,-0.0664,,,,,,,,,,,0.9224,0.5436,0.0375,0.0383,-0.5285,-0.0271,0.4793,0.7412,0.0072,0.4544,-6.4179,0.1722,0.6214,-12.9103,0.2658,,0.0,0.0
2021-07-05,2021-07-19,0.5323,18.3,0.7421,-6.4015,-12.7904,3.6,16.8,,,,0.0,34.0,0.428,2021-07-19T23:59:59Z,-0.5233,2.7,0.0,Sentinel Hub Statistical API + OpenMeteo,29,-0.7971,15.8,2.5,-0.3461,-9.1754,-0.431,2.3267,1.2733,1.0584,-6.706,-0.8087,24.86,-8.06,8.1606,29.3032,1.1674,35.3333,-1.3333,0.0866,2.7065,0.5241,-1.8733,4.5733,-0.8504,-8.1703,0.8691,0.4321,-0.0041,-0.0426,-0.101,,,,,,,,,,,0.8267,0.5051,0.0272,0.0971,-0.503,-0.0203,0.4215,0.7351,0.007,0.4005,-6.5677,0.1662,0.567,-13.0008,0.2104,,0.0,0.0
2021-07-19,2021-08-02,0.5007,14.7,0.7391,-6.4727,-12.8945,0.4,6.0,,,,0.0,37.7,0.586,2021-08-02T23:59:59Z,-0.5079,-2.4,0.0,Sentinel Hub Statistical API + OpenMeteo,31,-1.2083,15.0333,-0.3333,-0.3429,-8.4173,-0.6635,1.8867,-1.4867,0.4221,-5.4791,-1.1361,15.2533,-9.2533,3.8071,29.5939,1.5677,35.6467,2.0533,0.5783,2.96,-0.2204,-1.6733,-0.7267,-0.8195,-8.0093,1.6858,0.4828,0.1032,-0.0061,-0.095,,,,,,,,,,,0.7648,0.4779,0.0228,0.125,-0.4858,-0.0221,0.3939,0.7307,0.0084,0.3758,-6.6793,0.2066,0.5282,-13.1057,0.2112,,0.0,0.0
2021-08-02,2021-08-16,0.4786,14.8,0.7323,-6.658,-13.1231,0.4,14.0,,,,0.0,34.6,0.494,2021-08-16T23:59:59Z,-0.4955,-1.1,0.0,Sentinel Hub Statistical API + OpenMeteo,33,-1.1969,16.7,-1.9,-0.7322,-8.1394,-0.6635,4.0533,-3.6533,-0.5967,-5.4183,-0.8936,17.78,-3.78,1.9103,27.953,1.2323,35.2133,-0.6133,0.2804,2.8852,-0.0307,-0.2067,-0.8933,-0.8379,-7.8861,1.2103,0.4446,0.0494,0.0078,-0.0758,,,,,,,,,,,0.7214,0.4523,0.0263,0.1476,-0.4689,-0.0266,0.3315,0.7296,0.0027,0.3117,-6.7083,0.0503,0.443,-13.136,0.0129,,0.0,0.0
2021-08-16,2021-08-30,0.4637,25.6,0.7229,-6.8914,-13.4933,18.0,29.9,,,,0.0,32.0,0.208,2021-08-30T23:59:59Z,-0.486,10.6,0.0,Sentinel Hub Statistical API + OpenMeteo,35,0.0366,17.58,8.02,1.4559,-5.7068,0.6152,4.4467,13.5533,2.9408,-1.8273,-0.4116,24.7733,5.1267,2.7144,27.313,0.9511,32.9,-0.9,-0.0147,2.5243,1.6773,-2.6067,13.2067,2.6732,-4.2666,-0.2679,0.3904,-0.1824,-0.0398,-0.1065,,,,,,,,,,,0.6922,0.4337,0.03,0.1648,-0.4524,-0.0336,0.2452,0.7261,-0.0032,0.2309,-6.7985,-0.0929,0.305,-13.2493,-0.244,,0.0,0.0
2021-08-30,2021-09-13,0.457,16.2,0.7179,-7.0099,-13.4459,0.0,20.6,,,,0.0,28.1,0.406,2021-09-13T23:59:59Z,-0.4748,-0.2,0.0,Sentinel Hub Statistical API + OpenMeteo,37,-1.037,17.4267,-1.2267,0.7852,-4.2368,-0.6926,3.9667,-3.9667,1.2139,-0.3942,-0.6935,29.0267,-8.4267,-0.0709,23.9646,0.5291,31.0733,-2.9733,-0.7544,1.467,0.1007,-3.7467,3.5467,2.8916,-0.863,0.7554,0.3593,0.0467,-0.0182,-0.1119,,,,,,,,,,,0.6791,0.4221,0.0349,0.1852,-0.4431,-0.0317,0.1993,0.7227,-0.0048,0.1899,-6.8817,-0.1282,0.3227,-13.3588,-0.0871,,0.0,0.0
2021-09-13,2021-09-27,0.4401,16.1,0.713,-7.1401,-13.5907,0.5,7.9,,,,0.0,27.1,0.555,2021-09-27T23:59:59Z,-0.4693,-4.1,0.0,Sentinel Hub Statistical API + OpenMeteo,39,-1.0484,20.6,-4.5,-0.5361,-4.2645,-0.6562,8.58,-8.08,-1.1096,-1.4565,-1.0785,34.98,-27.08,-6.8231,14.2657,0.4209,27.6467,-0.5467,-0.7024,0.5885,-0.4686,-1.9267,-2.1733,1.6254,0.866,1.5255,0.3076,0.2474,0.0482,-0.0503,,,,,,,,,,,0.646,0.4206,0.0195,0.1952,-0.4454,-0.0239,0.1543,0.7223,-0.0093,0.1448,-6.8853,-0.2548,0.2687,-13.41,-0.1807,,0.0,0.0
2021-09-27,2021-10-11,0.4339,36.9,0.7072,-7.2903,-13.7689,43.1,52.2,,,,0.0,20.0,0.007,2021-10-11T23:59:59Z,-0.474,19.6,0.0,Sentinel Hub Statistical API + OpenMeteo,41,1.3273,22.98,13.92,3.0779,-0.6748,2.4388,8.18,34.92,7.8978,6.6161,0.2643,45.7333,6.4667,-3.5007,9.0531,-0.3472,25.14,-5.14,-1.8118,-1.2939,2.9911,0.0933,19.5067,6.0957,6.8578,-1.3068,0.2814,-0.2744,-0.0324,-0.0767,,,,,,,,,,,0.6338,0.425,0.0089,0.1867,-0.455,-0.019,0.101,0.7217,-0.0145,0.0929,-6.8984,-0.3919,0.2023,-13.4844,-0.2845,,0.0,0.0
2021-10-11,2021-10-25,0.4338,34.1,0.7316,-6.6636,-13.5608,5.6,118.8,,,,0.0,21.0,0.016,2021-10-25T23:59:59Z,-0.4611,-3.8,0.0,Sentinel Hub Statistical API + OpenMeteo,43,1.0075,25.62,8.48,4.4285,3.8347,-0.2857,9.7333,-4.1333,4.89,10.7122,2.2831,51.2,67.6,14.2745,22.2412,-0.239,23.3267,-2.3267,-1.9406,-3.0792,-0.4248,1.82,-5.62,3.1668,9.2016,-1.2603,0.2769,-0.2609,-0.0895,-0.157,,,,,,,,,,,0.6336,0.4138,0.02,0.2101,-0.4562,-0.0049,0.3251,0.7234,0.0082,0.3098,-6.8552,0.1916,0.2799,-13.4501,-0.1107,,0.0,0.0
2021-10-25,2021-11-08,0.3893,28.9,0.7311,-6.6597,-13.2771,7.0,84.9,,,,0.0,22.9,0.088,2021-11-08T23:59:59Z,-0.4476,2.2,0.0,Sentinel Hub Statistical API + OpenMeteo,45,0.4136,25.8733,3.0267,4.078,7.4525,-0.184,6.7,0.3,3.7425,13.1692,1.2555,47.76,37.14,19.9909,39.5632,-0.0334,20.7667,2.1333,-0.9221,-3.6318,0.4511,0.26,1.94,2.8601,10.9575,-0.8882,0.2848,-0.1968,-0.1164,-0.2545,,,,,,,,,,,0.5464,0.3902,-0.0009,0.2346,-0.443,-0.0046,0.3205,0.7232,0.0079,0.3111,-6.8591,0.1994,0.3856,-13.4389,0.1618,,0.0,0.0
2021-11-08,2021-11-22,0.3128,26.0,0.7232,-6.8583,-13.3325,0.0,11.3,,,,0.0,15.6,0.474,2021-11-22T23:59:59Z,-0.3809,-2.6,0.0,Sentinel Hub Statistical API + OpenMeteo,47,0.0823,29.2571,-3.2571,2.2442,8.8024,-0.6926,11.5071,-11.5071,-0.0699,11.519,-0.9754,42.1,-30.8,7.2932,42.1088,-0.8232,17.8929,-2.2929,-1.2648,-4.4608,-0.2496,2.2143,-4.8143,0.9415,10.5841,1.1069,0.2418,0.2322,-0.0292,-0.2532,,,,,,,,,,,0.3964,0.3485,-0.0357,0.3559,-0.4029,0.022,0.2479,0.7363,-0.0131,0.2424,-6.5204,-0.3379,0.365,-13.1153,-0.2172,,0.0,0.0
2021-11-22,2021-12-06,0.1106,33.2,0.7446,-6.3434,-12.9127,11.1,22.3,,,,0.0,16.5,0.368,2021-12-06T23:59:59Z,-0.0265,1.9,0.0,Sentinel Hub Statistical API + OpenMeteo,49,0.9047,33.6077,-0.4077,1.5813,9.3274,0.1139,12.9308,-1.8308,-0.5101,9.6266,-0.642,49.6462,-27.3462,-1.3667,35.6891,-0.7258,13.4923,3.0077,-0.1967,-4.1222,0.4073,1.8231,0.0769,0.7253,10.0393,0.559,0.1457,0.2223,0.0337,-0.1891,,,,,,,,,,,0.0,0.327,-0.2164,1.0,-0.3846,0.3581,0.4444,0.7464,-0.0018,0.4206,-6.2551,-0.0883,0.5214,-12.8892,-0.0235,,0.0,0.0
2021-12-06,2021-12-20,0.3162,36.5,0.7484,-6.2392,-12.8388,7.7,69.3,,,,0.0,6.8,0.059,2021-12-20T23:59:59Z,-0.3761,-3.4,0.0,Sentinel Hub Statistical API + OpenMeteo,51,1.2816,36.0875,0.4125,1.2891,9.4972,-0.1331,13.4,-5.7,-1.8076,6.6638,0.7826,61.15,8.15,1.0125,32.4189,-1.7753,11.9,-5.1,-1.4225,-5.05,-0.3664,1.35,-4.75,-0.6435,8.1911,-1.0381,0.0935,-0.0345,0.0166,-0.1498,,,,,,,,,,,0.4031,0.3099,0.0063,0.3646,-0.3619,-0.0142,0.4793,0.7571,-0.0087,0.4567,-5.977,-0.2622,0.549,-12.6657,-0.1731,,0.0,0.0
2021-12-20,2022-01-03,0.3036,35.3,0.751,-6.1655,-12.9049,14.9,69.1,,,,0.0,14.5,0.065,2022-01-03T23:59:59Z,-0.3832,-2.1,0.0,Sentinel Hub Statistical API + OpenMeteo,1,1.1445,33.1667,2.1333,1.5001,9.8577,0.39,18.0556,-3.1556,-2.1446,3.7196,0.7766,57.4778,11.6222,3.6649,32.1935,-0.9422,11.7778,2.7222,-0.3863,-4.8303,-0.1766,-1.7556,-0.3444,-0.5687,6.6395,-1.007,0.1777,-0.1127,-0.0157,-0.1475,,,,,,,,,,,0.3784,0.3096,-0.006,0.3517,-0.3688,-0.0144,0.5032,0.7566,-0.0056,0.4822,-5.9801,-0.1854,0.5243,-12.7236,-0.1813,,0.0,0.0
2022-01-03,2022-01-17,0.2898,34.8,0.7869,-5.1786,-12.1234,3.2,31.5,,,,0.0,7.2,0.169,2022-01-17T23:59:59Z,-0.3551,-6.1,0.0,Sentinel Hub Statistical API + OpenMeteo,3,1.0874,34.2231,0.5769,1.2693,9.944,-0.4601,15.2923,-12.0923,-4.6315,-1.3583,-0.3631,50.4462,-18.9462,-1.9879,26.3424,-1.732,10.7231,-3.5231,-1.1705,-5.4212,-0.7605,-0.4692,-5.6308,-1.8342,4.0085,-0.4695,0.1991,-0.0301,-0.0193,-0.1491,,,,,,,,,,,0.3513,0.2951,-0.0053,0.4028,-0.3388,-0.0163,0.8329,0.7465,0.0404,0.8237,-6.2418,1.0632,0.8156,-12.9933,0.8699,,0.0,0.0
2022-01-17,2022-01-31,0.2862,31.2,0.7065,-7.2918,-14.1474,0.0,19.5,,,,0.0,10.9,0.341,2022-01-31T23:59:59Z,-0.3378,-1.8,0.0,Sentinel Hub Statistical API + OpenMeteo,5,0.6763,34.3167,-3.1167,0.1728,8.9236,-0.6926,8.5583,-8.5583,-5.6132,-6.8085,-0.7269,39.425,-19.925,-6.4721,16.7092,-1.3317,9.2833,1.6167,-0.4737,-5.2444,-0.1328,-0.4333,-1.3667,-1.7174,1.8101,0.4195,0.2438,0.0972,0.0098,-0.1214,,,,,,,,,,,0.3442,0.2732,0.013,0.4342,-0.2942,-0.0436,0.0946,0.7317,-0.0252,0.0923,-6.6309,-0.6609,0.0613,-13.3526,-0.7948,,0.0,0.0
2022-01-31,2022-02-14,0.2229,27.8,0.7194,-6.9741,-13.5758,0.2,12.5,,,,0.0,14.6,0.482,2022-02-14T23:59:59Z,-0.2878,-7.8,0.0,Sentinel Hub Statistical API + OpenMeteo,7,0.2879,33.3,-5.5,-1.2454,6.6073,-0.678,9.225,-9.025,-6.4662,-12.4577,-0.9391,35.6833,-23.1833,-10.6499,4.0542,-0.9314,10.7583,3.8417,0.6051,-4.0099,-1.0087,0.4917,-8.2917,-3.3609,-1.768,1.1482,0.2792,0.2028,0.0581,-0.0488,,,,,,,,,,,0.2202,0.2594,-0.0365,0.5251,-0.2894,0.0016,0.213,0.7257,-0.0063,0.2023,-6.7891,-0.185,0.2743,-13.5537,-0.0221,,0.0,0.0
2022-02-14,2022-02-28,0.2867,31.3,0.7821,-5.288,-12.1773,15.4,23.4,,,,0.0,10.1,0.296,2022-02-28T23:59:59Z,-0.3842,9.6,0.0,Sentinel Hub Statistical API + OpenMeteo,9,0.6877,30.7273,0.5727,-0.7909,5.0235,0.4263,7.4818,7.9182,-2.8701,-13.8328,-0.6087,32.9636,-9.5636,-10.3784,-6.8107,-1.4182,13.0727,-2.9727,-0.2893,-3.818,1.5313,-0.9,10.5,0.1043,-1.4515,0.1869,0.3016,-0.0056,0.0421,-0.0008,,,,,,,,,,,0.3452,0.2642,0.0225,0.3499,-0.3108,-0.0734,0.7888,0.7255,0.0566,0.7859,-6.8011,1.5131,0.7955,-13.4854,1.3081,,0.0,0.0
2022-02-28,2022-03-14,0.2614,28.0,0.7185,-7.0079,-13.5754,2.1,29.3,,,,0.0,7.9,0.274,2022-03-14T23:59:59Z,-0.3249,-1.9,0.0,Sentinel Hub Statistical API + OpenMeteo,11,0.3108,30.0538,-2.0538,-1.1066,3.3141,-0.54,10.2769,-8.1769,-4.1968,-16.3697,-0.4298,33.6538,-4.3538,-8.8722,-14.8656,-1.6562,16.3,-8.4,-2.317,-5.6769,-0.1474,1.0538,-2.9538,-0.6602,-1.9376,0.0732,0.2631,0.0109,0.0343,0.0336,,,,,,,,,,,0.2956,0.2979,-0.0365,0.4577,-0.3502,0.0253,0.2048,0.7271,-0.0086,0.1906,-6.7571,-0.2508,0.2744,-13.3218,-0.2536,,0.0,0.0
2022-03-14,2022-03-28,0.278,17.3,0.7129,-7.1393,-13.4353,0.0,25.6,,,,0.0,20.1,0.415,2022-03-28T23:59:59Z,-0.3414,-12.0,0.0,Sentinel Hub Statistical API + OpenMeteo,13,-0.9114,29.3917,-12.0917,-3.8529,-0.9365,-0.6926,10.675,-10.675,-5.8163,-20.2216,-0.542,37.7167,-12.1167,-9.6833,-22.765,-0.3364,19.3667,0.7333,-1.5544,-6.55,-1.6218,-0.0417,-11.9583,-3.4847,-5.1897,0.8019,0.227,0.188,0.0728,0.1024,,,,,,,,,,,0.3282,0.3159,-0.0379,0.4277,-0.3658,0.0244,0.1534,0.7212,-0.0083,0.1451,-6.9115,-0.2278,0.3267,-13.3224,-0.1129,,0.0,0.0
2022-03-28,2022-04-11,0.3456,33.4,0.709,-7.2323,-13.3799,31.5,40.4,,,,0.0,24.8,0.062,2022-04-11T23:59:59Z,-0.3956,9.2,0.0,Sentinel Hub Statistical API + OpenMeteo,15,0.9275,28.3786,5.0214,-1.6343,-2.4584,1.596,13.8071,17.6929,0.061,-17.734,-0.0934,52.2214,-11.8214,-10.2179,-30.2511,0.1721,21.6214,3.1786,-0.3712,-6.1352,1.4729,-0.3143,9.5143,-0.235,-4.802,-1.0226,0.1609,-0.0989,0.0298,0.1199,,,,,,,,,,,0.4607,0.3742,-0.0286,0.3292,-0.4014,0.0058,0.1175,0.7246,-0.0156,0.1129,-6.8185,-0.4138,0.3473,-13.2477,-0.1322,,0.0,0.0
2022-04-11,2022-04-25,0.4053,23.7,0.7164,-7.0527,-13.2415,11.0,61.9,,,,0.0,24.2,0.133,2022-04-25T23:59:59Z,-0.4317,-8.4,0.0,Sentinel Hub Statistical API + OpenMeteo,17,-0.1804,25.3714,-1.6714,-1.6436,-3.807,0.1066,12.15,-1.15,-0.2418,-15.8478,0.5583,59.2571,2.6429,-7.0027,-33.6237,0.1072,23.3571,0.8429,-0.0676,-5.4666,-1.0963,-2.1286,-6.2714,-1.7441,-5.9698,-0.6556,0.1292,0.0038,0.0233,0.1288,,,,,,,,,,,0.5777,0.4373,-0.032,0.2635,-0.4351,0.0034,0.1855,0.7234,-0.007,0.1751,-6.8553,-0.1974,0.3989,-13.359,0.1175,,0.0,0.0
2022-04-25,2022-05-09,0.4461,16.7,0.7127,-7.1466,-13.5902,0.5,57.8,,,,0.0,22.6,0.185,2022-05-09T23:59:59Z,-0.4427,-4.5,0.0,Sentinel Hub Statistical API + OpenMeteo,19,-0.9799,23.7867,-7.0867,-3.0044,-6.3546,-0.6562,11.8,-11.3,-3.0063,-16.9523,0.4341,57.2867,0.5133,-5.1237,-34.7126,-0.0659,24.4,-1.8,-0.5007,-5.3113,-0.527,-1.8667,-2.6333,-1.9664,-7.2199,-0.3868,0.15,0.035,0.0262,0.1395,,,,,,,,,,,0.6577,0.5024,-0.0563,0.2435,-0.4794,0.0367,0.1515,0.7324,-0.0197,0.1426,-6.632,-0.5146,0.2689,-13.2052,-0.385,,0.0,0.0
2022-05-09,2022-05-23,0.5708,15.9,0.7326,-6.6419,-13.0287,8.6,16.6,,,,0.0,28.4,0.454,2022-05-23T23:59:59Z,-0.5493,-0.2,0.0,Sentinel Hub Statistical API + OpenMeteo,21,-1.0713,23.85,-7.95,-4.2408,-9.8328,-0.0677,9.7286,-1.1286,-2.5369,-17.4549,-0.8148,54.3786,-37.7786,-13.2874,-43.8345,0.5616,25.8857,2.5143,0.253,-4.421,0.1007,-3.2857,3.0857,-0.7034,-7.0569,1.0035,0.163,0.291,0.0924,0.2152,,,,,,,,,,,0.9022,0.5398,0.031,0.0498,-0.5081,-0.0412,0.3343,0.7397,-0.0071,0.3173,-6.4561,-0.1858,0.4782,-13.0748,0.0461,,0.0,0.0
2022-05-23,2022-06-06,0.5759,17.3,0.7427,-6.3859,-12.8773,2.0,23.7,,,,0.0,30.5,0.36,2022-06-06T23:59:59Z,-0.5546,-12.8,0.0,Sentinel Hub Statistical API + OpenMeteo,23,-0.9114,24.7286,-7.4286,-5.0377,-13.6906,-0.5473,15.5357,-13.5357,-5.2866,-20.647,-0.5996,64.3286,-40.6286,-20.1227,-58.697,0.7888,27.4857,3.0143,0.9433,-2.9471,-1.7386,-2.3429,-10.4571,-3.1418,-9.3519,0.5177,0.1479,0.2121,0.1224,0.3118,,,,,,,,,,,0.9122,0.5691,0.0068,0.0402,-0.5371,-0.0175,0.427,0.7506,-0.0079,0.4059,-6.1797,-0.2062,0.5346,-12.7781,-0.0992,,0.0,0.0
2022-06-06,2022-06-20,0.5738,20.7,0.7403,-6.446,-13.0731,1.9,60.3,,,,0.0,28.3,0.143,2022-06-20T23:59:59Z,-0.5447,-13.8,0.0,Sentinel Hub Statistical API + OpenMeteo,25,-0.523,22.7,-2.0,-4.2783,-16.326,-0.5545,11.6929,-9.7929,-6.4132,-24.5825,0.5098,63.0429,-2.7429,-15.7778,-67.4312,0.5508,30.3929,-2.0929,0.1843,-2.4092,-1.8846,-2.7214,-11.0786,-5.126,-13.3556,-0.6039,0.1842,-0.0412,0.0815,0.3559,,,,,,,,,,,0.9081,0.5667,0.0071,0.0582,-0.5419,-0.0028,0.405,0.7487,-0.0084,0.3851,-6.2301,-0.2159,0.4616,-12.7867,-0.2864,,0.0,0.0
2022-06-20,2022-07-04,0.5365,20.8,0.7365,-6.5448,-12.9603,0.4,64.2,,,,0.0,32.6,0.142,2022-07-04T23:59:59Z,-0.5205,-4.5,0.0,Sentinel Hub Statistical API + OpenMeteo,27,-0.5116,18.8733,1.9267,-2.727,-17.0939,-0.6635,9.0733,-8.6733,-6.9782,-28.6108,0.6281,47.32,16.88,-7.6133,-66.9527,1.016,32.48,0.12,0.1682,-1.9519,-0.527,-1.54,-2.96,-4.5845,-16.3375,-0.6091,0.2958,-0.1538,0.0226,0.3358,,,,,,,,,,,0.8349,0.5436,-0.0071,0.1021,-0.5285,0.008,0.3701,0.7412,-0.0047,0.3509,-6.4179,-0.1269,0.5037,-12.9103,-0.05,,0.0,0.0
2022-07-04,2022-07-18,0.5329,15.6,0.7284,-6.7426,-13.248,0.0,20.0,,,,0.0,32.5,0.419,2022-07-18T23:59:59Z,-0.5272,-2.8,0.0,Sentinel Hub Statistical API + OpenMeteo,29,-1.1055,15.8,-0.2,-2.0953,-17.1379,-0.6926,2.3267,-2.3267,-5.8153,-30.9928,-0.7117,24.86,-4.86,-6.925,-65.8434,1.0051,35.3333,-2.8333,-0.5822,-2.2999,-0.2788,-1.8733,-0.9267,-3.6701,-18.0471,0.8226,0.4321,-0.0131,0.0137,0.3092,,,,,,,,,,,0.8279,0.5051,0.0278,0.09,-0.503,-0.0242,0.2957,0.7351,-0.0067,0.2824,-6.5677,-0.1749,0.3965,-13.0008,-0.2472,,0.0,0.0
2022-07-18,2022-08-01,0.4815,14.0,0.7258,-6.8071,-13.0455,0.1,3.2,,,,0.0,35.8,0.624,2022-08-01T23:59:59Z,-0.4877,-0.2,0.0,Sentinel Hub Statistical API + OpenMeteo,31,-1.2883,15.0333,-1.0333,-1.8298,-16.9112,-0.6853,1.8867,-1.7867,-4.8082,-32.0819,-1.221,15.2533,-12.0533,-8.2071,-66.1493,1.3622,35.6467,0.1533,-0.3983,-2.4222,0.1007,-1.6733,1.4733,-2.3842,-18.2656,1.8822,0.4828,0.1412,0.0456,0.3177,,,,,,,,,,,0.7271,0.4779,0.0036,0.1618,-0.4858,-0.0019,0.2718,0.7307,-0.0049,0.2601,-6.6793,-0.1278,0.4719,-13.1057,0.0602,,0.0,0.0
2022-08-01,2022-08-15,0.4609,25.0,0.7141,-7.1048,-13.548,2.5,3.7,,,,0.0,33.0,0.508,2022-08-15T23:59:59Z,-0.4753,8.4,0.0,Sentinel Hub Statistical API + OpenMeteo,33,-0.0319,16.7,8.3,0.7027,-14.1791,-0.5109,4.0533,-1.5533,-3.9945,-32.2266,-1.2058,17.78,-14.08,-9.6753,-67.8867,1.0592,35.2133,-2.2133,-0.852,-2.9835,1.3561,-0.2067,8.6067,0.3635,-15.7102,1.2826,0.4446,0.0634,0.05,0.3295,,,,,,,,,,,0.6867,0.4523,0.0086,0.1843,-0.4689,-0.0064,0.1644,0.7296,-0.0155,0.1571,-6.7083,-0.3965,0.2846,-13.136,-0.412,,0.0,0.0
2022-08-15,2022-08-29,0.4337,16.2,0.7167,-7.0421,-13.4302,8.7,25.3,,,,0.0,33.8,0.361,2022-08-29T23:59:59Z,-0.4512,-4.2,0.0,Sentinel Hub Statistical API + OpenMeteo,35,-1.037,17.58,-1.38,0.182,-12.2956,-0.0605,4.4467,4.2533,-1.9325,-30.2919,-0.5511,24.7733,0.5267,-7.1248,-66.8651,1.1458,32.9,0.9,-0.414,-3.0395,-0.4832,-2.6067,-1.5933,-0.1257,-13.9507,0.5228,0.3904,-0.0294,0.0302,0.3202,,,,,,,,,,,0.6334,0.4337,0.0,0.2281,-0.4524,0.0012,0.1882,0.7261,-0.0094,0.1788,-6.7985,-0.2436,0.3286,-13.2493,-0.1809,,0.0,0.0
2022-08-29,2022-09-12,0.4442,22.9,0.7232,-6.881,-13.377,13.1,77.6,,,,0.0,31.0,0.124,2022-09-12T23:59:59Z,-0.4418,-3.7,0.0,Sentinel Hub Statistical API + OpenMeteo,37,-0.2717,17.4267,5.4733,1.5048,-9.3154,0.2592,3.9667,9.1333,0.8339,-25.8229,1.0342,29.0267,48.5733,6.7997,-52.0416,0.8429,31.0733,-0.0733,-0.3289,-3.0037,-0.4102,-3.7467,0.0467,-0.0826,-12.3592,-0.7021,0.3593,-0.2353,-0.0362,0.2456,,,,,,,,,,,0.654,0.4221,0.0221,0.2452,-0.4431,0.0013,0.2479,0.7227,0.0005,0.2345,-6.8817,0.0007,0.3484,-13.3588,-0.0182,,0.0,0.0
2022-09-12,2022-09-26,0.4533,21.0,0.7133,-7.1347,-13.5964,2.7,60.0,,,,0.0,27.2,0.14,2022-09-26T23:59:59Z,-0.4484,0.8,0.0,Sentinel Hub Statistical API + OpenMeteo,39,-0.4888,20.6,0.4,1.2286,-6.9689,-0.4964,8.58,-5.88,-0.8445,-23.5687,0.5007,34.98,25.02,11.3548,-34.4418,0.4318,27.6467,-0.4467,-0.3583,-3.0015,0.2467,-1.9267,2.7267,0.6197,-10.2564,-0.6194,0.3076,-0.1676,-0.069,0.1471,,,,,,,,,,,0.6718,0.4206,0.0327,0.2332,-0.4454,-0.003,0.157,0.7223,-0.009,0.1467,-6.8853,-0.2494,0.2666,-13.41,-0.1864,,0.0,0.0
2022-09-26,2022-10-10,0.4824,23.6,0.7212,-6.9367,-13.4318,0.0,19.0,,,,0.0,21.8,0.35,2022-10-10T23:59:59Z,-0.4909,-8.4,0.0,Sentinel Hub Statistical API + OpenMeteo,41,-0.1918,22.98,0.62,1.0765,-5.0561,-0.6926,8.18,-8.18,-2.6784,-23.4188,-0.742,45.7333,-26.7333,1.8328,-28.476,-0.1525,25.14,-3.34,-1.1037,-3.745,-1.0963,0.0933,-8.4933,-1.6585,-10.6841,0.466,0.2814,0.0686,-0.0346,0.0949,,,,,,,,,,,0.7289,0.425,0.0574,0.1559,-0.455,-0.0359,0.2296,0.7217,-0.0005,0.2152,-6.8984,-0.0383,0.328,-13.4844,0.0526,,0.0,0.0
2022-10-10,2022-10-24,0.4442,16.5,0.7075,-7.2876,-13.7135,0.0,15.7,,,,0.0,22.9,0.461,2022-10-24T23:59:59Z,-0.4643,-5.6,0.0,Sentinel Hub Statistical API + OpenMeteo,43,-1.0027,25.62,-9.12,-1.4727,-5.9221,-0.6926,9.7333,-9.7333,-4.4421,-25.0507,-0.8421,51.2,-35.5,-7.5004,-32.5593,-0.0334,23.3267,-0.4267,-0.9345,-4.2301,-0.6876,1.82,-7.42,-3.0989,-12.5009,1.0397,0.2769,0.1841,0.0201,0.1036,,,,,,,,,,,0.654,0.4138,0.0304,0.2043,-0.4562,-0.0081,0.1038,0.7234,-0.0159,0.0938,-6.8552,-0.4324,0.223,-13.4501,-0.2634,,0.0,0.0
2022-10-24,2022-11-07,0.3672,14.0,0.7061,-7.3175,-13.6017,0.1,0.8,,,,0.0,25.4,0.688,2022-11-07T23:59:59Z,-0.4372,-0.4,0.0,Sentinel Hub Statistical API + OpenMeteo,45,-1.2883,25.8733,-11.8733,-4.0728,-9.2843,-0.6853,6.7,-6.6,-4.9816,-27.0262,-1.2937,47.76,-46.96,-17.3653,-46.0174,0.237,20.7667,4.6333,0.4575,-3.265,0.0715,0.26,-0.66,-2.4892,-13.49,2.213,0.2848,0.4032,0.1158,0.2069,,,,,,,,,,,0.503,0.3902,-0.023,0.2535,-0.443,0.0058,0.0909,0.7232,-0.0171,0.0834,-6.8591,-0.4584,0.2646,-13.4389,-0.1628,,0.0,0.0
2022-11-07,2022-11-21,0.3169,34.1,0.7384,-6.474,-12.8731,30.1,39.4,,,,0.0,18.5,0.075,2022-11-21T23:59:59Z,-0.3834,12.6,0.0,Sentinel Hub Statistical API + OpenMeteo,47,1.0075,29.2571,4.8429,-1.8439,-10.014,1.4943,11.5071,18.5929,0.912,-22.8711,-0.1237,42.1,-2.7,-13.699,-54.1943,-0.5095,17.8929,0.6071,0.4949,-2.3783,1.9692,2.2143,10.3857,0.7295,-11.1417,-0.9554,0.2418,-0.1668,0.0452,0.2273,,,,,,,,,,,0.4044,0.3485,-0.0316,0.3513,-0.4029,0.0195,0.3875,0.7363,0.0021,0.3754,-6.5204,0.0464,0.5362,-13.1153,0.2422,,0.0,0.0
2022-11-21,2022-12-05,0.3384,32.8,0.7662,-5.7728,-12.3584,19.6,68.3,,,,0.0,6.8,0.072,2022-12-05T23:59:59Z,-0.4223,0.7,0.0,Sentinel Hub Statistical API + OpenMeteo,49,0.859,33.6077,-0.8077,-1.5848,-10.3972,0.7314,12.9308,6.6692,2.3513,-17.7752,0.7523,49.6462,18.6538,-5.6108,-53.3018,-1.7753,13.4923,-6.6923,-1.3019,-3.3948,0.2321,1.8231,-1.1231,0.2664,-9.5383,-0.9709,0.1457,-0.0737,0.0155,0.2155,,,,,,,,,,,0.4466,0.327,0.0114,0.2806,-0.3846,-0.0377,0.6428,0.7464,0.0198,0.6181,-6.2551,0.4823,0.728,-12.8892,0.5308,,0.0,0.0
2022-12-19,2023-01-02,0.3047,25.8,0.7794,-5.3948,-12.2608,0.0,19.5,,,,0.0,15.9,0.387,2023-01-02T23:59:59Z,-0.3988,-5.7,0.0,Sentinel Hub Statistical API + OpenMeteo,1,0.0595,33.1667,-7.3667,-3.0303,-12.1798,-0.6926,18.0556,-18.0556,-2.7504,-18.3926,-0.7269,57.4778,-37.9778,-13.7025,-60.6081,-0.7908,11.7778,4.1222,0.0541,-2.9333,-0.7022,-1.7556,-3.9444,-0.7863,-9.18,0.6572,0.1777,0.2093,0.0639,0.2536,,,,,,,,,,,0.3805,0.3096,-0.0049,0.3233,-0.3688,-0.03,0.764,0.7566,0.0228,0.7489,-5.9801,0.5853,0.7644,-12.7236,0.4628,,0.0,0.0
2023-01-02,2023-01-16,0.3435,31.4,0.723,-6.8747,-13.3004,34.3,36.2,,,,0.0,9.0,0.126,2023-01-16T23:59:59Z,-0.476,6.7,0.0,Sentinel Hub Statistical API + OpenMeteo,3,0.6991,34.2231,-2.8231,-2.9785,-13.6967,1.7994,15.2923,19.0077,2.6891,-13.4964,-0.2207,50.4462,-14.2462,-13.8385,-67.1736,-1.5372,10.7231,-1.7231,-0.3902,-2.9715,1.108,-0.4692,7.1692,1.2026,-6.8758,-0.6918,0.1991,-0.0731,0.0297,0.2528,,,,,,,,,,,0.4566,0.2951,0.0484,0.183,-0.3388,-0.1372,0.2461,0.7465,-0.0235,0.2367,-6.2418,-0.6329,0.3769,-12.9933,-0.3071,,0.0,0.0
2023-01-16,2023-01-30,0.2638,34.9,0.7427,-6.3523,-13.219,26.4,70.8,,,,0.0,3.8,0.084,2023-01-30T23:59:59Z,-0.3083,2.5,0.0,Sentinel Hub Statistical API + OpenMeteo,5,1.0989,34.3167,0.5833,-2.0881,-14.1412,1.2255,8.5583,17.8417,6.4773,-5.3995,0.8281,39.425,31.375,-2.5351,-61.6479,-2.0998,9.2833,-5.4833,-1.6635,-4.2785,0.4949,-0.4333,2.9333,1.6352,-4.4155,-0.9088,0.2438,-0.1598,-0.0177,0.2048,,,,,,,,,,,0.3003,0.2732,-0.0094,0.4878,-0.2942,-0.0141,0.427,0.7317,0.011,0.4175,-6.6309,0.2786,0.4073,-13.3526,0.1336,,0.0,0.0
2023-01-30,2023-02-13,0.1578,32.4,0.7076,-7.2677,-14.2542,0.4,68.5,,,,0.0,7.6,0.156,2023-02-13T23:59:59Z,-0.0959,-1.9,0.0,Sentinel Hub Statistical API + OpenMeteo,7,0.8133,33.3,-0.9,-1.791,-14.2353,-0.6635,9.225,-8.825,2.6517,-2.0999,0.7584,35.6833,32.8167,6.3029,-47.9473,-1.6887,10.7583,-3.1583,-2.0372,-5.8022,-0.1474,0.4917,-2.3917,0.6285,-3.2572,-0.5367,0.2792,-0.1232,-0.0441,0.1361,,,,,,,,,,,0.0925,0.2594,-0.1016,0.8739,-0.2894,0.1935,0.1047,0.7257,-0.0181,0.1007,-6.7891,-0.4786,0.0215,-13.5537,-0.7005,,0.0,0.0
2023-02-13,2023-02-27,0.2761,28.6,0.7171,-7.0204,-13.425,8.3,45.9,,,,0.0,21.4,0.141,2023-02-27T23:59:59Z,-0.3475,4.5,0.0,Sentinel Hub Statistical API + OpenMeteo,9,0.3793,30.7273,-2.1273,-1.8751,-14.4021,-0.0895,7.4818,0.8182,2.1933,0.3454,0.0734,32.9636,12.9364,7.9612,-34.2324,-0.1957,13.0727,8.3273,0.5539,-4.5521,0.7868,-0.9,5.4,1.8214,-1.0449,-0.6142,0.3016,-0.1606,-0.0732,0.0466,,,,,,,,,,,0.3244,0.2642,0.0119,0.4166,-0.3108,-0.0367,0.1919,0.7255,-0.0084,0.1863,-6.8011,-0.2193,0.3305,-13.4854,0.0604,,0.0,0.0
2023-02-27,2023-03-13,0.28,26.1,0.7218,-6.8888,-13.3568,5.8,19.9,,,,0.0,20.7,0.391,2023-03-13T23:59:59Z,-0.3171,0.8,0.0,Sentinel Hub Statistical API + OpenMeteo,11,0.0938,30.0538,-3.9538,-2.3948,-15.0687,-0.2712,10.2769,-4.4769,0.5258,0.8298,-0.7147,33.6538,-13.7538,2.5325,-27.592,-0.2715,16.3,4.4,1.5155,-2.4903,0.2467,1.0538,-0.2538,1.3026,0.3831,0.6779,0.2631,0.1279,-0.0229,0.0181,,,,,,,,,,,0.3321,0.2979,-0.0179,0.4718,-0.3502,0.0331,0.2351,0.7271,-0.0053,0.2318,-6.7571,-0.1317,0.3559,-13.3218,-0.035,,0.0,0.0
2023-03-13,2023-03-27,0.3658,32.7,0.7243,-6.82,-13.1837,24.3,46.6,,,,0.0,21.1,0.06,2023-03-27T23:59:59Z,-0.4126,8.9,0.0,Sentinel Hub Statistical API + OpenMeteo,13,0.8476,29.3917,3.3083,-0.969,-14.2294,1.0729,10.675,13.625,3.8006,4.5308,0.0946,37.7167,8.8833,4.1202,-20.1608,-0.2282,19.3667,1.7333,1.5699,-0.6216,1.4291,-0.0417,8.9417,3.2124,3.5495,-1.0329,0.227,-0.167,-0.0589,-0.043,,,,,,,,,,,0.5003,0.3159,0.0499,0.2983,-0.3658,-0.0468,0.258,0.7212,0.0031,0.2556,-6.9115,0.0915,0.4204,-13.3224,0.1387,,0.0,0.0
2023-04-10,2023-04-24,0.4815,25.0,0.7244,-6.8555,-13.1107,10.3,71.2,,,,0.0,20.5,0.1,2023-04-24T23:59:59Z,-0.4656,-8.5,0.0,Sentinel Hub Statistical API + OpenMeteo,17,-0.0319,25.3714,-0.3714,-0.8196,-13.3415,0.0558,12.15,-1.85,2.3879,6.375,0.8402,59.2571,11.9429,6.0759,-11.6656,-0.2931,23.3571,-2.8571,0.4632,-0.0838,-1.1109,-2.1286,-6.3714,0.8164,3.94,-0.8262,0.1292,-0.0292,-0.0515,-0.0893,,,,,,,,,,,0.7271,0.4373,0.0442,0.2019,-0.4351,-0.0305,0.259,0.7234,0.001,0.2433,-6.8553,-0.0002,0.4476,-13.359,0.2483,,0.0,0.0
2023-04-24,2023-05-08,0.5127,19.7,0.721,-6.9304,-13.5249,6.1,44.0,,,,0.0,23.3,0.153,2023-05-08T23:59:59Z,-0.4789,-2.7,0.0,Sentinel Hub Statistical API + OpenMeteo,19,-0.6372,23.7867,-4.0867,-1.6364,-13.3769,-0.2494,11.8,-5.7,0.3659,5.9759,0.0158,57.2867,-13.2867,1.2352,-9.0305,0.0098,24.4,-1.1,0.0724,-0.0013,-0.2642,-1.8667,-0.8333,0.404,3.8712,-0.5522,0.15,0.003,-0.0379,-0.1165,,,,,,,,,,,0.7883,0.5024,0.0103,0.1778,-0.4794,0.0005,0.2277,0.7324,-0.0114,0.2174,-6.632,-0.2984,0.2933,-13.2052,-0.3197,,0.0,0.0
2023-05-08,2023-05-22,0.4198,23.9,0.7808,-5.3668,-12.4389,16.7,31.3,,,,0.0,24.8,0.222,2023-05-22T23:59:59Z,-0.4075,6.6,0.0,Sentinel Hub Statistical API + OpenMeteo,21,-0.1575,23.85,0.05,-1.2148,-12.9865,0.5207,9.7286,6.9714,2.0173,7.2761,-0.3692,54.3786,-23.0786,-4.8432,-12.79,0.1721,25.8857,-1.0857,-0.2171,-0.2183,1.0934,-3.2857,9.8857,2.7744,6.181,-0.1956,0.163,0.059,-0.0137,-0.1162,,,,,,,,,,,0.6062,0.5398,-0.12,0.3075,-0.5081,0.1006,0.7769,0.7397,0.0411,0.7586,-6.4561,1.0893,0.698,-13.0748,0.6359,,0.0,0.0
2023-05-22,2023-06-05,0.5893,28.4,0.7725,-5.613,-12.4848,14.5,57.9,,,,0.0,27.0,0.066,2023-06-05T23:59:59Z,-0.5429,-7.8,0.0,Sentinel Hub Statistical API + OpenMeteo,23,0.3565,24.7286,3.6714,0.0068,-11.4213,0.3609,15.5357,-1.0357,1.2541,7.6571,0.4371,64.3286,-6.4286,-5.2396,-16.4948,0.4101,27.4857,-0.4857,-0.2843,-0.4764,-1.0087,-2.3429,-5.4571,0.7165,6.1558,-1.0019,0.1479,-0.0819,-0.0307,-0.133,,,,,,,,,,,0.9384,0.5691,0.0202,0.0614,-0.5371,-0.0058,0.7006,0.7506,0.0219,0.6734,-6.1797,0.5667,0.6809,-12.7781,0.2933,,0.0,0.0
2023-06-05,2023-06-19,0.6068,29.5,0.7569,-6.0243,-12.616,65.6,104.3,,,,0.0,26.1,0.055,2023-06-19T23:59:59Z,-0.5706,13.1,0.0,Sentinel Hub Statistical API + OpenMeteo,25,0.4821,22.7,6.8,1.7051,-8.3457,4.0735,11.6929,53.9071,14.4173,21.1555,1.8436,63.0429,41.2571,6.3846,-8.1309,0.3127,30.3929,-4.2929,-1.2864,-1.7056,2.0422,-2.7214,15.8214,4.4928,9.9099,-1.0587,0.1842,-0.1292,-0.0553,-0.1723,,,,,,,,,,,0.9728,0.5667,0.0401,0.0111,-0.5419,-0.0287,0.5574,0.7487,0.0082,0.531,-6.2301,0.2058,0.632,-12.7867,0.1707,,0.0,0.0
2023-06-19,2023-07-03,0.5561,23.2,0.742,-6.4041,-12.8703,2.3,86.2,,,,0.0,30.1,0.118,2023-07-03T23:59:59Z,-0.5305,-5.2,0.0,Sentinel Hub Statistical API + OpenMeteo,27,-0.2375,18.8733,4.3267,2.3605,-4.9837,-0.5255,9.0733,-6.7733,9.1197,27.7365,1.2949,47.32,38.88,14.5084,7.3532,0.7455,32.48,-2.38,-1.5598,-3.0607,-0.6292,-1.54,-3.66,2.4546,11.1753,-0.7331,0.2958,-0.1778,-0.086,-0.2376,,,,,,,,,,,0.8734,0.5436,0.0125,0.084,-0.5285,-0.002,0.4206,0.7412,0.0008,0.3996,-6.4179,0.0138,0.5372,-12.9103,0.04,,0.0,0.0
2023-07-03,2023-07-17,0.5216,14.7,0.7378,-6.5118,-12.8455,0.0,25.8,,,,0.0,37.3,0.363,2023-07-17T23:59:59Z,-0.5069,-8.1,0.0,Sentinel Hub Statistical API + OpenMeteo,29,-1.2083,15.8,-1.1,1.4954,-2.8902,-0.6926,2.3267,-2.3267,6.2581,30.6663,-0.5359,24.86,0.94,11.1163,17.5872,1.5244,35.3333,1.9667,-0.6782,-3.3717,-1.0525,-1.8733,-6.2267,0.2842,10.1185,0.5332,0.4321,-0.0691,-0.0817,-0.2908,,,,,,,,,,,0.8057,0.5051,0.0165,0.1269,-0.503,-0.0039,0.382,0.7351,0.0027,0.3623,-6.5677,0.0559,0.5465,-13.0008,0.1553,,0.0,0.0
2023-07-17,2023-07-31,0.4906,17.1,0.7362,-6.5486,-12.8724,4.1,18.6,,,,0.0,40.0,0.42,2023-07-31T23:59:59Z,-0.494,-1.5,0.0,Sentinel Hub Statistical API + OpenMeteo,31,-0.9342,15.0333,2.0667,1.6382,-0.9052,-0.3947,1.8867,2.2133,5.2469,32.2332,-0.7542,15.2533,3.3467,9.1739,24.6506,1.8165,35.6467,4.3533,0.5797,-2.3874,-0.089,-1.6733,0.1733,0.2565,9.1608,0.8278,0.4828,-0.0628,-0.077,-0.3329,,,,,,,,,,,0.745,0.4779,0.0127,0.1503,-0.4858,-0.0082,0.3673,0.7307,0.0055,0.3496,-6.6793,0.1307,0.5364,-13.1057,0.2333,,0.0,0.0
2023-07-31,2023-08-14,0.4842,16.2,0.7356,-6.5655,-13.0434,10.9,43.9,,,,0.0,30.8,0.188,2023-08-14T23:59:59Z,-0.4829,-14.5,0.0,Sentinel Hub Statistical API + OpenMeteo,33,-1.037,16.7,-0.5,1.1036,0.307,0.0994,4.0533,6.8467,5.6468,34.012,0.0127,17.78,26.12,13.4104,35.1029,0.8212,35.2133,-4.4133,-0.6686,-2.7695,-1.9868,-0.2067,-14.2933,-3.3809,4.6806,-0.3713,0.4446,-0.2566,-0.1219,-0.4149,,,,,,,,,,,0.7324,0.4523,0.0319,0.1705,-0.4689,-0.014,0.3618,0.7296,0.006,0.3437,-6.7083,0.1428,0.4727,-13.136,0.0926,,0.0,0.0
2023-08-14,2023-08-28,0.4544,15.2,0.7282,-6.7556,-13.0148,0.9,44.5,,,,0.0,35.9,0.198,2023-08-28T23:59:59Z,-0.4625,-0.4,0.0,Sentinel Hub Statistical API + OpenMeteo,35,-1.1512,17.58,-2.38,0.2327,0.5029,-0.6272,4.4467,-3.5467,3.3485,33.2791,0.0309,24.7733,19.7267,14.9895,45.8801,1.373,32.9,3.0,0.2486,-2.1885,0.0715,-2.6067,2.2067,-1.984,2.1349,-0.3196,0.3904,-0.1924,-0.1395,-0.5046,,,,,,,,,,,0.674,0.4337,0.0207,0.2076,-0.4524,-0.0101,0.2938,0.7261,0.0021,0.2779,-6.7985,0.0429,0.4834,-13.2493,0.2345,,0.0,0.0
2023-08-28,2023-09-11,0.4592,16.6,0.7253,-6.8331,-13.0624,1.3,26.9,,,,0.0,28.1,0.331,2023-09-11T23:59:59Z,-0.4683,-17.2,0.0,Sentinel Hub Statistical API + OpenMeteo,37,-0.9913,17.4267,-0.8267,-0.0321,0.4104,-0.5981,3.9667,-2.6667,1.8447,31.1303,-0.5026,29.0267,-2.1267,10.7105,51.085,0.5291,31.0733,-2.9733,-0.5569,-2.4828,-2.3809,-3.7467,-13.4533,-4.8513,-2.9726,0.3678,0.3593,-0.0283,-0.1117,-0.5557,,,,,,,,,,,0.6834,0.4221,0.0371,0.197,-0.4431,-0.0252,0.2672,0.7227,0.0026,0.2511,-6.8817,0.0486,0.4656,-13.3588,0.2964,,0.0,0.0
2023-09-11,2023-09-25,0.4321,17.4,0.7248,-6.8422,-13.2277,0.5,25.8,,,,0.0,33.9,0.344,2023-09-25T23:59:59Z,-0.4496,-5.0,0.0,Sentinel Hub Statistical API + OpenMeteo,39,-0.8999,20.6,-3.2,-0.8241,-0.4629,-0.6562,8.58,-8.08,-0.6365,26.7582,-0.5359,34.98,-9.18,5.7378,50.6926,1.1566,27.6467,6.2533,1.1457,-1.0392,-0.6,-1.9267,-3.0733,-4.4068,-7.0227,0.435,0.3076,0.0364,-0.0747,-0.5637,,,,,,,,,,,0.6303,0.4206,0.0115,0.231,-0.4454,-0.0042,0.2626,0.7223,0.0025,0.2479,-6.8853,0.0431,0.404,-13.41,0.1823,,0.0,0.0
2023-09-25,2023-10-09,0.4135,15.0,0.7196,-6.9686,-13.2635,0.0,8.8,,,,0.0,26.6,0.567,2023-10-09T23:59:59Z,-0.4471,-0.4,0.0,Sentinel Hub Statistical API + OpenMeteo,41,-1.1741,22.98,-7.98,-2.6131,-3.0205,-0.6926,8.18,-8.18,-2.5224,21.0248,-1.0512,45.7333,-36.9333,-4.9299,39.6796,0.3668,25.14,1.46,1.2242,0.3097,0.0715,0.0933,-0.4933,-3.4285,-9.6085,1.5876,0.2814,0.2856,0.0154,-0.4807,,,,,,,,,,,0.5938,0.425,-0.0115,0.2356,-0.455,0.0079,0.2149,0.7217,-0.0021,0.2042,-6.8984,-0.0702,0.3907,-13.4844,0.2209,,0.0,0.0
2023-10-09,2023-10-23,0.403,15.7,0.7195,-6.9652,-13.254,0.1,0.2,,,,0.0,32.2,0.662,2023-10-23T23:59:59Z,-0.4509,0.9,0.0,Sentinel Hub Statistical API + OpenMeteo,43,-1.0941,25.62,-9.92,-4.4398,-7.0978,-0.6853,9.7333,-9.6333,-4.3001,14.2017,-1.3119,51.2,-51.0,-16.4475,18.4705,0.9727,23.3267,8.8733,3.1365,3.4091,0.2613,1.82,-0.92,-2.8013,-11.2567,2.0786,0.2769,0.3851,0.1078,-0.3152,,,,,,,,,,,0.5732,0.4138,-0.0108,0.2286,-0.4562,0.0053,0.214,0.7234,-0.0039,0.2054,-6.8552,-0.11,0.3942,-13.4501,0.1961,,0.0,0.0
2023-10-23,2023-11-06,0.3687,26.9,0.7179,-7.0031,-13.4934,20.8,26.0,,,,0.0,26.0,0.275,2023-11-06T23:59:59Z,-0.4465,10.1,0.0,Sentinel Hub Statistical API + OpenMeteo,45,0.1851,25.8733,1.0267,-3.0732,-9.3193,0.8186,6.7,14.1,0.2999,12.7974,-0.5298,47.76,-21.76,-17.7756,-1.5215,0.3019,20.7667,5.2333,3.6607,6.6607,1.6043,0.26,9.84,0.359,-9.5469,0.0783,0.2848,-0.0098,0.0784,-0.199,,,,,,,,,,,0.506,0.3902,-0.0215,0.2366,-0.443,-0.0035,0.1993,0.7232,-0.0053,0.1923,-6.8591,-0.144,0.305,-13.4389,-0.0545,,0.0,0.0
2023-11-06,2023-11-20,0.3843,25.9,0.7319,-6.6569,-13.1974,6.3,40.1,,,,0.0,20.2,0.12,2023-11-20T23:59:59Z,-0.45,-2.5,0.0,Sentinel Hub Statistical API + OpenMeteo,47,0.0709,29.2571,-3.3571,-3.1442,-11.3452,-0.2349,11.5071,-5.2071,-1.0768,10.1849,-0.1025,42.1,-2.0,-13.8317,-15.1707,-0.3256,17.8929,2.3071,3.3223,9.1837,-0.235,2.2143,-4.7143,-0.9093,-9.3106,-0.7228,0.2418,-0.1218,0.0284,-0.1467,,,,,,,,,,,0.5366,0.3485,0.0358,0.2303,-0.4029,-0.0471,0.3278,0.7363,-0.0044,0.3121,-6.5204,-0.1365,0.4153,-13.1153,-0.0821,,0.0,0.0
2023-12-04,2023-12-18,0.3345,37.3,0.7776,-5.4501,-12.108,17.2,106.2,,,,0.0,13.9,0.051,2023-12-18T23:59:59Z,-0.4274,1.8,0.0,Sentinel Hub Statistical API + OpenMeteo,51,1.373,36.0875,1.2125,-2.055,-12.0387,0.5571,13.4,3.8,0.1424,9.1051,1.9011,61.15,45.05,0.8887,-12.4615,-1.0071,11.9,2.0,2.9917,11.0733,0.3927,1.35,0.45,-0.5695,-8.7628,-1.0794,0.0935,-0.0425,0.0106,-0.1185,,,,,,,,,,,0.4389,0.3099,0.0246,0.2714,-0.3619,-0.0655,0.7475,0.7571,0.0205,0.7298,-5.977,0.5269,0.8213,-12.6657,0.5577,,0.0,0.0
2023-12-18,2024-01-01,0.2901,27.2,0.7279,-6.7591,-13.2501,0.0,28.4,,,,0.0,16.6,0.28,2024-01-01T23:59:59Z,-0.4056,-6.3,0.0,Sentinel Hub Statistical API + OpenMeteo,1,0.2194,33.1667,-5.9667,-3.0329,-13.627,-0.6926,18.0556,-18.0556,-4.4071,3.6054,-0.4571,57.4778,-29.0778,-6.6029,-17.569,-0.715,11.7778,4.8222,3.4493,13.1938,-0.7897,-1.7556,-4.5444,-1.5632,-9.2745,0.1042,0.1777,0.1023,0.0336,-0.0707,,,,,,,,,,,0.3519,0.3096,-0.0195,0.311,-0.3688,-0.0368,0.2911,0.7566,-0.0287,0.2767,-5.9801,-0.779,0.3957,-12.7236,-0.5265,,0.0,0.0
2024-01-01,2024-01-15,0.2774,30.1,0.7258,-6.8046,-13.5837,4.0,15.1,,,,0.0,11.0,0.406,2024-01-15T23:59:59Z,-0.1741,-1.7,0.0,Sentinel Hub Statistical API + OpenMeteo,3,0.5506,34.2231,-4.1231,-3.3055,-15.2973,-0.402,15.2923,-11.2923,-6.1284,-2.9556,-0.8602,50.4462,-35.3462,-13.7887,-29.2494,-1.3209,10.7231,0.2769,2.6562,14.2668,-0.1182,-0.4692,-1.2308,-1.4801,-9.6416,0.7554,0.1991,0.2069,0.0769,0.0147,,,,,,,,,,,0.327,0.2951,-0.0177,0.7317,-0.3388,0.1647,0.2718,0.7465,-0.0207,0.261,-6.2418,-0.5628,0.2713,-12.9933,-0.5904,,0.0,0.0
2024-02-12,2024-02-26,0.2995,23.6,0.7298,-6.7128,-13.293,3.1,22.4,,,,0.0,20.5,0.379,2024-02-26T23:59:59Z,-0.4093,-5.5,0.0,Sentinel Hub Statistical API + OpenMeteo,9,-0.1918,30.7273,-7.1273,-4.2609,-17.7225,-0.4673,7.4818,-4.3818,-5.6918,-8.2928,-0.639,32.9636,-10.5636,-12.9824,-38.7219,-0.2931,13.0727,7.4273,3.849,16.4038,-0.673,-0.9,-4.6,-2.2601,-10.7448,0.6159,0.3016,0.0774,0.077,0.0899,,,,,,,,,,,0.3703,0.2642,0.0353,0.3043,-0.3108,-0.0985,0.3085,0.7255,0.0043,0.2927,-6.8011,0.0883,0.3797,-13.4854,0.1924,,0.0,0.0
2024-03-11,2024-03-25,0.3342,34.5,0.7309,-6.6821,-13.0351,14.8,53.2,,,,0.0,20.5,0.056,2024-03-25T23:59:59Z,-0.3772,3.3,0.0,Sentinel Hub Statistical API + OpenMeteo,13,1.0532,29.3917,5.1083,-1.9186,-17.5144,0.3827,10.675,4.125,-3.2376,-10.5352,0.2946,37.7167,15.4833,-5.866,-39.9413,-0.2931,19.3667,1.1333,3.1701,17.6054,0.6116,-0.0417,3.3417,-0.8596,-10.315,-1.0536,0.227,-0.171,0.015,0.0941,,,,,,,,,,,0.4383,0.3159,0.0183,0.3626,-0.3658,-0.0114,0.3186,0.7212,0.0097,0.3034,-6.9115,0.2294,0.4758,-13.3224,0.2873,,0.0,0.0
2024-03-25,2024-04-08,0.3922,16.0,0.7363,-6.5288,-12.8504,0.2,31.5,,,,0.0,23.7,0.311,2024-04-08T23:59:59Z,-0.4158,-5.2,0.0,Sentinel Hub Statistical API + OpenMeteo,15,-1.0598,28.3786,-12.3786,-4.5336,-19.9463,-0.678,13.8071,-13.6071,-5.83,-15.101,-0.3631,52.2214,-20.7214,-9.5799,-44.7282,0.0531,21.6214,2.0786,2.8972,18.39,-0.6292,-0.3143,-4.8857,-1.8662,-10.9434,0.2644,0.1609,0.1501,0.0488,0.1316,,,,,,,,,,,0.552,0.3742,0.018,0.2924,-0.4014,-0.0144,0.3682,0.7246,0.0117,0.3564,-6.8185,0.2897,0.5446,-13.2477,0.3973,,0.0,0.0
2024-04-08,2024-04-22,0.5279,34.3,0.7893,-5.0809,-12.3146,34.4,57.2,,,,0.0,29.4,0.007,2024-04-22T23:59:59Z,-0.5024,18.7,0.0,Sentinel Hub Statistical API + OpenMeteo,17,1.0303,25.3714,8.9286,-1.1681,-18.7208,1.8067,12.15,22.25,1.19,-12.0989,0.4159,59.2571,-2.0571,-7.6992,-47.06,0.6698,23.3571,6.0429,3.6836,19.8668,2.8597,-2.1286,20.8286,3.8075,-5.8227,-1.3068,0.1292,-0.1222,0.006,0.1218,,,,,,,,,,,0.8181,0.4373,0.0906,0.135,-0.4351,-0.0673,0.8549,0.7234,0.0659,0.8575,-6.8553,1.7744,0.7443,-13.359,1.0444,,0.0,0.0
2024-04-22,2024-05-06,0.5364,32.3,0.7266,-6.7895,-13.4142,21.1,70.0,,,,0.0,24.2,0.027,2024-05-06T23:59:59Z,-0.4928,4.4,0.0,Sentinel Hub Statistical API + OpenMeteo,19,0.8019,23.7867,8.5133,1.2523,-15.222,0.8404,11.8,9.3,3.2175,-7.4295,0.8039,57.2867,12.7133,-2.5961,-44.0089,0.1072,24.4,-0.2,2.7127,20.1955,0.7722,-1.8667,6.2667,4.4223,-0.7017,-1.2035,0.15,-0.123,-0.0262,0.081,,,,,,,,,,,0.8347,0.5024,0.034,0.1525,-0.4794,-0.0134,0.2792,0.7324,-0.0058,0.2662,-6.632,-0.1575,0.3345,-13.2052,-0.209,,0.0,0.0
2024-05-06,2024-05-20,0.5755,33.6,0.7464,-6.2922,-12.8364,17.2,96.3,,,,0.0,23.2,0.014,2024-05-20T23:59:59Z,-0.5353,-1.7,0.0,Sentinel Hub Statistical API + OpenMeteo,21,0.9504,23.85,9.75,3.3767,-10.0187,0.5571,9.7286,7.4714,4.281,-2.257,1.6011,54.3786,41.9214,8.5333,-30.1946,-0.001,25.8857,-2.6857,1.3631,19.1351,-0.1182,-3.2857,1.5857,3.7132,3.0957,-1.2706,0.163,-0.149,-0.0569,0.0144,,,,,,,,,,,0.9114,0.5398,0.0357,0.0752,-0.5081,-0.0272,0.461,0.7397,0.0067,0.4383,-6.4561,0.1639,0.5498,-13.0748,0.2384,,0.0,0.0
2024-05-20,2024-06-03,0.5861,30.7,0.7598,-5.9472,-12.6079,2.7,73.5,,,,0.0,29.8,0.043,2024-06-03T23:59:59Z,-0.5532,4.1,0.0,Sentinel Hub Statistical API + OpenMeteo,23,0.6192,24.7286,5.9714,4.0254,-4.791,-0.4964,15.5357,-12.8357,0.0018,-1.9843,0.91,64.3286,9.1714,8.6928,-17.8784,0.713,27.4857,2.3143,1.6009,18.4398,0.7284,-2.3429,6.4429,4.3956,7.1199,-1.1208,0.1479,-0.1049,-0.0689,-0.0562,,,,,,,,,,,0.9322,0.5691,0.017,0.0427,-0.5371,-0.0161,0.584,0.7506,0.0092,0.5577,-6.1797,0.2325,0.635,-12.7781,0.1702,,0.0,0.0
2024-06-03,2024-06-17,0.5619,19.1,0.7484,-6.2524,-12.6243,5.1,45.8,,,,0.0,34.7,0.159,2024-06-17T23:59:59Z,-0.542,2.6,0.0,Sentinel Hub Statistical API + OpenMeteo,25,-0.7058,22.7,-3.6,2.119,-2.0971,-0.322,11.6929,-6.5929,-1.6469,-3.3931,0.0703,63.0429,-17.2429,2.2089,-13.5241,1.2432,30.3929,4.3071,2.2775,18.5045,0.5095,-2.7214,5.3214,4.6271,10.8926,-0.5212,0.1842,-0.0252,-0.058,-0.1075,,,,,,,,,,,0.8847,0.5667,-0.0048,0.0631,-0.5419,-0.0001,0.4793,0.7487,-0.0003,0.4521,-6.2301,-0.0223,0.6289,-12.7867,0.1624,,0.0,0.0
2024-06-17,2024-07-01,0.5001,19.1,,,,9.7,15.4,,,,0.0,34.7,0.436,2024-07-01T23:59:59Z,-0.4993,4.9,0.0,Sentinel Hub Statistical API + OpenMeteo,27,-0.7058,18.8733,0.2267,1.646,-0.1995,0.0122,9.0733,0.6267,-1.0785,-4.0644,-0.8511,47.32,-31.92,-6.3233,-18.2245,1.2432,32.48,2.22,2.2631,18.5471,0.8452,-1.54,6.44,5.0803,14.6658,0.9105,0.2958,0.1402,-0.0084,-0.103,,,,,,,,,,,0.7636,0.5436,-0.0435,0.1407,-0.5285,0.0292,,0.7412,,,-6.4179,,,-12.9103,,,0.0,0.0
2024-07-01,2024-07-15,0.4737,11.4,0.736,-6.5404,-12.8008,0.1,14.7,,,,0.0,37.2,0.521,2024-07-15T23:59:59Z,-0.4837,-4.3,0.0,Sentinel Hub Statistical API + OpenMeteo,29,-1.5852,15.8,-4.4,0.1345,-0.041,-0.6853,2.3267,-2.2267,-1.3655,-4.9422,-0.8724,24.86,-10.16,-7.2825,-23.3201,1.5136,35.3333,1.8667,2.164,18.4854,-0.4978,-1.8733,-2.4267,3.2035,16.1094,1.3498,0.4321,0.0889,0.0159,-0.0747,,,,,,,,,,,0.7118,0.5051,-0.0314,0.169,-0.503,0.0193,0.3655,0.7351,0.0009,0.3524,-6.5677,0.0273,0.5631,-13.0008,0.2,,0.0,0.0
2024-07-15,2024-07-29,0.4387,13.6,0.7327,-6.6323,-12.8502,2.5,18.3,,,,0.0,35.2,0.463,2024-07-29T23:59:59Z,-0.454,-6.0,0.0,Sentinel Hub Statistical API + OpenMeteo,31,-1.334,15.0333,-1.4333,-0.2575,-0.2936,-0.5109,1.8867,0.6133,-0.8708,-5.2199,-0.7632,15.2533,3.0467,-4.7002,-25.2219,1.2972,35.6467,-0.4467,1.5113,17.7785,-0.7459,-1.6733,-4.3267,1.321,15.4972,1.05,0.4828,-0.0198,0.007,-0.0588,,,,,,,,,,,0.6432,0.4779,-0.0392,0.223,-0.4858,0.0318,0.3352,0.7307,0.002,0.3206,-6.6793,0.047,0.5447,-13.1057,0.2555,,0.0,0.0
2024-07-29,2024-08-12,0.4342,13.5,0.7273,-6.7697,-12.9878,1.0,15.1,,,,0.0,36.5,0.502,2024-08-12T23:59:59Z,-0.4635,-1.2,0.0,Sentinel Hub Statistical API + OpenMeteo,33,-1.3454,16.7,-3.2,-0.9931,-1.2515,-0.6199,4.0533,-3.0533,-1.4164,-6.01,-0.8602,17.78,-2.68,-4.1951,-26.3903,1.4379,35.2133,1.2867,1.4552,17.1003,-0.0453,-0.2067,-0.9933,0.7424,14.38,1.2516,0.4446,0.0574,0.0196,-0.0321,,,,,,,,,,,0.6344,0.4523,-0.0181,0.2057,-0.4689,0.0054,0.2856,0.7296,-0.0023,0.273,-6.7083,-0.0614,0.4934,-13.136,0.1482,,0.0,0.0
2024-08-12,2024-08-26,0.3812,18.0,0.7275,-6.7734,-13.0598,2.9,5.1,,,,0.0,35.0,0.593,2024-08-26T23:59:59Z,-0.4239,2.8,0.0,Sentinel Hub Statistical API + OpenMeteo,35,-0.8314,17.58,0.42,-0.6398,-1.7411,-0.4819,4.4467,-1.5467,-1.449,-6.7378,-1.1634,24.7733,-19.6733,-8.0647,-31.2882,1.2756,32.9,2.1,1.6164,16.6646,0.5387,-2.6067,5.4067,1.9085,14.5629,1.7219,0.3904,0.2026,0.0653,0.037,,,,,,,,,,,0.5305,0.4337,-0.0525,0.2777,-0.4524,0.0285,0.2874,0.7261,0.0014,0.2718,-6.7985,0.0251,0.4666,-13.2493,0.1895,,0.0,0.0
2024-08-26,2024-09-09,0.2974,15.8,0.7202,-6.9397,-13.4745,0.3,17.5,,,,0.0,31.9,0.513,2024-09-09T23:59:59Z,-0.3235,-8.0,0.0,Sentinel Hub Statistical API + OpenMeteo,37,-1.0827,17.4267,-1.6267,-0.8865,-2.4187,-0.6708,3.9667,-3.6667,-2.0034,-7.9326,-0.7875,29.0267,-11.5267,-8.9302,-36.4638,0.9402,31.0733,0.8267,1.419,16.0839,-1.0379,-3.7467,-4.2533,0.368,13.1833,1.3085,0.3593,0.1537,0.0874,0.12,,,,,,,,,,,0.3662,0.4221,-0.1247,0.4602,-0.4431,0.1196,0.2204,0.7227,-0.0025,0.2142,-6.8817,-0.058,0.312,-13.3588,-0.1157,,0.0,0.0
2024-09-09,2024-09-23,0.3724,17.7,0.7161,-7.037,-13.73,3.8,38.1,,,,0.0,26.4,0.229,2024-09-23T23:59:59Z,-0.4071,-10.7,0.0,Sentinel Hub Statistical API + OpenMeteo,39,-0.8657,20.6,-2.9,-1.3899,-3.5183,-0.4165,8.58,-4.78,-2.6976,-9.6783,-0.1631,34.98,3.12,-5.9176,-38.0058,0.3452,27.6467,-1.2467,0.7525,14.9063,-1.432,-1.9267,-8.7733,-1.9173,9.684,-0.1594,0.3076,-0.0786,0.0459,0.1515,,,,,,,,,,,0.5132,0.4206,-0.0482,0.3083,-0.4454,0.0383,0.1827,0.7223,-0.0062,0.1805,-6.8853,-0.1517,0.2168,-13.41,-0.32,,0.0,0.0
2024-09-23,2024-10-07,0.3853,29.3,0.7245,-6.8359,-13.6025,4.5,52.8,,,,0.0,31.2,0.086,2024-10-07T23:59:59Z,-0.4364,-0.3,0.0,Sentinel Hub Statistical API + OpenMeteo,41,0.4592,22.98,6.32,0.5376,-2.5585,-0.3656,8.18,-3.68,-2.9432,-11.4601,0.2825,45.7333,7.0667,-2.6716,-36.1167,0.8645,25.14,6.06,2.0794,15.197,0.0861,0.0933,-0.3933,-1.5363,6.9857,-0.8985,0.2814,-0.1954,-0.0144,0.1189,,,,,,,,,,,0.5385,0.425,-0.0397,0.255,-0.455,0.0186,0.2599,0.7217,0.0028,0.2501,-6.8984,0.0625,0.2643,-13.4844,-0.1181,,0.0,0.0
2024-10-07,2024-10-21,0.4165,19.9,0.7186,-6.9702,-13.4836,0.0,31.5,,,,0.0,21.7,0.262,2024-10-21T23:59:59Z,-0.4506,-5.4,0.0,Sentinel Hub Statistical API + OpenMeteo,43,-0.6144,25.62,-5.72,-1.0268,-3.2783,-0.6926,9.7333,-9.7333,-4.6407,-14.7256,-0.3631,51.2,-19.7,-6.9287,-38.7114,-0.1633,23.3267,-1.6267,1.1529,14.5262,-0.6584,1.82,-7.22,-2.9572,3.1902,0.0112,0.2769,-0.0149,-0.0145,0.0902,,,,,,,,,,,0.5997,0.4138,0.0027,0.2292,-0.4562,0.0056,0.2057,0.7234,-0.0048,0.2036,-6.8552,-0.115,0.3086,-13.4501,-0.0335,,0.0,0.0
2024-10-21,2024-11-04,0.4117,15.6,0.7122,-7.1471,-13.8046,0.0,2.5,,,,0.0,21.8,0.633,2024-11-04T23:59:59Z,-0.4605,-1.0,0.0,Sentinel Hub Statistical API + OpenMeteo,45,-1.1055,25.8733,-10.2733,-3.3384,-6.2233,-0.6926,6.7,-6.7,-5.1555,-18.114,-1.2422,47.76,-45.26,-16.5115,-50.5775,-0.1525,20.7667,1.0333,1.123,13.9061,-0.0161,0.26,-1.26,-2.5329,0.2745,1.9287,0.2848,0.3482,0.0762,0.1555,,,,,,,,,,,0.5903,0.3902,0.0215,0.2112,-0.443,-0.0175,0.1469,0.7232,-0.011,0.1424,-6.8591,-0.288,0.189,-13.4389,-0.3657,,0.0,0.0
2024-11-04,2024-11-18,0.3682,23.3,0.7094,-7.2126,-13.7265,10.6,13.6,,,,0.0,11.0,0.45,2024-11-18T23:59:59Z,-0.4541,9.5,0.0,Sentinel Hub Statistical API + OpenMeteo,47,-0.2261,29.2571,-5.9571,-3.9931,-9.4696,0.0776,11.5071,-0.9071,-4.0934,-20.0337,-0.9057,42.1,-28.5,-19.5086,-64.0168,-1.3209,17.8929,-6.8929,-0.881,11.3563,1.5167,2.2143,7.2857,-0.0783,0.1632,0.9828,0.2418,0.2082,0.1092,0.2461,,,,,,,,,,,0.505,0.3485,0.0197,0.2228,-0.4029,-0.0512,0.1212,0.7363,-0.0269,0.1198,-6.5204,-0.6922,0.2181,-13.1153,-0.6112,,0.0,0.0
2024-11-18,2024-12-02,0.369,36.4,0.8051,-4.6857,-11.6285,22.1,43.6,,,,0.0,12.1,0.036,2024-12-02T23:59:59Z,-0.4693,12.0,0.0,Sentinel Hub Statistical API + OpenMeteo,49,1.2702,33.6077,2.7923,-2.2968,-10.6301,0.9131,12.9308,9.1692,-0.7778,-18.4075,0.0036,49.6462,-6.0462,-16.143,-72.4778,-1.2019,13.4923,-1.3923,-1.0088,8.9848,1.8816,1.8231,10.1769,2.4855,2.6291,-1.1569,0.1457,-0.1097,0.0544,0.2709,,,,,,,,,,,0.5066,0.327,0.042,0.1952,-0.3846,-0.0847,1.0,0.7464,0.0587,0.9943,-6.2551,1.5694,1.0,-12.8892,1.2607,,0.0,0.0
2024-12-02,2024-12-16,0.2868,34.0,0.7418,-6.3864,-13.122,13.0,68.7,,,,0.0,9.1,0.083,2024-12-16T23:59:59Z,-0.3492,-1.5,0.0,Sentinel Hub Statistical API + OpenMeteo,51,0.9961,36.0875,-2.0875,-2.2444,-11.5988,0.2519,13.4,-0.4,-0.6833,-16.8819,0.7645,61.15,7.55,-10.2198,-74.0003,-1.5264,11.9,-2.8,-1.4566,6.45,-0.089,1.35,-2.85,1.1516,3.4652,-0.914,0.0935,-0.0105,0.0382,0.2766,,,,,,,,,,,0.3454,0.3099,-0.0231,0.4135,-0.3619,0.0127,0.4187,0.7571,-0.0153,0.4057,-5.977,-0.4094,0.4434,-12.6657,-0.4563,,0.0,0.0
2024-12-16,2024-12-30,0.3291,39.9,0.8046,-4.6693,-11.7765,81.8,149.9,,,,0.0,10.1,0.054,2024-12-30T23:59:59Z,-0.4569,0.3,0.0,Sentinel Hub Statistical API + OpenMeteo,1,1.6699,33.1667,6.7333,-0.0,-10.207,5.2505,18.0556,63.7444,15.4236,0.5675,3.2258,57.4778,92.4222,15.4407,-49.6795,-1.4182,11.7778,-1.6778,-1.5119,4.1641,0.1737,-1.7556,2.0556,1.3776,4.427,-1.0639,0.1777,-0.1237,-0.0023,0.2411,,,,,,,,,,,0.4283,0.3096,0.0195,0.2177,-0.3688,-0.0881,0.9954,0.7566,0.048,1.0,-5.9801,1.3108,0.9448,-12.7236,0.9471,,0.0,0.0
2024-12-30,2025-01-13,0.3249,35.6,0.7374,-6.501,-13.1083,1.0,107.3,,,,0.0,16.9,0.056,2025-01-13T23:59:59Z,-0.4055,-0.3,0.0,Sentinel Hub Statistical API + OpenMeteo,3,1.1788,34.2231,1.3769,0.3442,-8.6379,-0.6199,15.2923,-14.2923,7.9946,8.494,1.9345,50.4462,56.8538,25.794,-17.924,-0.6826,10.7231,6.1769,0.4103,4.0747,0.0861,-0.4692,0.1692,1.0755,4.9713,-1.0536,0.1991,-0.1431,-0.0375,0.1747,,,,,,,,,,,0.4201,0.2951,0.0298,0.3112,-0.3388,-0.0667,0.3783,0.7465,-0.0091,0.366,-6.2418,-0.2592,0.4485,-12.9933,-0.115,,0.0,0.0
2025-01-13,2025-01-27,0.2873,38.4,0.6998,-7.4592,-14.0197,1.3,5.7,,,,0.0,14.9,0.458,2025-01-27T23:59:59Z,-0.3785,4.4,0.0,Sentinel Hub Statistical API + OpenMeteo,5,1.4986,34.3167,4.0833,1.279,-6.3224,-0.5981,8.5583,-7.2583,4.1814,11.6561,-1.1452,39.425,-33.725,10.9142,-4.8589,-0.8989,9.2833,5.6167,1.7119,5.2976,0.7722,-0.4333,4.8333,2.015,6.3897,1.0242,0.2438,0.2142,0.0254,0.1791,,,,,,,,,,,0.3464,0.2732,0.0141,0.3602,-0.2942,-0.0843,0.0331,0.7317,-0.0319,0.0344,-6.6309,-0.8283,0.1089,-13.3526,-0.6671,,0.0,0.0
2025-01-27,2025-02-10,0.2898,34.9,0.711,-7.1743,-13.6804,0.0,3.2,,,,0.0,6.9,0.486,2025-02-10T23:59:59Z,-0.3877,-3.2,0.0,Sentinel Hub Statistical API + OpenMeteo,7,1.0989,33.3,1.6,1.3592,-4.2045,-0.6926,9.225,-9.225,0.8298,11.0872,-1.221,35.6833,-32.4833,0.0649,-4.2109,-1.7644,10.7583,-3.8583,0.3193,4.9812,-0.3372,0.4917,-3.6917,0.5883,6.2112,1.1689,0.2792,0.2068,0.0708,0.2284,,,,,,,,,,,0.3513,0.2594,0.0304,0.3435,-0.2894,-0.0983,0.1359,0.7257,-0.0147,0.133,-6.7891,-0.3852,0.2353,-13.5537,-0.1267,,0.0,0.0
2025-02-10,2025-02-24,0.291,34.0,0.7089,-7.2319,-14.3118,4.1,18.1,,,,0.0,2.7,0.327,2025-02-24T23:59:59Z,-0.2394,-0.9,0.0,Sentinel Hub Statistical API + OpenMeteo,9,0.9961,30.7273,3.2727,1.8376,-1.8624,-0.3947,7.4818,-3.3818,-0.2231,9.5336,-0.7693,32.9636,-14.8636,-3.6673,-7.3729,-2.2188,13.0727,-10.3727,-2.3537,2.0298,-0.0015,-0.9,0.0,0.4412,5.9071,0.3471,0.3016,0.0254,0.0594,0.2604,,,,,,,,,,,0.3537,0.2642,0.0268,0.613,-0.3108,0.0714,0.1166,0.7255,-0.0166,0.1131,-6.8011,-0.4308,0.0,-13.4854,-0.8264,,0.0,0.0
2025-02-24,2025-03-10,0.3021,30.7,0.7276,-6.7684,-13.1632,0.0,23.7,,,,0.0,19.5,0.292,2025-03-10T23:59:59Z,-0.3878,-5.0,0.0,Sentinel Hub Statistical API + OpenMeteo,11,0.6192,30.0538,0.6462,1.5398,-0.0991,-0.6926,10.2769,-10.2769,-2.7366,5.653,-0.5996,33.6538,-9.9538,-5.2389,-11.7271,-0.4013,16.3,3.2,-0.9652,0.821,-0.6,1.0538,-6.0538,-1.1825,4.0157,0.1662,0.2631,0.0289,0.0518,0.281,,,,,,,,,,,0.3754,0.2979,0.0042,0.3433,-0.3502,-0.0376,0.2883,0.7271,0.0005,0.2735,-6.7571,-0.0113,0.4281,-13.3218,0.1586,,0.0,0.0
2025-03-10,2025-03-24,0.3448,30.1,0.7259,-6.8026,-13.3004,4.1,22.0,,,,0.0,21.6,0.298,2025-03-24T23:59:59Z,-0.4022,6.6,0.0,Sentinel Hub Statistical API + OpenMeteo,13,0.5506,29.3917,0.7083,1.3319,1.2447,-0.3947,10.675,-6.575,-3.6962,1.2784,-0.6511,37.7167,-15.7167,-7.8583,-18.1781,-0.1741,19.3667,2.2333,-0.1656,0.5569,1.0934,-0.0417,6.6417,0.7735,4.3074,0.1972,0.227,0.071,0.0566,0.3039,,,,,,,,,,,0.4591,0.3159,0.0289,0.3172,-0.3658,-0.0364,0.2727,0.7212,0.0047,0.2617,-6.9115,0.1089,0.3769,-13.3224,0.022,,0.0,0.0
2025-03-24,2025-04-07,0.2472,38.0,0.6962,-7.5586,-14.2612,21.3,83.3,,,,0.0,18.0,0.09,2025-04-07T23:59:59Z,-0.2884,-4.4,0.0,Sentinel Hub Statistical API + OpenMeteo,15,1.4529,28.3786,9.6214,3.4043,4.4996,0.8549,13.8071,7.4929,-0.8989,0.2261,1.207,52.2214,31.0786,1.8759,-14.1208,-0.5636,21.6214,-3.6214,-1.0296,-0.5395,-0.5124,-0.3143,-4.0857,-0.4413,3.3492,-0.8778,0.1609,-0.0709,0.0247,0.2921,,,,,,,,,,,0.2678,0.3742,-0.127,0.524,-0.4014,0.113,0.0,0.7246,-0.0283,0.0,-6.8185,-0.7401,0.0189,-13.2477,-1.0135,,0.0,0.0
2025-04-07,2025-04-21,0.4433,31.3,0.7021,-7.4086,-13.9999,13.3,90.7,,,,0.0,23.5,0.04,2025-04-21T23:59:59Z,-0.4302,-3.4,0.0,Sentinel Hub Statistical API + OpenMeteo,17,0.6877,25.3714,5.9286,4.0354,7.9951,0.2737,12.15,1.15,-0.3867,-0.1877,1.4313,59.2571,31.4429,9.2676,-3.1587,0.0315,23.3571,0.1429,-0.7364,-1.2112,-0.3664,-2.1286,-1.2714,-0.6488,2.2985,-1.1363,0.1292,-0.0892,-0.0038,0.2532,,,,,,,,,,,0.6522,0.4373,0.006,0.2663,-0.4351,0.0049,0.0542,0.7234,-0.0213,0.0519,-6.8553,-0.5533,0.1162,-13.359,-0.6409,,0.0,0.0
2025-04-21,2025-05-05,0.5169,19.9,0.7041,-7.3607,-14.0424,0.0,32.3,,,,0.0,25.3,0.238,2025-05-05T23:59:59Z,-0.4923,-7.4,0.0,Sentinel Hub Statistical API + OpenMeteo,19,-0.6144,23.7867,-3.8867,2.0548,9.0905,-0.6926,11.8,-11.8,-3.24,-3.4052,-0.3389,57.2867,-24.9867,0.7041,-2.0756,0.2262,24.4,0.9,-0.3273,-1.3932,-0.9503,-1.8667,-5.5333,-1.8699,0.1528,-0.1129,0.15,0.088,0.0192,0.2421,,,,,,,,,,,0.7965,0.5024,0.0145,0.1534,-0.4794,-0.0129,0.0725,0.7324,-0.0283,0.0685,-6.632,-0.7287,0.1004,-13.2052,-0.8372,,0.0,0.0
2025-05-05,2025-05-19,0.5741,22.8,0.7344,-6.5898,-13.1343,12.5,33.3,,,,0.0,23.2,0.197,2025-05-19T23:59:59Z,-0.5236,-1.7,0.0,Sentinel Hub Statistical API + OpenMeteo,21,-0.2832,23.85,-1.05,1.2786,9.2782,0.2156,9.7286,2.7714,-1.7372,-4.7338,-0.3086,54.3786,-21.0786,-4.7416,-6.5681,-0.001,25.8857,-2.6857,-0.9169,-2.1429,-0.1182,-3.2857,1.5857,-1.006,-0.8716,-0.3248,0.163,0.034,0.0229,0.2359,,,,,,,,,,,0.9086,0.5398,0.0343,0.0965,-0.5081,-0.0155,0.3508,0.7397,-0.0053,0.3353,-6.4561,-0.1337,0.4388,-13.0748,-0.0595,,0.0,0.0
2025-05-19,2025-06-02,0.5608,30.1,0.7519,-6.147,-12.6932,13.1,98.3,,,,0.0,27.5,0.049,2025-06-02T23:59:59Z,-0.5309,-11.5,0.0,Sentinel Hub Statistical API + OpenMeteo,23,0.5506,24.7286,5.3714,2.3018,10.4666,0.2592,15.5357,-2.4357,-1.9118,-6.0775,1.6617,64.3286,33.9714,4.9366,-0.8433,0.4642,27.4857,0.0143,-0.6841,-2.5698,-1.5488,-2.3429,-9.1571,-3.0438,-3.8108,-1.0897,0.1479,-0.0989,-0.0076,0.2,,,,,,,,,,,0.8826,0.5691,-0.0083,0.0832,-0.5371,0.0062,0.5115,0.7506,0.0013,0.4886,-6.1797,0.0327,0.6032,-12.7781,0.0849,,0.0,0.0
2025-06-02,2025-06-16,0.5674,15.0,0.7442,-6.34,-12.7412,1.1,75.7,,,,0.0,28.0,0.2,2025-06-16T23:59:59Z,-0.5504,-0.9,0.0,Sentinel Hub Statistical API + OpenMeteo,25,-1.1741,22.7,-7.7,-0.1986,9.012,-0.6126,11.6929,-10.5929,-4.0821,-9.4303,0.9766,63.0429,12.6571,6.8668,6.1247,0.5183,30.3929,-2.3929,-1.1113,-3.3727,-0.0015,-2.7214,1.8214,-1.8275,-5.181,-0.3093,0.1842,0.0158,-0.0017,0.1743,,,,,,,,,,,0.8955,0.5667,0.0007,0.0478,-0.5419,-0.0085,0.4408,0.7487,-0.0045,0.4218,-6.2301,-0.1099,0.5853,-12.7867,0.0455,,0.0,0.0
2025-06-16,2025-06-30,0.5167,14.4,0.7329,-6.612,-13.3291,2.1,4.7,,,,0.0,35.2,0.603,2025-06-30T23:59:59Z,-0.5143,2.4,0.0,Sentinel Hub Statistical API + OpenMeteo,27,-1.2426,18.8733,-4.4733,-1.2673,6.6633,-0.54,9.0733,-6.9733,-4.8049,-13.1036,-1.1755,47.32,-42.62,-5.5049,-0.1152,1.2972,32.48,2.72,-0.1535,-3.1215,0.4803,-1.54,3.94,-0.3856,-4.9449,1.7736,0.2958,0.3072,0.0755,0.2289,,,,,,,,,,,0.7961,0.5436,-0.0269,0.1134,-0.5285,0.0142,0.337,0.7412,-0.0083,0.3276,-6.4179,-0.1941,0.3662,-12.9103,-0.4188,,0.0,0.0
2025-06-30,2025-07-14,0.4722,11.8,0.7266,-6.7562,-13.4954,1.0,3.3,,,,0.0,35.5,0.645,2025-07-14T23:59:59Z,-0.4812,-0.5,0.0,Sentinel Hub Statistical API + OpenMeteo,29,-1.5396,15.8,-4.0,-1.9505,3.9132,-0.6199,2.3267,-1.3267,-3.9353,-15.4664,-1.2179,24.86,-21.56,-9.5187,-9.6201,1.3297,35.3333,0.1667,-0.0734,-2.8203,0.0569,-1.8733,1.3733,0.0541,-4.2974,1.9907,0.4321,0.2129,0.1099,0.3113,,,,,,,,,,,0.7089,0.5051,-0.0329,0.1736,-0.503,0.0218,0.2792,0.7351,-0.0085,0.2777,-6.5677,-0.1885,0.3043,-13.0008,-0.4946,,0.0,0.0
2025-07-14,2025-07-28,0.4417,12.5,0.7271,-6.7275,-13.3646,1.7,13.9,,,,0.0,38.0,0.522,2025-07-28T23:59:59Z,-0.4589,3.6,0.0,Sentinel Hub Statistical API + OpenMeteo,31,-1.4596,15.0333,-2.5333,-2.0962,1.3474,-0.5691,1.8867,-0.1867,-2.9982,-16.6087,-0.8966,15.2533,-1.3533,-7.4773,-15.943,1.6002,35.6467,2.3533,0.5332,-1.9487,0.6554,-1.6733,5.2733,1.3589,-2.4228,1.355,0.4828,0.0392,0.0922,0.3662,,,,,,,,,,,0.6491,0.4779,-0.0362,0.2141,-0.4858,0.0269,0.2837,0.7307,-0.0036,0.2876,-6.6793,-0.0482,0.353,-13.1057,-0.2589,,0.0,0.0
2025-07-28,2025-08-11,0.4253,12.3,0.7194,-6.9515,-13.6761,0.0,11.5,,,,0.0,36.6,0.559,2025-08-11T23:59:59Z,-0.4452,2.8,0.0,Sentinel Hub Statistical API + OpenMeteo,33,-1.4824,16.7,-4.4,-2.6721,-1.4864,-0.6926,4.0533,-4.0533,-3.262,-17.8776,-0.9694,17.78,-6.28,-7.178,-21.2078,1.4487,35.2133,1.3867,0.7466,-0.9683,0.5387,-0.2067,3.0067,1.7709,-0.3612,1.5462,0.4446,0.1144,0.0977,0.4199,,,,,,,,,,,0.6169,0.4523,-0.027,0.239,-0.4689,0.0237,0.213,0.7296,-0.0102,0.2101,-6.7083,-0.2432,0.2369,-13.136,-0.5401,,0.0,0.0
2025-08-11,2025-08-25,0.4155,21.8,0.7596,-5.925,-12.6366,6.7,13.7,,,,0.0,33.3,0.443,2025-08-25T23:59:59Z,-0.4449,0.2,0.0,Sentinel Hub Statistical API + OpenMeteo,35,-0.3974,17.58,4.22,-0.9491,-2.2571,-0.2058,4.4467,2.2533,-1.8831,-17.6154,-0.9027,24.7733,-11.0733,-8.1518,-26.8147,1.0917,32.9,0.4,0.66,-0.1921,0.1591,-2.6067,2.8067,2.0298,1.712,0.9467,0.3904,0.0526,0.0865,0.456,,,,,,,,,,,0.5977,0.4337,-0.0182,0.2395,-0.4524,0.0075,0.5822,0.7261,0.0335,0.5654,-6.7985,0.8735,0.6243,-13.2493,0.6127,,0.0,0.0
2025-08-25,2025-09-08,0.4155,13.6,0.722,-6.8764,-13.3664,0.0,22.3,,,,0.0,32.9,0.428,2025-09-08T23:59:59Z,-0.4468,-13.4,0.0,Sentinel Hub Statistical API + OpenMeteo,37,-1.334,17.4267,-3.8267,-1.6685,-3.6548,-0.6926,3.9667,-3.9667,-2.404,-17.9056,-0.642,29.0267,-6.7267,-7.7956,-31.3925,1.0484,31.0733,1.8267,0.9516,0.7826,-1.8262,-3.7467,-9.6533,-0.891,0.6155,0.8691,0.3593,0.0687,0.082,0.4833,,,,,,,,,,,0.5977,0.4221,-0.0066,0.2361,-0.4431,-0.0037,0.2369,0.7227,-0.0007,0.2361,-6.8817,0.0053,0.3523,-13.3588,-0.0076,,0.0,0.0
2025-09-08,2025-09-22,0.4112,7.3,0.7099,-7.1436,-13.8767,0.1,20.2,,,,0.0,29.5,0.517,2025-09-22T23:59:59Z,-0.4479,-3.7,0.0,Sentinel Hub Statistical API + OpenMeteo,39,-2.0535,20.6,-13.3,-4.5764,-7.7926,-0.6853,8.58,-8.48,-3.923,-19.6799,-0.7057,34.98,-14.78,-9.5417,-37.1671,0.6806,27.6467,1.8533,1.1771,1.8658,-0.4102,-1.9267,-1.7733,-1.1115,-0.5698,1.3291,0.3076,0.2094,0.1139,0.5392,,,,,,,,,,,0.5893,0.4206,-0.0094,0.2341,-0.4454,-0.0025,0.1258,0.7223,-0.0124,0.1436,-6.8853,-0.2583,0.1622,-13.41,-0.4667,,0.0,0.0
2025-09-22,2025-10-06,0.4122,39.6,0.7767,-5.4099,-12.3359,58.8,75.0,,,,0.0,19.0,0.017,2025-10-06T23:59:59Z,-0.4547,25.8,0.0,Sentinel Hub Statistical API + OpenMeteo,41,1.6357,22.98,16.62,0.7227,-6.1348,3.5794,8.18,50.62,9.7127,-7.6056,0.9554,45.7333,29.2667,0.1604,-32.5467,-0.4554,25.14,-6.14,-0.6522,0.9897,3.8961,0.0933,25.7067,5.593,5.0916,-1.2551,0.2814,-0.2644,0.0193,0.4938,,,,,,,,,,,0.5913,0.425,-0.0128,0.2217,-0.455,0.0003,0.7392,0.7217,0.055,0.7437,-6.8984,1.4885,0.7364,-13.4844,1.1485,,0.0,0.0
2025-10-06,2025-10-20,0.4415,34.6,0.7216,-6.8502,-13.8305,3.0,160.0,,,,0.0,16.6,0.008,2025-10-20T23:59:59Z,-0.4733,1.7,0.0,Sentinel Hub Statistical API + OpenMeteo,43,1.0646,25.62,8.98,2.787,-2.6116,-0.4746,9.7333,-6.7333,5.6012,-1.0917,3.5319,51.2,108.8,27.3203,-1.3208,-0.715,23.3267,-6.7267,-2.1708,-1.2999,0.3781,1.82,-0.12,4.1648,8.6454,-1.3017,0.2769,-0.2689,-0.0528,0.3817,,,,,,,,,,,0.6487,0.4138,0.0277,0.1879,-0.4562,-0.0171,0.2332,0.7234,-0.0018,0.2452,-6.8552,0.005,0.1794,-13.4501,-0.3804,,0.0,0.0
2025-10-20,2025-11-03,0.4043,33.7,0.7353,-6.5221,-13.33,3.0,119.8,,,,0.0,20.8,0.033,2025-11-03T23:59:59Z,-0.448,-7.7,0.0,Sentinel Hub Statistical API + OpenMeteo,45,0.9618,25.8733,7.8267,4.047,1.7488,-0.4746,6.7,-3.7,3.2759,2.3152,2.3134,47.76,72.04,38.5002,37.3379,-0.2606,20.7667,0.0333,-1.6198,-2.7637,-0.9941,0.26,-7.96,1.1336,8.7415,-1.1724,0.2848,-0.2518,-0.1025,0.2334,,,,,,,,,,,0.5758,0.3902,0.0141,0.2339,-0.443,-0.005,0.359,0.7232,0.0121,0.3587,-6.8591,0.337,0.3659,-13.4389,0.1089,,0.0,0.0
2025-11-03,2025-11-17,0.3899,38.9,0.7442,-6.2985,-13.1045,13.9,51.8,,,,0.0,14.9,0.027,2025-11-17T23:59:59Z,-0.4361,-4.1,0.0,Sentinel Hub Statistical API + OpenMeteo,47,1.5557,29.2571,9.6429,5.4459,6.9848,0.3173,11.5071,2.3929,3.0552,5.0926,0.2522,42.1,9.7,31.3002,64.1576,-0.8989,17.8929,-2.9929,-1.9631,-4.3952,-0.4686,2.2143,-6.3143,-0.7284,6.9641,-1.2035,0.2418,-0.2148,-0.1306,0.0748,,,,,,,,,,,0.5475,0.3485,0.0414,0.2555,-0.4029,-0.0332,0.4408,0.7363,0.0079,0.4361,-6.5204,0.2219,0.4499,-13.1153,0.0108,,0.0,0.0
2025-11-17,2025-12-01,0.3473,39.9,0.7423,-6.3336,-12.9738,16.5,65.0,,,,0.0,18.0,0.046,2025-12-01T23:59:59Z,-0.3788,0.3,0.0,Sentinel Hub Statistical API + OpenMeteo,49,1.6699,33.6077,6.2923,5.6575,11.8042,0.5062,12.9308,3.5692,3.1837,7.6651,0.6523,49.6462,15.3538,27.3136,83.7723,-0.5636,13.4923,4.5077,-0.3454,-4.2131,0.1737,1.8231,-1.5231,-0.9271,5.2013,-1.1053,0.1457,-0.0997,-0.1229,-0.0571,,,,,,,,,,,0.464,0.327,0.0203,0.3597,-0.3846,0.0058,0.4233,0.7464,-0.0041,0.424,-6.2551,-0.0785,0.4986,-12.8892,-0.0846,,0.0,0.0
2025-12-01,2025-12-15,0.3762,38.6,0.7306,-6.6049,-13.3837,0.0,45.8,,,,0.0,12.0,0.033,2025-12-15T23:59:59Z,-0.4455,-1.0,0.0,Sentinel Hub Statistical API + OpenMeteo,51,1.5215,36.0875,2.5125,4.8713,15.259,-0.6926,13.4,-13.4,-0.9622,5.7831,0.0703,61.15,-15.35,16.6477,90.3673,-1.2127,11.9,0.1,-0.234,-3.9416,-0.0161,1.35,-2.35,-1.2828,3.2944,-1.1724,0.0935,-0.0605,-0.1073,-0.1575,,,,,,,,,,,0.5207,0.3099,0.0663,0.2385,-0.3619,-0.0836,0.3159,0.7571,-0.0265,0.3301,-5.977,-0.6279,0.3459,-12.6657,-0.718,,0.0,0.0
2025-12-29,2026-01-12,0.3229,38.4,0.7733,-5.473,-12.2046,23.3,60.3,,,,0.0,4.8,0.056,2026-01-12T23:59:59Z,-0.2644,-0.6,0.0,Sentinel Hub Statistical API + OpenMeteo,3,1.4986,34.2231,4.1769,4.6977,18.1256,1.0003,15.2923,8.0077,1.2802,6.3694,0.5098,50.4462,9.8538,14.9492,94.4724,-1.9916,10.7231,-5.9231,-1.6563,-5.1249,0.0423,-0.4692,-0.1308,-0.9948,1.9043,-1.0536,0.1991,-0.1431,-0.1162,-0.2548,,,,,,,,,,,0.4162,0.2951,0.0278,0.5676,-0.3388,0.0744,0.708,0.7465,0.0268,0.7218,-6.2418,0.7688,0.7853,-12.9933,0.7887,,0.0,0.0
2026-01-12,2026-01-26,0.2126,41.9,0.7467,-6.2191,-13.0146,8.6,42.5,,,,0.0,3.8,0.106,2026-01-26T23:59:59Z,-0.0597,4.6,0.0,Sentinel Hub Statistical API + OpenMeteo,5,1.8984,34.3167,7.5833,5.4191,21.3696,-0.0677,8.5583,0.0417,0.9706,6.5756,-0.0297,39.425,3.075,11.9807,95.1164,-2.0998,9.2833,-5.4833,-2.6131,-7.123,0.8014,-0.4333,5.0333,0.5122,2.1879,-0.7951,0.2438,-0.1378,-0.1216,-0.3458,,,,,,,,,,,0.2,0.2732,-0.0606,0.9397,-0.2942,0.2345,0.4637,0.7317,0.015,0.4636,-6.6309,0.4118,0.4834,-13.3526,0.338,,0.0,0.0
2026-02-09,2026-02-23,0.2394,40.6,0.7368,-6.4773,-13.5263,42.9,95.7,,,,0.0,11.9,0.094,2026-02-23T23:59:59Z,-0.237,1.4,0.0,Sentinel Hub Statistical API + OpenMeteo,9,1.7499,30.7273,9.8727,6.5325,25.3378,2.4243,7.4818,35.4182,9.5825,15.3691,1.5829,32.9636,62.7364,24.6696,108.3721,-1.2235,13.0727,-1.1727,-2.253,-8.5212,0.3343,-0.9,2.3,0.9592,2.8846,-0.8572,0.3016,-0.2076,-0.1431,-0.4474,,,,,,,,,,,0.2525,0.2642,-0.0248,0.6174,-0.3108,0.0738,0.3728,0.7255,0.0113,0.3742,-6.8011,0.3238,0.2927,-13.4854,-0.0409,,0.0,0.0
2026-03-09,2026-03-23,0.3133,33.2,0.7152,-7.0033,-13.4001,8.7,11.7,,,,0.0,13.9,0.397,2026-03-23T23:59:59Z,-0.3721,3.9,0.0,Sentinel Hub Statistical API + OpenMeteo,13,0.9047,29.3917,3.8083,5.8514,28.1486,-0.0605,10.675,-1.975,6.6931,20.2179,-0.9633,37.7167,-26.0167,11.998,107.3654,-1.0071,19.3667,-5.4667,-3.0564,-10.5551,0.6992,-0.0417,3.9417,1.7048,4.2432,0.7089,0.227,0.17,-0.0648,-0.4585,,,,,,,,,,,0.3974,0.3159,-0.0026,0.3719,-0.3658,-0.0063,0.1745,0.7212,-0.006,0.1922,-6.9115,-0.0918,0.3398,-13.3224,-0.0777,,0.0,0.0
2026-03-23,2026-04-06,0.3257,32.7,0.7352,-6.5056,-12.9274,15.3,65.4,,,,0.0,20.6,0.078,2026-04-06T23:59:59Z,-0.3542,-4.7,0.0,Sentinel Hub Statistical API + OpenMeteo,15,0.8476,28.3786,4.3214,5.4689,30.2397,0.419,13.8071,1.4929,5.3931,23.1848,0.6644,52.2214,13.1786,12.2932,106.7748,-0.2823,21.6214,-1.0214,-2.5476,-11.8361,-0.5562,-0.3143,-4.3857,0.1822,3.9163,-0.9399,0.1609,-0.0829,-0.0694,-0.4729,,,,,,,,,,,0.4217,0.3742,-0.0485,0.4044,-0.4014,0.0472,0.3581,0.7246,0.0106,0.3644,-6.8185,0.3129,0.5159,-13.2477,0.3203,,0.0,0.0
2026-04-06,2026-04-20,0.4334,15.1,0.7256,-6.7894,-13.0269,4.1,70.4,,,,0.0,20.8,0.206,2026-04-20T23:59:59Z,-0.4302,-8.4,0.0,Sentinel Hub Statistical API + OpenMeteo,17,-1.1626,25.3714,-10.2714,1.5338,28.1447,-0.3947,12.15,-8.05,2.0323,22.4349,0.816,59.2571,11.1429,12.0056,105.9674,-0.2606,23.3571,-2.5571,-2.55,-12.9657,-1.0963,-2.1286,-6.2714,-1.4312,2.0151,-0.2783,0.1292,0.0768,-0.0328,-0.449,,,,,,,,,,,0.6328,0.4373,-0.0039,0.2663,-0.4351,0.0049,0.27,0.7234,0.0022,0.2662,-6.8553,0.0659,0.4789,-13.359,0.3321,,0.0,0.0
