aoi_name,date_start,date_end,target_date,item_id,asset_key,valid_pixels,flood_pixels,aoi_area_km2,gfm_flooded_area_km2,gfm_flood_fraction,flood_detected,flood_label_binary,flood_label_3tier,binary_threshold_km2,tier_minor_km2,tier_significant_km2,source,gfm_items,gfm_items_used,gfm_asset_keys,errors
pleven_small,2026-03-26,2026-03-31,2026-03-31,ENSEMBLE_FLOOD_20260326T161654_VV_EU020M_E057N009T3,tuw_flood_extent,57050,467,24.9819,0.1868,0.007477,0,0,0,0.5,0.5,5.0,GFM_STAC:GFM,18,18,"list_flood_extent,tuw_flood_extent",
pleven_levski,2026-03-26,2026-03-31,2026-03-31,ENSEMBLE_FLOOD_20260326T161654_VV_EU020M_E057N009T3,tuw_flood_extent,3428787,7584,1617.3999,3.0336,0.001876,0,0,0,0.5,0.5,5.0,GFM_STAC:GFM,18,18,"list_flood_extent,tuw_flood_extent",
danube_belene_svishtov,2026-03-26,2026-03-31,2026-03-31,ENSEMBLE_FLOOD_20260326T161654_VV_EU020M_E057N009T3,tuw_flood_extent,1887412,8579,895.9858,3.4316,0.00383,0,0,0,0.5,0.5,5.0,GFM_STAC:GFM,18,18,"list_flood_extent,tuw_flood_extent",
pleven_small,2026-03-29,2026-04-03,2026-04-03,ENSEMBLE_FLOOD_20260401T161543_VV_EU020M_E057N009T3,tuw_flood_extent,58291,256,24.9819,0.1024,0.004099,0,0,0,0.5,0.5,5.0,GFM_STAC:GFM,17,17,tuw_flood_extent,
pleven_small,2026-03-26,2026-03-31,2026-03-31,ENSEMBLE_FLOOD_20260326T161654_VV_EU020M_E057N009T3,tuw_flood_extent,57050,467,24.9819,0.1868,0.007477,0,0,0,0.5,0.5,5.0,GFM_STAC:GFM,18,18,"list_flood_extent,tuw_flood_extent",
pleven_levski,2026-03-26,2026-03-31,2026-03-31,ENSEMBLE_FLOOD_20260326T161654_VV_EU020M_E057N009T3,tuw_flood_extent,3428787,7584,1617.3999,3.0336,0.001876,0,0,0,0.5,0.5,5.0,GFM_STAC:GFM,18,18,"list_flood_extent,tuw_flood_extent",
danube_belene_svishtov,2026-03-26,2026-03-31,2026-03-31,ENSEMBLE_FLOOD_20260326T161654_VV_EU020M_E057N009T3,tuw_flood_extent,1887412,8579,895.9858,3.4316,0.00383,0,0,0,0.5,0.5,5.0,GFM_STAC:GFM,18,18,"list_flood_extent,tuw_flood_extent",
danube_ruse_slivo_pole,2026-03-26,2026-03-31,2026-03-31,ENSEMBLE_FLOOD_20260326T042110_VV_EU020M_E060N009T3,tuw_flood_extent,1550702,6982,802.7341,2.7928,0.003479,0,0,0,0.5,0.5,5.0,GFM_STAC:GFM,36,36,"list_flood_extent,tuw_flood_extent",
danube_vidin_lom,2026-03-26,2026-03-31,2026-03-31,ENSEMBLE_FLOOD_20260326T161654_VV_EU020M_E057N009T3,tuw_flood_extent,3641401,168311,3013.9774,67.3244,0.022337,1,1,1,0.5,0.5,5.0,GFM_STAC:GFM,18,18,"list_flood_extent,tuw_flood_extent",
danube_kozloduy_oriahovo,2026-03-26,2026-03-31,2026-03-31,ENSEMBLE_FLOOD_20260326T161654_VV_EU020M_E057N009T3,tuw_flood_extent,3641853,112033,2505.6543,44.8132,0.017885,0,0,0,0.5,0.5,5.0,GFM_STAC:GFM,18,18,"list_flood_extent,tuw_flood_extent",
danube_nikopol,2026-03-26,2026-03-31,2026-03-31,ENSEMBLE_FLOOD_20260331T042912_VV_EU020M_E057N009T3,tuw_flood_extent,1910505,11550,940.3986,4.62,0.004913,0,0,0,0.5,0.5,5.0,GFM_STAC:GFM,18,18,"list_flood_extent,tuw_flood_extent",
dobrich_dobrudzha,2026-03-26,2026-03-31,2026-03-31,ENSEMBLE_FLOOD_20260326T042110_VV_EU020M_E060N009T3,tuw_flood_extent,1561497,20635,1795.6435,8.254,0.004597,0,0,0,0.5,0.5,5.0,GFM_STAC:GFM,18,18,"list_flood_extent,tuw_flood_extent",
silistra_dobrudzha,2026-03-26,2026-03-31,2026-03-31,ENSEMBLE_FLOOD_20260327T160758_VV_EU020M_E060N009T3,list_flood_extent,3047009,7048,1225.8887,2.8192,0.0023,0,0,0,0.5,0.5,5.0,GFM_STAC:GFM,18,18,"list_flood_extent,tuw_flood_extent",
shumen_targovishte,2026-03-26,2026-03-31,2026-03-31,ENSEMBLE_FLOOD_20260326T042110_VV_EU020M_E060N009T3,tuw_flood_extent,6676332,15804,3605.9195,6.3216,0.001753,0,0,0,0.5,0.5,5.0,GFM_STAC:GFM,18,18,"list_flood_extent,tuw_flood_extent",
varna_coast,2026-03-26,2026-03-31,2026-03-31,ENSEMBLE_FLOOD_20260326T042110_VV_EU020M_E060N009T3,tuw_flood_extent,856937,11123,1623.9879,4.4492,0.00274,0,0,0,0.5,0.5,5.0,GFM_STAC:GFM,18,18,"list_flood_extent,tuw_flood_extent",
burgas_coast,2026-03-26,2026-03-31,2026-03-31,ENSEMBLE_FLOOD_20260326T042110_VV_EU020M_E060N009T3,tuw_flood_extent,1636622,37246,3195.7946,14.8984,0.004662,0,0,0,0.5,0.5,5.0,GFM_STAC:GFM,18,18,"list_flood_extent,tuw_flood_extent",
kamchia_river,2026-03-26,2026-03-31,2026-03-31,ENSEMBLE_FLOOD_20260327T160733_VV_EU020M_E060N009T3,tuw_flood_extent,2626495,8862,1904.5852,3.5448,0.001861,0,0,0,0.5,0.5,5.0,GFM_STAC:GFM,18,18,"list_flood_extent,tuw_flood_extent",
sofia_plain_iskar,2026-03-26,2026-03-31,2026-03-31,ENSEMBLE_FLOOD_20260326T161654_VV_EU020M_E057N009T3,tuw_flood_extent,2656037,51882,2182.7518,20.7528,0.009508,0,0,0,0.5,0.5,5.0,GFM_STAC:GFM,18,18,"list_flood_extent,tuw_flood_extent",
iskar_gorge,2026-03-26,2026-03-31,2026-03-31,ENSEMBLE_FLOOD_20260330T043835_VV_EU020M_E057N009T3,tuw_flood_extent,2404849,16342,2034.0846,6.5368,0.003214,0,0,0,0.5,0.5,5.0,GFM_STAC:GFM,18,18,"list_flood_extent,tuw_flood_extent",
yantra_veliko_tarnovo,2026-03-26,2026-03-31,2026-03-31,ENSEMBLE_FLOOD_20260326T042110_VV_EU020M_E057N009T3,tuw_flood_extent,4027049,17256,2055.0263,6.9024,0.003359,0,0,0,0.5,0.5,5.0,GFM_STAC:GFM,36,36,"list_flood_extent,tuw_flood_extent",
osam_lovech,2026-03-26,2026-03-31,2026-03-31,ENSEMBLE_FLOOD_20260326T161654_VV_EU020M_E057N009T3,tuw_flood_extent,4068618,9456,1898.4788,3.7824,0.001992,0,0,0,0.5,0.5,5.0,GFM_STAC:GFM,18,18,"list_flood_extent,tuw_flood_extent",
vit_pleven,2026-03-26,2026-03-31,2026-03-31,ENSEMBLE_FLOOD_20260326T161654_VV_EU020M_E057N009T3,tuw_flood_extent,4184789,20083,2048.379,8.0332,0.003922,0,0,0,0.5,0.5,5.0,GFM_STAC:GFM,18,18,"list_flood_extent,tuw_flood_extent",
maritsa_plovdiv,2026-03-26,2026-03-31,2026-03-31,ENSEMBLE_FLOOD_20260331T042937_VV_EU020M_E057N009T3,tuw_flood_extent,1420126,32789,734.4868,13.1156,0.017857,0,0,0,0.5,0.5,5.0,GFM_STAC:GFM,18,18,"list_flood_extent,tuw_flood_extent",
maritsa_pazardzhik,2026-03-26,2026-03-31,2026-03-31,ENSEMBLE_FLOOD_20260326T161629_VV_EU020M_E057N009T3,tuw_flood_extent,2198865,20766,1238.4802,8.3064,0.006707,0,0,0,0.5,0.5,5.0,GFM_STAC:GFM,18,18,"list_flood_extent,tuw_flood_extent",
maritsa_harmanli_svilengrad,2026-03-26,2026-03-31,2026-03-31,ENSEMBLE_FLOOD_20260326T042135_VV_EU020M_E060N006T3,tuw_flood_extent,1810814,32178,1382.5063,12.8712,0.00931,0,0,0,0.5,0.5,5.0,GFM_STAC:GFM,74,74,"list_flood_extent,tuw_flood_extent",
tundzha_yambol_elhovo,2026-03-26,2026-03-31,2026-03-31,ENSEMBLE_FLOOD_20260326T042135_VV_EU020M_E060N009T3,tuw_flood_extent,5723463,117776,3785.6972,47.1104,0.012444,0,0,0,0.5,0.5,5.0,GFM_STAC:GFM,37,37,"list_flood_extent,tuw_flood_extent",
arda_kardzhali,2026-03-26,2026-03-31,2026-03-31,ENSEMBLE_FLOOD_20260326T042135_VV_EU020M_E057N006T3,tuw_flood_extent,3138118,5939,1942.2094,2.3756,0.001223,0,0,0,0.5,0.5,5.0,GFM_STAC:GFM,19,19,tuw_flood_extent,
struma_blago_county,2026-03-26,2026-03-31,2026-03-31,ENSEMBLE_FLOOD_20260331T162440_VV_EU020M_E057N006T3,tuw_flood_extent,1807979,4864,2760.7343,1.9456,0.000705,0,0,0,0.5,0.5,5.0,GFM_STAC:GFM,37,37,"list_flood_extent,tuw_flood_extent",
mesta_gotse_delchev,2026-03-26,2026-03-31,2026-03-31,ENSEMBLE_FLOOD_20260326T161629_VV_EU020M_E057N006T3,tuw_flood_extent,3108227,9247,2499.0337,3.6988,0.00148,0,0,0,0.5,0.5,5.0,GFM_STAC:GFM,19,19,tuw_flood_extent,
stara_zagora_chirpan,2026-03-26,2026-03-31,2026-03-31,ENSEMBLE_FLOOD_20260326T042135_VV_EU020M_E057N009T3,tuw_flood_extent,3032741,71811,1513.6966,28.7244,0.018976,0,0,0,0.5,0.5,5.0,GFM_STAC:GFM,18,18,"list_flood_extent,tuw_flood_extent",
haskovo_dimitrovgrad,2026-03-26,2026-03-31,2026-03-31,ENSEMBLE_FLOOD_20260326T042135_VV_EU020M_E057N009T3,tuw_flood_extent,1820503,49036,1609.809,19.6144,0.012184,0,0,0,0.5,0.5,5.0,GFM_STAC:GFM,37,37,"list_flood_extent,tuw_flood_extent",
sliven_nova_zagora,2026-03-26,2026-03-31,2026-03-31,ENSEMBLE_FLOOD_20260326T042135_VV_EU020M_E060N009T3,tuw_flood_extent,2032196,124197,2737.0942,49.6788,0.01815,0,0,0,0.5,0.5,5.0,GFM_STAC:GFM,18,18,"list_flood_extent,tuw_flood_extent",
pleven_small,2026-03-29,2026-04-03,2026-04-03,ENSEMBLE_FLOOD_20260401T161543_VV_EU020M_E057N009T3,tuw_flood_extent,58291,256,24.9819,0.1024,0.004099,0,0,0,0.5,0.5,5.0,GFM_STAC:GFM,17,17,tuw_flood_extent,
pleven_levski,2026-03-29,2026-04-03,2026-04-03,ENSEMBLE_FLOOD_20260401T161543_VV_EU020M_E057N009T3,tuw_flood_extent,2601583,12222,1617.3999,4.8888,0.003023,0,0,0,0.5,0.5,5.0,GFM_STAC:GFM,17,17,tuw_flood_extent,
danube_belene_svishtov,2026-03-29,2026-04-03,2026-04-03,ENSEMBLE_FLOOD_20260401T161608_VV_EU020M_E057N009T3,tuw_flood_extent,1519367,14512,895.9858,5.8048,0.006479,0,0,0,0.5,0.5,5.0,GFM_STAC:GFM,17,17,tuw_flood_extent,
danube_ruse_slivo_pole,2026-03-29,2026-04-03,2026-04-03,ENSEMBLE_FLOOD_20260401T042158_VV_EU020M_E060N009T3,tuw_flood_extent,1651909,3989,802.7341,1.5956,0.001988,0,0,0,0.5,0.5,5.0,GFM_STAC:GFM,35,35,tuw_flood_extent,
danube_vidin_lom,2026-03-29,2026-04-03,2026-04-03,ENSEMBLE_FLOOD_20260401T161608_VV_EU020M_E057N009T3,tuw_flood_extent,4968485,39401,3013.9774,15.7604,0.005229,0,0,0,0.5,0.5,5.0,GFM_STAC:GFM,17,17,tuw_flood_extent,
danube_kozloduy_oriahovo,2026-03-29,2026-04-03,2026-04-03,ENSEMBLE_FLOOD_20260401T161608_VV_EU020M_E057N009T3,tuw_flood_extent,4514548,56266,2505.6543,22.5064,0.008982,0,0,0,0.5,0.5,5.0,GFM_STAC:GFM,17,17,tuw_flood_extent,
danube_nikopol,2026-03-29,2026-04-03,2026-04-03,ENSEMBLE_FLOOD_20260401T161608_VV_EU020M_E057N009T3,tuw_flood_extent,1981475,15714,940.3986,6.2856,0.006684,0,0,0,0.5,0.5,5.0,GFM_STAC:GFM,17,17,tuw_flood_extent,
dobrich_dobrudzha,2026-03-29,2026-04-03,2026-04-03,ENSEMBLE_FLOOD_20260403T155927_VV_EU020M_E060N009T3,tuw_flood_extent,3507297,20263,1795.6435,8.1052,0.004514,0,0,0,0.5,0.5,5.0,GFM_STAC:GFM,18,18,tuw_flood_extent,
silistra_dobrudzha,2026-03-29,2026-04-03,2026-04-03,ENSEMBLE_FLOOD_20260401T042158_VV_EU020M_E060N009T3,tuw_flood_extent,2404598,5304,1225.8887,2.1216,0.001731,0,0,0,0.5,0.5,5.0,GFM_STAC:GFM,18,18,tuw_flood_extent,
shumen_targovishte,2026-03-29,2026-04-03,2026-04-03,ENSEMBLE_FLOOD_20260401T042158_VV_EU020M_E060N009T3,tuw_flood_extent,6283786,8412,3605.9195,3.3648,0.000933,0,0,0,0.5,0.5,5.0,GFM_STAC:GFM,18,18,tuw_flood_extent,
varna_coast,2026-03-29,2026-04-03,2026-04-03,ENSEMBLE_FLOOD_20260403T155927_VV_EU020M_E060N009T3,tuw_flood_extent,2558096,7421,1623.9879,2.9684,0.001828,0,0,0,0.5,0.5,5.0,GFM_STAC:GFM,18,18,tuw_flood_extent,
burgas_coast,2026-03-29,2026-04-03,2026-04-03,ENSEMBLE_FLOOD_20260402T160819_VV_EU020M_E060N009T3,tuw_flood_extent,4105836,23272,3195.7946,9.3088,0.002913,0,0,0,0.5,0.5,5.0,GFM_STAC:GFM,18,18,tuw_flood_extent,
kamchia_river,2026-03-29,2026-04-03,2026-04-03,ENSEMBLE_FLOOD_20260403T155927_VV_EU020M_E060N009T3,tuw_flood_extent,2807583,9125,1904.5852,3.65,0.001916,0,0,0,0.5,0.5,5.0,GFM_STAC:GFM,18,18,tuw_flood_extent,
sofia_plain_iskar,2026-03-29,2026-04-03,2026-04-03,ENSEMBLE_FLOOD_20260401T161543_VV_EU020M_E057N009T3,tuw_flood_extent,3616259,15295,2182.7518,6.118,0.002803,0,0,0,0.5,0.5,5.0,GFM_STAC:GFM,17,17,tuw_flood_extent,
iskar_gorge,2026-03-29,2026-04-03,2026-04-03,ENSEMBLE_FLOOD_20260330T043835_VV_EU020M_E057N009T3,tuw_flood_extent,2404849,16342,2034.0846,6.5368,0.003214,0,0,0,0.5,0.5,5.0,GFM_STAC:GFM,17,17,tuw_flood_extent,
yantra_veliko_tarnovo,2026-03-29,2026-04-03,2026-04-03,ENSEMBLE_FLOOD_20260401T161543_VV_EU020M_E057N009T3,tuw_flood_extent,3795226,47315,2055.0263,18.926,0.00921,0,0,0,0.5,0.5,5.0,GFM_STAC:GFM,35,35,tuw_flood_extent,
osam_lovech,2026-03-29,2026-04-03,2026-04-03,ENSEMBLE_FLOOD_20260401T161543_VV_EU020M_E057N009T3,tuw_flood_extent,4128872,13106,1898.4788,5.2424,0.002761,0,0,0,0.5,0.5,5.0,GFM_STAC:GFM,17,17,tuw_flood_extent,
vit_pleven,2026-03-29,2026-04-03,2026-04-03,ENSEMBLE_FLOOD_20260401T161543_VV_EU020M_E057N009T3,tuw_flood_extent,4209553,20056,2048.379,8.0224,0.003916,0,0,0,0.5,0.5,5.0,GFM_STAC:GFM,17,17,tuw_flood_extent,
maritsa_plovdiv,2026-03-29,2026-04-03,2026-04-03,ENSEMBLE_FLOOD_20260331T042937_VV_EU020M_E057N009T3,tuw_flood_extent,1420126,32789,734.4868,13.1156,0.017857,0,0,0,0.5,0.5,5.0,GFM_STAC:GFM,17,17,tuw_flood_extent,
maritsa_pazardzhik,2026-03-29,2026-04-03,2026-04-03,ENSEMBLE_FLOOD_20260331T042937_VV_EU020M_E057N009T3,tuw_flood_extent,2284913,16326,1238.4802,6.5304,0.005273,0,0,0,0.5,0.5,5.0,GFM_STAC:GFM,17,17,tuw_flood_extent,
maritsa_harmanli_svilengrad,2026-03-29,2026-04-03,2026-04-03,ENSEMBLE_FLOOD_20260401T161518_VV_EU020M_E060N006T3,tuw_flood_extent,1473858,32496,1382.5063,12.9984,0.009402,0,0,0,0.5,0.5,5.0,GFM_STAC:GFM,73,73,tuw_flood_extent,
tundzha_yambol_elhovo,2026-03-29,2026-04-03,2026-04-03,ENSEMBLE_FLOOD_20260401T042223_VV_EU020M_E060N009T3,tuw_flood_extent,6423608,35268,3785.6972,14.1072,0.003726,0,0,0,0.5,0.5,5.0,GFM_STAC:GFM,36,36,tuw_flood_extent,
arda_kardzhali,2026-03-29,2026-04-03,2026-04-03,ENSEMBLE_FLOOD_20260401T161518_VV_EU020M_E057N006T3,tuw_flood_extent,3047797,3972,1942.2094,1.5888,0.000818,0,0,0,0.5,0.5,5.0,GFM_STAC:GFM,20,20,tuw_flood_extent,
struma_blago_county,2026-03-29,2026-04-03,2026-04-03,ENSEMBLE_FLOOD_20260331T162440_VV_EU020M_E057N006T3,tuw_flood_extent,1807979,4864,2760.7343,1.9456,0.000705,0,0,0,0.5,0.5,5.0,GFM_STAC:GFM,37,37,tuw_flood_extent,
mesta_gotse_delchev,2026-03-29,2026-04-03,2026-04-03,ENSEMBLE_FLOOD_20260401T161518_VV_EU020M_E057N006T3,tuw_flood_extent,3303160,4243,2499.0337,1.6972,0.000679,0,0,0,0.5,0.5,5.0,GFM_STAC:GFM,20,20,tuw_flood_extent,
stara_zagora_chirpan,2026-03-29,2026-04-03,2026-04-03,ENSEMBLE_FLOOD_20260401T161543_VV_EU020M_E057N009T3,tuw_flood_extent,2626015,50331,1513.6966,20.1324,0.0133,0,0,0,0.5,0.5,5.0,GFM_STAC:GFM,17,17,tuw_flood_extent,
haskovo_dimitrovgrad,2026-03-29,2026-04-03,2026-04-03,ENSEMBLE_FLOOD_20260401T161543_VV_EU020M_E057N009T3,tuw_flood_extent,817650,21263,1609.809,8.5052,0.005283,0,0,0,0.5,0.5,5.0,GFM_STAC:GFM,37,37,tuw_flood_extent,
sliven_nova_zagora,2026-03-29,2026-04-03,2026-04-03,ENSEMBLE_FLOOD_20260402T160819_VV_EU020M_E060N009T3,tuw_flood_extent,4797076,66473,2737.0942,26.5892,0.009714,0,0,0,0.5,0.5,5.0,GFM_STAC:GFM,18,18,tuw_flood_extent,
pleven_small,2026-04-01,2026-04-06,2026-04-06,ENSEMBLE_FLOOD_20260401T161543_VV_EU020M_E057N009T3,tuw_flood_extent,58291,256,24.9819,0.1024,0.004099,0,0,0,0.5,0.5,5.0,GFM_STAC:GFM,15,15,tuw_flood_extent,
pleven_levski,2026-04-01,2026-04-06,2026-04-06,ENSEMBLE_FLOOD_20260406T043021_VV_EU020M_E057N009T3,tuw_flood_extent,3132144,33930,1617.3999,13.572,0.008391,0,0,0,0.5,0.5,5.0,GFM_STAC:GFM,15,15,tuw_flood_extent,
danube_belene_svishtov,2026-04-01,2026-04-06,2026-04-06,ENSEMBLE_FLOOD_20260406T043021_VV_EU020M_E057N009T3,tuw_flood_extent,1666640,32443,895.9858,12.9772,0.014484,0,0,0,0.5,0.5,5.0,GFM_STAC:GFM,15,15,tuw_flood_extent,
danube_ruse_slivo_pole,2026-04-01,2026-04-06,2026-04-06,ENSEMBLE_FLOOD_20260401T042158_VV_EU020M_E060N009T3,tuw_flood_extent,1651909,3989,802.7341,1.5956,0.001988,0,0,0,0.5,0.5,5.0,GFM_STAC:GFM,32,32,tuw_flood_extent,
danube_vidin_lom,2026-04-01,2026-04-06,2026-04-06,ENSEMBLE_FLOOD_20260406T162417_VV_EU020M_E057N009T3,tuw_flood_extent,6451603,99676,3013.9774,39.8704,0.013229,0,0,0,0.5,0.5,5.0,GFM_STAC:GFM,15,15,tuw_flood_extent,
danube_kozloduy_oriahovo,2026-04-01,2026-04-06,2026-04-06,ENSEMBLE_FLOOD_20260406T162417_VV_EU020M_E057N009T3,tuw_flood_extent,2901577,90118,2505.6543,36.0472,0.014386,0,0,0,0.5,0.5,5.0,GFM_STAC:GFM,15,15,tuw_flood_extent,
danube_nikopol,2026-04-01,2026-04-06,2026-04-06,ENSEMBLE_FLOOD_20260406T043021_VV_EU020M_E057N009T3,tuw_flood_extent,1837325,27009,940.3986,10.8036,0.011488,0,0,0,0.5,0.5,5.0,GFM_STAC:GFM,15,15,tuw_flood_extent,
dobrich_dobrudzha,2026-04-01,2026-04-06,2026-04-06,ENSEMBLE_FLOOD_20260403T155927_VV_EU020M_E060N009T3,tuw_flood_extent,3507297,20263,1795.6435,8.1052,0.004514,0,0,0,0.5,0.5,5.0,GFM_STAC:GFM,17,17,tuw_flood_extent,
silistra_dobrudzha,2026-04-01,2026-04-06,2026-04-06,ENSEMBLE_FLOOD_20260401T042158_VV_EU020M_E060N009T3,tuw_flood_extent,2404598,5304,1225.8887,2.1216,0.001731,0,0,0,0.5,0.5,5.0,GFM_STAC:GFM,17,17,tuw_flood_extent,
shumen_targovishte,2026-04-01,2026-04-06,2026-04-06,ENSEMBLE_FLOOD_20260401T042158_VV_EU020M_E060N009T3,tuw_flood_extent,6283786,8412,3605.9195,3.3648,0.000933,0,0,0,0.5,0.5,5.0,GFM_STAC:GFM,17,17,tuw_flood_extent,
varna_coast,2026-04-01,2026-04-06,2026-04-06,ENSEMBLE_FLOOD_20260403T155927_VV_EU020M_E060N009T3,tuw_flood_extent,2558096,7421,1623.9879,2.9684,0.001828,0,0,0,0.5,0.5,5.0,GFM_STAC:GFM,17,17,tuw_flood_extent,
burgas_coast,2026-04-01,2026-04-06,2026-04-06,ENSEMBLE_FLOOD_20260402T160819_VV_EU020M_E060N009T3,tuw_flood_extent,4105836,23272,3195.7946,9.3088,0.002913,0,0,0,0.5,0.5,5.0,GFM_STAC:GFM,17,17,tuw_flood_extent,
kamchia_river,2026-04-01,2026-04-06,2026-04-06,ENSEMBLE_FLOOD_20260403T155927_VV_EU020M_E060N009T3,tuw_flood_extent,2807583,9125,1904.5852,3.65,0.001916,0,0,0,0.5,0.5,5.0,GFM_STAC:GFM,17,17,tuw_flood_extent,
sofia_plain_iskar,2026-04-01,2026-04-06,2026-04-06,ENSEMBLE_FLOOD_20260406T162352_VV_EU020M_E057N009T3,tuw_flood_extent,3897919,55514,2182.7518,22.2056,0.010173,0,0,0,0.5,0.5,5.0,GFM_STAC:GFM,15,15,tuw_flood_extent,
iskar_gorge,2026-04-01,2026-04-06,2026-04-06,ENSEMBLE_FLOOD_20260401T161543_VV_EU020M_E057N009T3,tuw_flood_extent,3082908,5271,2034.0846,2.1084,0.001037,0,0,0,0.5,0.5,5.0,GFM_STAC:GFM,15,15,tuw_flood_extent,
yantra_veliko_tarnovo,2026-04-01,2026-04-06,2026-04-06,ENSEMBLE_FLOOD_20260406T043021_VV_EU020M_E057N009T3,tuw_flood_extent,1760794,75066,2055.0263,30.0264,0.014611,0,0,0,0.5,0.5,5.0,GFM_STAC:GFM,32,32,tuw_flood_extent,
osam_lovech,2026-04-01,2026-04-06,2026-04-06,ENSEMBLE_FLOOD_20260406T043021_VV_EU020M_E057N009T3,tuw_flood_extent,3903774,22597,1898.4788,9.0388,0.004761,0,0,0,0.5,0.5,5.0,GFM_STAC:GFM,15,15,tuw_flood_extent,
vit_pleven,2026-04-01,2026-04-06,2026-04-06,ENSEMBLE_FLOOD_20260406T043021_VV_EU020M_E057N009T3,tuw_flood_extent,4129165,37644,2048.379,15.0576,0.007351,0,0,0,0.5,0.5,5.0,GFM_STAC:GFM,15,15,tuw_flood_extent,
maritsa_plovdiv,2026-04-01,2026-04-06,2026-04-06,ENSEMBLE_FLOOD_20260406T043046_VV_EU020M_E057N009T3,tuw_flood_extent,1406376,61387,734.4868,24.5548,0.033431,1,1,1,0.5,0.5,5.0,GFM_STAC:GFM,15,15,tuw_flood_extent,
maritsa_pazardzhik,2026-04-01,2026-04-06,2026-04-06,ENSEMBLE_FLOOD_20260406T043046_VV_EU020M_E057N009T3,tuw_flood_extent,2261004,28470,1238.4802,11.388,0.009195,0,0,0,0.5,0.5,5.0,GFM_STAC:GFM,15,15,tuw_flood_extent,
maritsa_harmanli_svilengrad,2026-04-01,2026-04-06,2026-04-06,ENSEMBLE_FLOOD_20260401T161518_VV_EU020M_E060N006T3,tuw_flood_extent,1473858,32496,1382.5063,12.9984,0.009402,0,0,0,0.5,0.5,5.0,GFM_STAC:GFM,70,70,tuw_flood_extent,
tundzha_yambol_elhovo,2026-04-01,2026-04-06,2026-04-06,ENSEMBLE_FLOOD_20260401T042223_VV_EU020M_E060N009T3,tuw_flood_extent,6423608,35268,3785.6972,14.1072,0.003726,0,0,0,0.5,0.5,5.0,GFM_STAC:GFM,35,35,tuw_flood_extent,
arda_kardzhali,2026-04-01,2026-04-06,2026-04-06,ENSEMBLE_FLOOD_20260401T161518_VV_EU020M_E057N006T3,tuw_flood_extent,3047797,3972,1942.2094,1.5888,0.000818,0,0,0,0.5,0.5,5.0,GFM_STAC:GFM,20,20,tuw_flood_extent,
struma_blago_county,2026-04-01,2026-04-06,2026-04-06,ENSEMBLE_FLOOD_20260406T162352_VV_EU020M_E057N009T3,tuw_flood_extent,1593659,44857,2760.7343,17.9428,0.006499,0,0,0,0.5,0.5,5.0,GFM_STAC:GFM,35,35,tuw_flood_extent,
mesta_gotse_delchev,2026-04-01,2026-04-06,2026-04-06,ENSEMBLE_FLOOD_20260406T162327_VV_EU020M_E057N006T3,tuw_flood_extent,3121464,10470,2499.0337,4.188,0.001676,0,0,0,0.5,0.5,5.0,GFM_STAC:GFM,20,20,tuw_flood_extent,
stara_zagora_chirpan,2026-04-01,2026-04-06,2026-04-06,ENSEMBLE_FLOOD_20260406T043046_VV_EU020M_E057N009T3,tuw_flood_extent,1092818,57191,1513.6966,22.8764,0.015113,0,0,0,0.5,0.5,5.0,GFM_STAC:GFM,15,15,tuw_flood_extent,
haskovo_dimitrovgrad,2026-04-01,2026-04-06,2026-04-06,ENSEMBLE_FLOOD_20260401T161543_VV_EU020M_E057N009T3,tuw_flood_extent,817650,21263,1609.809,8.5052,0.005283,0,0,0,0.5,0.5,5.0,GFM_STAC:GFM,35,35,tuw_flood_extent,
sliven_nova_zagora,2026-04-01,2026-04-06,2026-04-06,ENSEMBLE_FLOOD_20260402T160819_VV_EU020M_E060N009T3,tuw_flood_extent,4797076,66473,2737.0942,26.5892,0.009714,0,0,0,0.5,0.5,5.0,GFM_STAC:GFM,17,17,tuw_flood_extent,
pleven_small,2026-04-04,2026-04-09,2026-04-09,ENSEMBLE_FLOOD_20260407T161654_VV_EU020M_E057N009T3,tuw_flood_extent,58260,330,24.9819,0.132,0.005284,0,0,0,0.5,0.5,5.0,GFM_STAC:GFM,16,16,tuw_flood_extent,
pleven_levski,2026-04-04,2026-04-09,2026-04-09,ENSEMBLE_FLOOD_20260408T160733_VV_EU020M_E057N009T3,tuw_flood_extent,534523,45290,1617.3999,18.116,0.011201,0,0,0,0.5,0.5,5.0,GFM_STAC:GFM,16,16,tuw_flood_extent,
danube_belene_svishtov,2026-04-04,2026-04-09,2026-04-09,ENSEMBLE_FLOOD_20260408T160758_VV_EU020M_E057N009T3,tuw_flood_extent,1207668,51249,895.9858,20.4996,0.022879,1,1,1,0.5,0.5,5.0,GFM_STAC:GFM,16,16,tuw_flood_extent,
danube_ruse_slivo_pole,2026-04-04,2026-04-09,2026-04-09,ENSEMBLE_FLOOD_20260408T160758_VV_EU020M_E060N009T3,tuw_flood_extent,1402852,22534,802.7341,9.0136,0.011229,0,0,0,0.5,0.5,5.0,GFM_STAC:GFM,33,33,tuw_flood_extent,
danube_vidin_lom,2026-04-04,2026-04-09,2026-04-09,ENSEMBLE_FLOOD_20260407T161654_VV_EU020M_E057N009T3,tuw_flood_extent,4199411,121512,3013.9774,48.6048,0.016126,0,0,0,0.5,0.5,5.0,GFM_STAC:GFM,16,16,tuw_flood_extent,
danube_kozloduy_oriahovo,2026-04-04,2026-04-09,2026-04-09,ENSEMBLE_FLOOD_20260407T161654_VV_EU020M_E057N009T3,tuw_flood_extent,3992328,123834,2505.6543,49.5336,0.019769,0,0,0,0.5,0.5,5.0,GFM_STAC:GFM,16,16,tuw_flood_extent,
danube_nikopol,2026-04-04,2026-04-09,2026-04-09,ENSEMBLE_FLOOD_20260408T160758_VV_EU020M_E057N009T3,tuw_flood_extent,881731,35779,940.3986,14.3116,0.015219,0,0,0,0.5,0.5,5.0,GFM_STAC:GFM,16,16,tuw_flood_extent,
dobrich_dobrudzha,2026-04-04,2026-04-09,2026-04-09,ENSEMBLE_FLOOD_20260408T160733_VV_EU020M_E060N009T3,tuw_flood_extent,3007393,103608,1795.6435,41.4432,0.02308,1,1,1,0.5,0.5,5.0,GFM_STAC:GFM,17,17,tuw_flood_extent,
silistra_dobrudzha,2026-04-04,2026-04-09,2026-04-09,ENSEMBLE_FLOOD_20260408T160758_VV_EU020M_E060N009T3,tuw_flood_extent,2157487,73251,1225.8887,29.3004,0.023901,1,1,1,0.5,0.5,5.0,GFM_STAC:GFM,17,17,tuw_flood_extent,
shumen_targovishte,2026-04-04,2026-04-09,2026-04-09,ENSEMBLE_FLOOD_20260408T160733_VV_EU020M_E060N009T3,tuw_flood_extent,6854227,183964,3605.9195,73.5856,0.020407,1,1,1,0.5,0.5,5.0,GFM_STAC:GFM,17,17,tuw_flood_extent,
varna_coast,2026-04-04,2026-04-09,2026-04-09,ENSEMBLE_FLOOD_20260408T160733_VV_EU020M_E060N009T3,tuw_flood_extent,2138369,38598,1623.9879,15.4392,0.009507,0,0,0,0.5,0.5,5.0,GFM_STAC:GFM,17,17,tuw_flood_extent,
burgas_coast,2026-04-04,2026-04-09,2026-04-09,ENSEMBLE_FLOOD_20260408T160733_VV_EU020M_E060N009T3,tuw_flood_extent,3377389,161436,3195.7946,64.5744,0.020206,1,1,1,0.5,0.5,5.0,GFM_STAC:GFM,17,17,tuw_flood_extent,
kamchia_river,2026-04-04,2026-04-09,2026-04-09,ENSEMBLE_FLOOD_20260408T160733_VV_EU020M_E060N009T3,tuw_flood_extent,2609298,32228,1904.5852,12.8912,0.006769,0,0,0,0.5,0.5,5.0,GFM_STAC:GFM,17,17,tuw_flood_extent,
sofia_plain_iskar,2026-04-04,2026-04-09,2026-04-09,ENSEMBLE_FLOOD_20260406T162352_VV_EU020M_E057N009T3,tuw_flood_extent,3897919,55514,2182.7518,22.2056,0.010173,0,0,0,0.5,0.5,5.0,GFM_STAC:GFM,16,16,tuw_flood_extent,
iskar_gorge,2026-04-04,2026-04-09,2026-04-09,ENSEMBLE_FLOOD_20260407T161654_VV_EU020M_E057N009T3,tuw_flood_extent,3055023,6085,2034.0846,2.434,0.001197,0,0,0,0.5,0.5,5.0,GFM_STAC:GFM,16,16,tuw_flood_extent,
yantra_veliko_tarnovo,2026-04-04,2026-04-09,2026-04-09,ENSEMBLE_FLOOD_20260408T160733_VV_EU020M_E057N009T3,tuw_flood_extent,3454043,171298,2055.0263,68.5192,0.033342,1,1,1,0.5,0.5,5.0,GFM_STAC:GFM,33,33,tuw_flood_extent,
osam_lovech,2026-04-04,2026-04-09,2026-04-09,ENSEMBLE_FLOOD_20260407T042110_VV_EU020M_E057N009T3,tuw_flood_extent,2277855,28679,1898.4788,11.4716,0.006043,0,0,0,0.5,0.5,5.0,GFM_STAC:GFM,16,16,tuw_flood_extent,
vit_pleven,2026-04-04,2026-04-09,2026-04-09,ENSEMBLE_FLOOD_20260407T161654_VV_EU020M_E057N009T3,tuw_flood_extent,4334821,51382,2048.379,20.5528,0.010034,0,0,0,0.5,0.5,5.0,GFM_STAC:GFM,16,16,tuw_flood_extent,
maritsa_plovdiv,2026-04-04,2026-04-09,2026-04-09,ENSEMBLE_FLOOD_20260406T043046_VV_EU020M_E057N009T3,tuw_flood_extent,1406376,61387,734.4868,24.5548,0.033431,1,1,1,0.5,0.5,5.0,GFM_STAC:GFM,16,16,tuw_flood_extent,
maritsa_pazardzhik,2026-04-04,2026-04-09,2026-04-09,ENSEMBLE_FLOOD_20260406T043046_VV_EU020M_E057N009T3,tuw_flood_extent,2261004,28470,1238.4802,11.388,0.009195,0,0,0,0.5,0.5,5.0,GFM_STAC:GFM,16,16,tuw_flood_extent,
maritsa_harmanli_svilengrad,2026-04-04,2026-04-09,2026-04-09,ENSEMBLE_FLOOD_20260408T160708_VV_EU020M_E060N006T3,tuw_flood_extent,1796479,92164,1382.5063,36.8656,0.026666,1,1,1,0.5,0.5,5.0,GFM_STAC:GFM,71,71,tuw_flood_extent,
tundzha_yambol_elhovo,2026-04-04,2026-04-09,2026-04-09,ENSEMBLE_FLOOD_20260408T160733_VV_EU020M_E060N009T3,tuw_flood_extent,2919188,251628,3785.6972,100.6512,0.026587,1,1,1,0.5,0.5,5.0,GFM_STAC:GFM,36,36,tuw_flood_extent,
arda_kardzhali,2026-04-04,2026-04-09,2026-04-09,ENSEMBLE_FLOOD_20260407T042135_VV_EU020M_E057N006T3,tuw_flood_extent,3197864,15961,1942.2094,6.3844,0.003287,0,0,0,0.5,0.5,5.0,GFM_STAC:GFM,19,19,tuw_flood_extent,
struma_blago_county,2026-04-04,2026-04-09,2026-04-09,ENSEMBLE_FLOOD_20260406T162352_VV_EU020M_E057N009T3,tuw_flood_extent,1593659,44857,2760.7343,17.9428,0.006499,0,0,0,0.5,0.5,5.0,GFM_STAC:GFM,35,35,tuw_flood_extent,
mesta_gotse_delchev,2026-04-04,2026-04-09,2026-04-09,ENSEMBLE_FLOOD_20260407T161629_VV_EU020M_E057N006T3,tuw_flood_extent,3306179,15964,2499.0337,6.3856,0.002555,0,0,0,0.5,0.5,5.0,GFM_STAC:GFM,19,19,tuw_flood_extent,
stara_zagora_chirpan,2026-04-04,2026-04-09,2026-04-09,ENSEMBLE_FLOOD_20260408T160733_VV_EU020M_E057N009T3,tuw_flood_extent,1725375,232386,1513.6966,92.9544,0.061409,1,1,1,0.5,0.5,5.0,GFM_STAC:GFM,16,16,tuw_flood_extent,
haskovo_dimitrovgrad,2026-04-04,2026-04-09,2026-04-09,ENSEMBLE_FLOOD_20260407T042135_VV_EU020M_E057N009T3,tuw_flood_extent,1844824,138380,1609.809,55.352,0.034384,1,1,1,0.5,0.5,5.0,GFM_STAC:GFM,35,35,tuw_flood_extent,
sliven_nova_zagora,2026-04-04,2026-04-09,2026-04-09,ENSEMBLE_FLOOD_20260408T160733_VV_EU020M_E060N009T3,tuw_flood_extent,4666567,538205,2737.0942,215.282,0.078653,1,1,1,0.5,0.5,5.0,GFM_STAC:GFM,17,17,tuw_flood_extent,
pleven_small,2026-04-07,2026-04-12,2026-04-12,ENSEMBLE_FLOOD_20260412T042913_VV_EU020M_E057N009T3,tuw_flood_extent,54533,1493,24.9819,0.5972,0.023905,0,0,0,0.5,0.5,5.0,GFM_STAC:GFM,18,18,tuw_flood_extent,
pleven_levski,2026-04-07,2026-04-12,2026-04-12,ENSEMBLE_FLOOD_20260412T042913_VV_EU020M_E057N009T3,tuw_flood_extent,2710624,133896,1617.3999,53.5584,0.033114,1,1,1,0.5,0.5,5.0,GFM_STAC:GFM,18,18,tuw_flood_extent,
danube_belene_svishtov,2026-04-07,2026-04-12,2026-04-12,ENSEMBLE_FLOOD_20260412T042913_VV_EU020M_E057N009T3,tuw_flood_extent,1602535,55944,895.9858,22.3776,0.024975,1,1,1,0.5,0.5,5.0,GFM_STAC:GFM,18,18,tuw_flood_extent,
danube_ruse_slivo_pole,2026-04-07,2026-04-12,2026-04-12,ENSEMBLE_FLOOD_20260408T160758_VV_EU020M_E060N009T3,tuw_flood_extent,1402852,22534,802.7341,9.0136,0.011229,0,0,0,0.5,0.5,5.0,GFM_STAC:GFM,36,36,tuw_flood_extent,
danube_vidin_lom,2026-04-07,2026-04-12,2026-04-12,ENSEMBLE_FLOOD_20260412T042913_VV_EU020M_E057N009T3,tuw_flood_extent,4973136,436469,3013.9774,174.5876,0.057926,1,1,1,0.5,0.5,5.0,GFM_STAC:GFM,18,18,tuw_flood_extent,
danube_kozloduy_oriahovo,2026-04-07,2026-04-12,2026-04-12,ENSEMBLE_FLOOD_20260412T042913_VV_EU020M_E057N009T3,tuw_flood_extent,4289254,409178,2505.6543,163.6712,0.065321,1,1,1,0.5,0.5,5.0,GFM_STAC:GFM,18,18,tuw_flood_extent,
danube_nikopol,2026-04-07,2026-04-12,2026-04-12,ENSEMBLE_FLOOD_20260412T042913_VV_EU020M_E057N009T3,tuw_flood_extent,1662070,65598,940.3986,26.2392,0.027902,1,1,1,0.5,0.5,5.0,GFM_STAC:GFM,18,18,tuw_flood_extent,
dobrich_dobrudzha,2026-04-07,2026-04-12,2026-04-12,ENSEMBLE_FLOOD_20260408T160733_VV_EU020M_E060N009T3,tuw_flood_extent,3007393,103608,1795.6435,41.4432,0.02308,1,1,1,0.5,0.5,5.0,GFM_STAC:GFM,18,18,tuw_flood_extent,
silistra_dobrudzha,2026-04-07,2026-04-12,2026-04-12,ENSEMBLE_FLOOD_20260408T160758_VV_EU020M_E060N009T3,tuw_flood_extent,2157487,73251,1225.8887,29.3004,0.023901,1,1,1,0.5,0.5,5.0,GFM_STAC:GFM,18,18,tuw_flood_extent,
shumen_targovishte,2026-04-07,2026-04-12,2026-04-12,ENSEMBLE_FLOOD_20260408T160733_VV_EU020M_E060N009T3,tuw_flood_extent,6854227,183964,3605.9195,73.5856,0.020407,1,1,1,0.5,0.5,5.0,GFM_STAC:GFM,18,18,tuw_flood_extent,
varna_coast,2026-04-07,2026-04-12,2026-04-12,ENSEMBLE_FLOOD_20260408T160733_VV_EU020M_E060N009T3,tuw_flood_extent,2138369,38598,1623.9879,15.4392,0.009507,0,0,0,0.5,0.5,5.0,GFM_STAC:GFM,18,18,tuw_flood_extent,
burgas_coast,2026-04-07,2026-04-12,2026-04-12,ENSEMBLE_FLOOD_20260408T160733_VV_EU020M_E060N009T3,tuw_flood_extent,3377389,161436,3195.7946,64.5744,0.020206,1,1,1,0.5,0.5,5.0,GFM_STAC:GFM,18,18,tuw_flood_extent,
kamchia_river,2026-04-07,2026-04-12,2026-04-12,ENSEMBLE_FLOOD_20260408T160733_VV_EU020M_E060N009T3,tuw_flood_extent,2609298,32228,1904.5852,12.8912,0.006769,0,0,0,0.5,0.5,5.0,GFM_STAC:GFM,18,18,tuw_flood_extent,
sofia_plain_iskar,2026-04-07,2026-04-12,2026-04-12,ENSEMBLE_FLOOD_20260412T042938_VV_EU020M_E057N009T3,tuw_flood_extent,3503628,62008,2182.7518,24.8032,0.011363,0,0,0,0.5,0.5,5.0,GFM_STAC:GFM,18,18,tuw_flood_extent,
iskar_gorge,2026-04-07,2026-04-12,2026-04-12,ENSEMBLE_FLOOD_20260412T042938_VV_EU020M_E057N009T3,tuw_flood_extent,2761717,22172,2034.0846,8.8688,0.00436,0,0,0,0.5,0.5,5.0,GFM_STAC:GFM,18,18,tuw_flood_extent,
yantra_veliko_tarnovo,2026-04-07,2026-04-12,2026-04-12,ENSEMBLE_FLOOD_20260408T160733_VV_EU020M_E057N009T3,tuw_flood_extent,3454043,171298,2055.0263,68.5192,0.033342,1,1,1,0.5,0.5,5.0,GFM_STAC:GFM,36,36,tuw_flood_extent,
osam_lovech,2026-04-07,2026-04-12,2026-04-12,ENSEMBLE_FLOOD_20260412T042913_VV_EU020M_E057N009T3,tuw_flood_extent,1215735,46202,1898.4788,18.4808,0.009735,0,0,0,0.5,0.5,5.0,GFM_STAC:GFM,18,18,tuw_flood_extent,
vit_pleven,2026-04-07,2026-04-12,2026-04-12,ENSEMBLE_FLOOD_20260412T042913_VV_EU020M_E057N009T3,tuw_flood_extent,3437452,257966,2048.379,103.1864,0.050375,1,1,1,0.5,0.5,5.0,GFM_STAC:GFM,18,18,tuw_flood_extent,
maritsa_plovdiv,2026-04-07,2026-04-12,2026-04-12,ENSEMBLE_FLOOD_20260412T042938_VV_EU020M_E057N009T3,tuw_flood_extent,1324512,171824,734.4868,68.7296,0.093575,1,1,2,0.5,0.5,5.0,GFM_STAC:GFM,18,18,tuw_flood_extent,
maritsa_pazardzhik,2026-04-07,2026-04-12,2026-04-12,ENSEMBLE_FLOOD_20260412T042938_VV_EU020M_E057N009T3,tuw_flood_extent,2039609,112417,1238.4802,44.9668,0.036308,1,1,1,0.5,0.5,5.0,GFM_STAC:GFM,18,18,tuw_flood_extent,
maritsa_harmanli_svilengrad,2026-04-07,2026-04-12,2026-04-12,ENSEMBLE_FLOOD_20260408T160708_VV_EU020M_E060N006T3,tuw_flood_extent,1796479,92164,1382.5063,36.8656,0.026666,1,1,1,0.5,0.5,5.0,GFM_STAC:GFM,74,74,tuw_flood_extent,
tundzha_yambol_elhovo,2026-04-07,2026-04-12,2026-04-12,ENSEMBLE_FLOOD_20260408T160733_VV_EU020M_E060N009T3,tuw_flood_extent,2919188,251628,3785.6972,100.6512,0.026587,1,1,1,0.5,0.5,5.0,GFM_STAC:GFM,37,37,tuw_flood_extent,
arda_kardzhali,2026-04-07,2026-04-12,2026-04-12,ENSEMBLE_FLOOD_20260407T042135_VV_EU020M_E057N006T3,tuw_flood_extent,3197864,15961,1942.2094,6.3844,0.003287,0,0,0,0.5,0.5,5.0,GFM_STAC:GFM,19,19,tuw_flood_extent,
struma_blago_county,2026-04-07,2026-04-12,2026-04-12,ENSEMBLE_FLOOD_20260407T161629_VV_EU020M_E057N009T3,tuw_flood_extent,369899,37822,2760.7343,15.1288,0.00548,0,0,0,0.5,0.5,5.0,GFM_STAC:GFM,37,37,tuw_flood_extent,
mesta_gotse_delchev,2026-04-07,2026-04-12,2026-04-12,ENSEMBLE_FLOOD_20260407T161629_VV_EU020M_E057N006T3,tuw_flood_extent,3306179,15964,2499.0337,6.3856,0.002555,0,0,0,0.5,0.5,5.0,GFM_STAC:GFM,19,19,tuw_flood_extent,
stara_zagora_chirpan,2026-04-07,2026-04-12,2026-04-12,ENSEMBLE_FLOOD_20260408T160733_VV_EU020M_E057N009T3,tuw_flood_extent,1725375,232386,1513.6966,92.9544,0.061409,1,1,1,0.5,0.5,5.0,GFM_STAC:GFM,18,18,tuw_flood_extent,
haskovo_dimitrovgrad,2026-04-07,2026-04-12,2026-04-12,ENSEMBLE_FLOOD_20260407T042135_VV_EU020M_E057N009T3,tuw_flood_extent,1844824,138380,1609.809,55.352,0.034384,1,1,1,0.5,0.5,5.0,GFM_STAC:GFM,37,37,tuw_flood_extent,
sliven_nova_zagora,2026-04-07,2026-04-12,2026-04-12,ENSEMBLE_FLOOD_20260408T160733_VV_EU020M_E060N009T3,tuw_flood_extent,4666567,538205,2737.0942,215.282,0.078653,1,1,1,0.5,0.5,5.0,GFM_STAC:GFM,18,18,tuw_flood_extent,
pleven_small,2026-04-10,2026-04-15,2026-04-15,ENSEMBLE_FLOOD_20260412T042913_VV_EU020M_E057N009T3,tuw_flood_extent,54533,1493,24.9819,0.5972,0.023905,0,0,0,0.5,0.5,5.0,GFM_STAC:GFM,17,17,tuw_flood_extent,
pleven_levski,2026-04-10,2026-04-15,2026-04-15,ENSEMBLE_FLOOD_20260413T161543_VV_EU020M_E057N009T3,tuw_flood_extent,2187938,163402,1617.3999,65.3608,0.040411,1,1,1,0.5,0.5,5.0,GFM_STAC:GFM,17,17,tuw_flood_extent,
danube_belene_svishtov,2026-04-10,2026-04-15,2026-04-15,ENSEMBLE_FLOOD_20260414T160844_VV_EU020M_E057N009T3,tuw_flood_extent,1296760,75247,895.9858,30.0988,0.033593,1,1,1,0.5,0.5,5.0,GFM_STAC:GFM,17,17,tuw_flood_extent,
danube_ruse_slivo_pole,2026-04-10,2026-04-15,2026-04-15,ENSEMBLE_FLOOD_20260414T160844_VV_EU020M_E060N009T3,tuw_flood_extent,1350590,60535,802.7341,24.214,0.030164,1,1,1,0.5,0.5,5.0,GFM_STAC:GFM,35,35,tuw_flood_extent,
danube_vidin_lom,2026-04-10,2026-04-15,2026-04-15,ENSEMBLE_FLOOD_20260413T161608_VV_EU020M_E057N009T3,tuw_flood_extent,3941412,469313,3013.9774,187.7252,0.062285,1,1,1,0.5,0.5,5.0,GFM_STAC:GFM,17,17,tuw_flood_extent,
danube_kozloduy_oriahovo,2026-04-10,2026-04-15,2026-04-15,ENSEMBLE_FLOOD_20260413T161608_VV_EU020M_E057N009T3,tuw_flood_extent,3721929,435454,2505.6543,174.1816,0.069515,1,1,1,0.5,0.5,5.0,GFM_STAC:GFM,17,17,tuw_flood_extent,
danube_nikopol,2026-04-10,2026-04-15,2026-04-15,ENSEMBLE_FLOOD_20260413T161608_VV_EU020M_E057N009T3,tuw_flood_extent,1734748,66541,940.3986,26.6164,0.028303,1,1,1,0.5,0.5,5.0,GFM_STAC:GFM,17,17,tuw_flood_extent,
dobrich_dobrudzha,2026-04-10,2026-04-15,2026-04-15,ENSEMBLE_FLOOD_20260414T041248_VV_EU020M_E060N009T3,tuw_flood_extent,3516183,749559,1795.6435,299.8236,0.166973,1,1,2,0.5,0.5,5.0,GFM_STAC:GFM,18,18,tuw_flood_extent,
silistra_dobrudzha,2026-04-10,2026-04-15,2026-04-15,ENSEMBLE_FLOOD_20260414T160844_VV_EU020M_E060N009T3,tuw_flood_extent,2157010,211647,1225.8887,84.6588,0.069059,1,1,1,0.5,0.5,5.0,GFM_STAC:GFM,18,18,tuw_flood_extent,
shumen_targovishte,2026-04-10,2026-04-15,2026-04-15,ENSEMBLE_FLOOD_20260414T160844_VV_EU020M_E060N009T3,tuw_flood_extent,6799559,314255,3605.9195,125.702,0.03486,1,1,1,0.5,0.5,5.0,GFM_STAC:GFM,18,18,tuw_flood_extent,
varna_coast,2026-04-10,2026-04-15,2026-04-15,ENSEMBLE_FLOOD_20260414T041248_VV_EU020M_E060N009T3,tuw_flood_extent,2135481,326823,1623.9879,130.7292,0.080499,1,1,2,0.5,0.5,5.0,GFM_STAC:GFM,18,18,tuw_flood_extent,
burgas_coast,2026-04-10,2026-04-15,2026-04-15,ENSEMBLE_FLOOD_20260414T041313_VV_EU020M_E060N009T3,tuw_flood_extent,4082498,297803,3195.7946,119.1212,0.037274,1,1,1,0.5,0.5,5.0,GFM_STAC:GFM,18,18,tuw_flood_extent,
kamchia_river,2026-04-10,2026-04-15,2026-04-15,ENSEMBLE_FLOOD_20260414T041313_VV_EU020M_E060N009T3,tuw_flood_extent,2821844,116279,1904.5852,46.5116,0.024421,1,1,1,0.5,0.5,5.0,GFM_STAC:GFM,18,18,tuw_flood_extent,
sofia_plain_iskar,2026-04-10,2026-04-15,2026-04-15,ENSEMBLE_FLOOD_20260413T161543_VV_EU020M_E057N009T3,tuw_flood_extent,3167087,88715,2182.7518,35.486,0.016257,0,0,0,0.5,0.5,5.0,GFM_STAC:GFM,17,17,tuw_flood_extent,
iskar_gorge,2026-04-10,2026-04-15,2026-04-15,ENSEMBLE_FLOOD_20260412T042938_VV_EU020M_E057N009T3,tuw_flood_extent,2761717,22172,2034.0846,8.8688,0.00436,0,0,0,0.5,0.5,5.0,GFM_STAC:GFM,17,17,tuw_flood_extent,
yantra_veliko_tarnovo,2026-04-10,2026-04-15,2026-04-15,ENSEMBLE_FLOOD_20260414T160844_VV_EU020M_E057N009T3,tuw_flood_extent,3346159,274833,2055.0263,109.9332,0.053495,1,1,1,0.5,0.5,5.0,GFM_STAC:GFM,35,35,tuw_flood_extent,
osam_lovech,2026-04-10,2026-04-15,2026-04-15,ENSEMBLE_FLOOD_20260413T161543_VV_EU020M_E057N009T3,tuw_flood_extent,3913238,109921,1898.4788,43.9684,0.02316,1,1,1,0.5,0.5,5.0,GFM_STAC:GFM,17,17,tuw_flood_extent,
vit_pleven,2026-04-10,2026-04-15,2026-04-15,ENSEMBLE_FLOOD_20260413T161543_VV_EU020M_E057N009T3,tuw_flood_extent,3656762,285762,2048.379,114.3048,0.055803,1,1,1,0.5,0.5,5.0,GFM_STAC:GFM,17,17,tuw_flood_extent,
maritsa_plovdiv,2026-04-10,2026-04-15,2026-04-15,ENSEMBLE_FLOOD_20260412T042938_VV_EU020M_E057N009T3,tuw_flood_extent,1324512,171824,734.4868,68.7296,0.093575,1,1,2,0.5,0.5,5.0,GFM_STAC:GFM,17,17,tuw_flood_extent,
maritsa_pazardzhik,2026-04-10,2026-04-15,2026-04-15,ENSEMBLE_FLOOD_20260413T161543_VV_EU020M_E057N009T3,tuw_flood_extent,2147538,115862,1238.4802,46.3448,0.037421,1,1,1,0.5,0.5,5.0,GFM_STAC:GFM,17,17,tuw_flood_extent,
maritsa_harmanli_svilengrad,2026-04-10,2026-04-15,2026-04-15,ENSEMBLE_FLOOD_20260414T160819_VV_EU020M_E060N006T3,tuw_flood_extent,1732858,138931,1382.5063,55.5724,0.040197,1,1,1,0.5,0.5,5.0,GFM_STAC:GFM,73,73,tuw_flood_extent,
tundzha_yambol_elhovo,2026-04-10,2026-04-15,2026-04-15,ENSEMBLE_FLOOD_20260413T042223_VV_EU020M_E060N009T3,tuw_flood_extent,5942719,538280,3785.6972,215.312,0.056875,1,1,1,0.5,0.5,5.0,GFM_STAC:GFM,36,36,tuw_flood_extent,
arda_kardzhali,2026-04-10,2026-04-15,2026-04-15,ENSEMBLE_FLOOD_20260413T161518_VV_EU020M_E057N006T3,tuw_flood_extent,2987506,27936,1942.2094,11.1744,0.005753,0,0,0,0.5,0.5,5.0,GFM_STAC:GFM,20,20,tuw_flood_extent,
struma_blago_county,2026-04-10,2026-04-15,2026-04-15,ENSEMBLE_FLOOD_20260413T161543_VV_EU020M_E057N009T3,tuw_flood_extent,370679,42896,2760.7343,17.1584,0.006215,0,0,0,0.5,0.5,5.0,GFM_STAC:GFM,37,37,tuw_flood_extent,
mesta_gotse_delchev,2026-04-10,2026-04-15,2026-04-15,ENSEMBLE_FLOOD_20260413T161518_VV_EU020M_E057N006T3,tuw_flood_extent,3184987,23390,2499.0337,9.356,0.003744,0,0,0,0.5,0.5,5.0,GFM_STAC:GFM,20,20,tuw_flood_extent,
stara_zagora_chirpan,2026-04-10,2026-04-15,2026-04-15,ENSEMBLE_FLOOD_20260413T042223_VV_EU020M_E057N009T3,tuw_flood_extent,2949701,501503,1513.6966,200.6012,0.132524,1,1,2,0.5,0.5,5.0,GFM_STAC:GFM,17,17,tuw_flood_extent,
haskovo_dimitrovgrad,2026-04-10,2026-04-15,2026-04-15,ENSEMBLE_FLOOD_20260413T042223_VV_EU020M_E057N009T3,tuw_flood_extent,1800389,290227,1609.809,116.0908,0.072115,1,1,1,0.5,0.5,5.0,GFM_STAC:GFM,37,37,tuw_flood_extent,
sliven_nova_zagora,2026-04-10,2026-04-15,2026-04-15,ENSEMBLE_FLOOD_20260414T160819_VV_EU020M_E060N009T3,tuw_flood_extent,4703628,753967,2737.0942,301.5868,0.110185,1,1,2,0.5,0.5,5.0,GFM_STAC:GFM,18,18,tuw_flood_extent,
pleven_small,2026-04-13,2026-04-18,2026-04-18,ENSEMBLE_FLOOD_20260413T161543_VV_EU020M_E057N009T3,tuw_flood_extent,56941,951,24.9819,0.3804,0.015227,0,0,0,0.5,0.5,5.0,GFM_STAC:GFM,15,15,tuw_flood_extent,
pleven_levski,2026-04-13,2026-04-18,2026-04-18,ENSEMBLE_FLOOD_20260418T043021_VV_EU020M_E057N009T3,tuw_flood_extent,2809944,275078,1617.3999,110.0312,0.06803,1,1,1,0.5,0.5,5.0,GFM_STAC:GFM,15,15,tuw_flood_extent,
danube_belene_svishtov,2026-04-13,2026-04-18,2026-04-18,ENSEMBLE_FLOOD_20260418T043021_VV_EU020M_E057N009T3,tuw_flood_extent,1471755,193027,895.9858,77.2108,0.086174,1,1,2,0.5,0.5,5.0,GFM_STAC:GFM,15,15,tuw_flood_extent,
danube_ruse_slivo_pole,2026-04-13,2026-04-18,2026-04-18,ENSEMBLE_FLOOD_20260414T160844_VV_EU020M_E060N009T3,tuw_flood_extent,1350590,60535,802.7341,24.214,0.030164,1,1,1,0.5,0.5,5.0,GFM_STAC:GFM,32,32,tuw_flood_extent,
danube_vidin_lom,2026-04-13,2026-04-18,2026-04-18,ENSEMBLE_FLOOD_20260418T162418_VV_EU020M_E057N009T3,tuw_flood_extent,5946284,957935,3013.9774,383.174,0.127132,1,1,2,0.5,0.5,5.0,GFM_STAC:GFM,15,15,tuw_flood_extent,
danube_kozloduy_oriahovo,2026-04-13,2026-04-18,2026-04-18,ENSEMBLE_FLOOD_20260418T162418_VV_EU020M_E057N009T3,tuw_flood_extent,2748679,653806,2505.6543,261.5224,0.104373,1,1,2,0.5,0.5,5.0,GFM_STAC:GFM,15,15,tuw_flood_extent,
